text,label,mental_prompt
Can someone please give me some kinds words 😖 I’m feeling really fucked right now. These thoughts are haunting me and I’m in so much pain.,Indicator,"Determine the level of suicide-related content for the individual who made the following statement.
- Answer with one of the following options:
  - ""Indicator""
  - ""Ideation""
  - ""Behavior""
  - ""Attempt""
Statement:"
"i may do it tonight not much to say. i’m lonely, crying, and feel empty numb and void. my body is weak and i feel half way dead already",Indicator,"Determine the level of suicide-related content for the individual who made the following statement.
- Answer with one of the following options:
  - ""Indicator""
  - ""Ideation""
  - ""Behavior""
  - ""Attempt""
Statement:"
"""You need help......"" Fuck that knocked me back. Today Ive been emotional. And then I read those 3 words, 3 simple words. You. Need. Help. Shot me way back, now Im feeling all suicidal again",Ideation,"Determine the level of suicide-related content for the individual who made the following statement.
- Answer with one of the following options:
  - ""Indicator""
  - ""Ideation""
  - ""Behavior""
  - ""Attempt""
Statement:"
" bitch who’s afraid of food and hates her body. I feel like I don’t even deserve to consider suicide because people have pushed through so much worse. 

I’m disgusted with myself, both inside and out.",Ideation,"Determine the level of suicide-related content for the individual who made the following statement.
- Answer with one of the following options:
  - ""Indicator""
  - ""Ideation""
  - ""Behavior""
  - ""Attempt""
Statement:"
"nipulative fuck I thought he was anymore. He's just terrified that he'll have to bury me.
I'm just very frustrated that I cant end it. I dont know if 'suicidal frustration' has been documented before.",Attempt,"Determine the level of suicide-related content for the individual who made the following statement.
- Answer with one of the following options:
  - ""Indicator""
  - ""Ideation""
  - ""Behavior""
  - ""Attempt""
Statement:"
I'm sorry Reddit people who bullied me yesterday and encouraged my will to die im sorry.,Indicator,"Determine the level of suicide-related content for the individual who made the following statement.
- Answer with one of the following options:
  - ""Indicator""
  - ""Ideation""
  - ""Behavior""
  - ""Attempt""
Statement:"
. I was at a good place in life a couple weeks ago but a really bad trip fucked me up for good I think. I ordered 14 grams of dextromethorphan in the mail and I'm taking it all as soon as it gets here,Behavior,"Determine the level of suicide-related content for the individual who made the following statement.
- Answer with one of the following options:
  - ""Indicator""
  - ""Ideation""
  - ""Behavior""
  - ""Attempt""
Statement:"
i wish im dead I never wish to be born. Im so useless. Everything is painful. I give up. I hate everything. I wish im going to kill myself tonight,Behavior,"Determine the level of suicide-related content for the individual who made the following statement.
- Answer with one of the following options:
  - ""Indicator""
  - ""Ideation""
  - ""Behavior""
  - ""Attempt""
Statement:"
" stop asking myself these questions.  
  
I'll be honest, I don't really know why I'm writing this here, and I hope it's not against the subreddit rules. I just needed to get it off my chest, I guess.",Attempt,"Determine the level of suicide-related content for the individual who made the following statement.
- Answer with one of the following options:
  - ""Indicator""
  - ""Ideation""
  - ""Behavior""
  - ""Attempt""
Statement:"
"I am a short man, fat, balding and average - nothing to live for Nothing else to say. Therapists and doctors, family, friends proved useless in 4 years. Hate them all.",Ideation,"Determine the level of suicide-related content for the individual who made the following statement.
- Answer with one of the following options:
  - ""Indicator""
  - ""Ideation""
  - ""Behavior""
  - ""Attempt""
Statement:"
"’ve experienced other kinds of so called mental illness like depression and anxiety. While serious, depression and anxiety are universally experienced and are not as debilitating and life threatening.",Ideation,"Determine the level of suicide-related content for the individual who made the following statement.
- Answer with one of the following options:
  - ""Indicator""
  - ""Ideation""
  - ""Behavior""
  - ""Attempt""
Statement:"
"If not now then when? In a year? 10 years? A month? It doesn't matter, i know how i will go out, i just want to stop feeling like shit 24/7... 
Whats the point of trying if i know I'll die??",Indicator,"Determine the level of suicide-related content for the individual who made the following statement.
- Answer with one of the following options:
  - ""Indicator""
  - ""Ideation""
  - ""Behavior""
  - ""Attempt""
Statement:"
"Acidentaly attempting tonight I cut too deep and too dunk Numb left side of my body. I think this is it,?  ❤️ Just needed to tell someone s xo",Attempt,"Determine the level of suicide-related content for the individual who made the following statement.
- Answer with one of the following options:
  - ""Indicator""
  - ""Ideation""
  - ""Behavior""
  - ""Attempt""
Statement:"
"s. I'd rather not vent to a stranger on a phone since I get phone anxiety, and rather dump this online.

Thanks for reading into my Ted talk, and sorry for my grammar, punctuation and everything else.",Ideation,"Determine the level of suicide-related content for the individual who made the following statement.
- Answer with one of the following options:
  - ""Indicator""
  - ""Ideation""
  - ""Behavior""
  - ""Attempt""
Statement:"
d all I do is lie to get out of it sooner. I’m done with this bullshit all I can say is when I meet my maker if there is even one I’m punching him in the nuts or vag or whatever it carries down there.,Behavior,"Determine the level of suicide-related content for the individual who made the following statement.
- Answer with one of the following options:
  - ""Indicator""
  - ""Ideation""
  - ""Behavior""
  - ""Attempt""
Statement:"
im such a fucking freak kill yourself already you fucking pathetic loser. its sad your not even brave enough to do that,Ideation,"Determine the level of suicide-related content for the individual who made the following statement.
- Answer with one of the following options:
  - ""Indicator""
  - ""Ideation""
  - ""Behavior""
  - ""Attempt""
Statement:"
every night before i sleep i hope that i don’t wake up. ,Ideation,"Determine the level of suicide-related content for the individual who made the following statement.
- Answer with one of the following options:
  - ""Indicator""
  - ""Ideation""
  - ""Behavior""
  - ""Attempt""
Statement:"
"ave them tell me what I feel isn't real. I don't even really want to go at all, but I also know its safe and maybe I need that right now? I feel like I can't even think straight anymore, I don't know.",Ideation,"Determine the level of suicide-related content for the individual who made the following statement.
- Answer with one of the following options:
  - ""Indicator""
  - ""Ideation""
  - ""Behavior""
  - ""Attempt""
Statement:"
"y hobbies. i don’t have the motivation to work hard anymore. i’m failing all of my classes. i can’t find love anymore. i just don’t see it ever getting better. 

goodbye internet. 

i’ll be back soon.",Ideation,"Determine the level of suicide-related content for the individual who made the following statement.
- Answer with one of the following options:
  - ""Indicator""
  - ""Ideation""
  - ""Behavior""
  - ""Attempt""
Statement:"
"nd subtle good byes are all that's going to be left to do soon. There's no help for someone like me, but I hope that some of the people in here that can find help do. When it's over it's over I guess.",Ideation,"Determine the level of suicide-related content for the individual who made the following statement.
- Answer with one of the following options:
  - ""Indicator""
  - ""Ideation""
  - ""Behavior""
  - ""Attempt""
Statement:"
"the favor. Yeah, I'm not owed a damn thing. I'm not interested in any snarky replies. Get enough of that elsewhere. I honestly feel like this will be a waste of time but I figured it was worth a shot.",Ideation,"Determine the level of suicide-related content for the individual who made the following statement.
- Answer with one of the following options:
  - ""Indicator""
  - ""Ideation""
  - ""Behavior""
  - ""Attempt""
Statement:"
"Why Crushing depression, fear of death.

Beatiful cocktail of misery",Ideation,"Determine the level of suicide-related content for the individual who made the following statement.
- Answer with one of the following options:
  - ""Indicator""
  - ""Ideation""
  - ""Behavior""
  - ""Attempt""
Statement:"
 cant do anything social besides online games and i just want to die. I think about doing it more than physically attempting but i just want to die. There is nothing fun and im lonely. I dont know why,Ideation,"Determine the level of suicide-related content for the individual who made the following statement.
- Answer with one of the following options:
  - ""Indicator""
  - ""Ideation""
  - ""Behavior""
  - ""Attempt""
Statement:"
"There's nothing more to life it's all repetitive, same job, same conversation, same fake people, eat, sleep and repeat.

I guess I'm crazy for wanting to end my life. I just want more.",Ideation,"Determine the level of suicide-related content for the individual who made the following statement.
- Answer with one of the following options:
  - ""Indicator""
  - ""Ideation""
  - ""Behavior""
  - ""Attempt""
Statement:"
"Soon 48 paracetamols... should be enough to cause fatal hepatotoxicity. I’ll buy them, soon this bullshit will be over..",Behavior,"Determine the level of suicide-related content for the individual who made the following statement.
- Answer with one of the following options:
  - ""Indicator""
  - ""Ideation""
  - ""Behavior""
  - ""Attempt""
Statement:"
The worst thing about healthcare is that they try to talk you out of suicide rather than address the issues that lead you to see everything in black. ,Indicator,"Determine the level of suicide-related content for the individual who made the following statement.
- Answer with one of the following options:
  - ""Indicator""
  - ""Ideation""
  - ""Behavior""
  - ""Attempt""
Statement:"
"ind, but sometimes my anxiety makes me feel like I'm worse than Hitler and that the only way for me to atone for my various wrongdoings over the years is to blow my brains out. What do you guys think?",Indicator,"Determine the level of suicide-related content for the individual who made the following statement.
- Answer with one of the following options:
  - ""Indicator""
  - ""Ideation""
  - ""Behavior""
  - ""Attempt""
Statement:"
ee if they can help me but i just dont want to waste anyones time. I dont know what im expecting from posting this but i just need to tell someone as this is driving back to  extreme suicidal thoughts,Ideation,"Determine the level of suicide-related content for the individual who made the following statement.
- Answer with one of the following options:
  - ""Indicator""
  - ""Ideation""
  - ""Behavior""
  - ""Attempt""
Statement:"
"nothing anyone can do to bring her back.

Why do I go on? you may ask....

only for other people. 

My life has begun only to be lived for other people. And I'm tired.

***I think its time to rest.***",Ideation,"Determine the level of suicide-related content for the individual who made the following statement.
- Answer with one of the following options:
  - ""Indicator""
  - ""Ideation""
  - ""Behavior""
  - ""Attempt""
Statement:"
us to see it.                         Sorry for my broken  English I was trying to learn to be fluent before the pandemic but this is all I can get.  Hope to see you in the other side if there is one.,Ideation,"Determine the level of suicide-related content for the individual who made the following statement.
- Answer with one of the following options:
  - ""Indicator""
  - ""Ideation""
  - ""Behavior""
  - ""Attempt""
Statement:"
"lse feel this way?

I don’t love the idea of killing myself but this is no way to live life. Every day I am in pain and I fear this is beginning to rub off on those around me. I don’t know what to do.",Ideation,"Determine the level of suicide-related content for the individual who made the following statement.
- Answer with one of the following options:
  - ""Indicator""
  - ""Ideation""
  - ""Behavior""
  - ""Attempt""
Statement:"
please pretty alone 22yo employed by the government talk anyone?,Indicator,"Determine the level of suicide-related content for the individual who made the following statement.
- Answer with one of the following options:
  - ""Indicator""
  - ""Ideation""
  - ""Behavior""
  - ""Attempt""
Statement:"
"I don’t wanna live anymore It’s just not fair, I don’t wanna fucking live. My life is a fucking shit show",Ideation,"Determine the level of suicide-related content for the individual who made the following statement.
- Answer with one of the following options:
  - ""Indicator""
  - ""Ideation""
  - ""Behavior""
  - ""Attempt""
Statement:"
I wanna slit my wrists so bad ,Behavior,"Determine the level of suicide-related content for the individual who made the following statement.
- Answer with one of the following options:
  - ""Indicator""
  - ""Ideation""
  - ""Behavior""
  - ""Attempt""
Statement:"
the universe is huge and my life at 14 already sucks yo m thinking on diazepam which should leave me in a coma and i will do it in my swimming pool so i finally end everything,Behavior,"Determine the level of suicide-related content for the individual who made the following statement.
- Answer with one of the following options:
  - ""Indicator""
  - ""Ideation""
  - ""Behavior""
  - ""Attempt""
Statement:"
"uly want to die and just have them understand, to just have someone to tell it to. 

All that doing this so called ""suicide prevention"" will do is make me less likely to ever actually try to get help.",Ideation,"Determine the level of suicide-related content for the individual who made the following statement.
- Answer with one of the following options:
  - ""Indicator""
  - ""Ideation""
  - ""Behavior""
  - ""Attempt""
Statement:"
"Today, the amount I want to die is unlike anything I’ve ever experienced before I can’t even cry or get angry. I’m just in awe that this sort of feeling exists.",Ideation,"Determine the level of suicide-related content for the individual who made the following statement.
- Answer with one of the following options:
  - ""Indicator""
  - ""Ideation""
  - ""Behavior""
  - ""Attempt""
Statement:"
"pts than i can count and i just don’t know what to do or why i just can’t be normal. even with all of the people around me who genuinely care about me, i just feel so alone. i just want it all to end.",Ideation,"Determine the level of suicide-related content for the individual who made the following statement.
- Answer with one of the following options:
  - ""Indicator""
  - ""Ideation""
  - ""Behavior""
  - ""Attempt""
Statement:"
"y sister that she wishes I was there on her wedding day. I want to go but they'll be destroyed. What do I do? How do I tell them that this was purely my choice, that not one thing could've stopped me?",Behavior,"Determine the level of suicide-related content for the individual who made the following statement.
- Answer with one of the following options:
  - ""Indicator""
  - ""Ideation""
  - ""Behavior""
  - ""Attempt""
Statement:"
"No one cares No one cares if I kill myself abs they do, they’ll get over it eventually. People die. That’s life. I don’t matter.",Ideation,"Determine the level of suicide-related content for the individual who made the following statement.
- Answer with one of the following options:
  - ""Indicator""
  - ""Ideation""
  - ""Behavior""
  - ""Attempt""
Statement:"
:( i’ve taken 600mg zoloft today and my head hurts and i’m rly nauseous i’m probably gonna take more bc i know that isn’t enough:(  it probably won’t work but please i hope it does,Attempt,"Determine the level of suicide-related content for the individual who made the following statement.
- Answer with one of the following options:
  - ""Indicator""
  - ""Ideation""
  - ""Behavior""
  - ""Attempt""
Statement:"
"If I tie something super tightly around my neck, will it kill me if I leave it on for long enough? I tried this before back in December but I pussied out",Attempt,"Determine the level of suicide-related content for the individual who made the following statement.
- Answer with one of the following options:
  - ""Indicator""
  - ""Ideation""
  - ""Behavior""
  - ""Attempt""
Statement:"
There's no point in trying anymore I may as well overdose,Attempt,"Determine the level of suicide-related content for the individual who made the following statement.
- Answer with one of the following options:
  - ""Indicator""
  - ""Ideation""
  - ""Behavior""
  - ""Attempt""
Statement:"
"struggling with eating disorder. currently home alone for the next couple days as my roommates are traveling for the holidays. been binge eating or getting high to try to be okay.

I feel like a ghost",Indicator,"Determine the level of suicide-related content for the individual who made the following statement.
- Answer with one of the following options:
  - ""Indicator""
  - ""Ideation""
  - ""Behavior""
  - ""Attempt""
Statement:"
"ll need to wait another 480 days until I'm able to. But I can't wait any more. Each day I've been more tempted to just grab a kitchen knife and do it there.

Where the fuck did everything go so wrong?",Behavior,"Determine the level of suicide-related content for the individual who made the following statement.
- Answer with one of the following options:
  - ""Indicator""
  - ""Ideation""
  - ""Behavior""
  - ""Attempt""
Statement:"
"derstand where the logic surpasses this but I can't reason with it. I want to go get my cat, bc I trust his judgment but I feel sick to my stomach and genuine terror. I'm not quite sure what to do rn.",Ideation,"Determine the level of suicide-related content for the individual who made the following statement.
- Answer with one of the following options:
  - ""Indicator""
  - ""Ideation""
  - ""Behavior""
  - ""Attempt""
Statement:"
"lowly going downhill with no way back up, i kind of feel like maybe i should give up eventually and be done with it all, well glad i could have a little rant here anyway, sorry if this bothers anyone.",Ideation,"Determine the level of suicide-related content for the individual who made the following statement.
- Answer with one of the following options:
  - ""Indicator""
  - ""Ideation""
  - ""Behavior""
  - ""Attempt""
Statement:"
"Why? Ive made a post before, 7 upvotes, no one in the Comments. Why should i live? Give me a reason to be here.",Ideation,"Determine the level of suicide-related content for the individual who made the following statement.
- Answer with one of the following options:
  - ""Indicator""
  - ""Ideation""
  - ""Behavior""
  - ""Attempt""
Statement:"
Feeling real vulnerable tonight. It's one of those scary nights you dont trust yourself to make it through. The seconds feeling like hours tonight.,Indicator,"Determine the level of suicide-related content for the individual who made the following statement.
- Answer with one of the following options:
  - ""Indicator""
  - ""Ideation""
  - ""Behavior""
  - ""Attempt""
Statement:"
.” I went to hospital and they told me there’s nothing they can do. I’ve been on a waiting list for therapy and I can’t wait any longer. What else can I do? I tried everything. Yet death terrifies me.,Ideation,"Determine the level of suicide-related content for the individual who made the following statement.
- Answer with one of the following options:
  - ""Indicator""
  - ""Ideation""
  - ""Behavior""
  - ""Attempt""
Statement:"
" do this anymore, I want to feel relief again. I want to know this will pass the panic and desperation feels endless. I feel so unprepared for exams and my first one is tomorrow, I just want to end it",Ideation,"Determine the level of suicide-related content for the individual who made the following statement.
- Answer with one of the following options:
  - ""Indicator""
  - ""Ideation""
  - ""Behavior""
  - ""Attempt""
Statement:"
" topic for all of my conversations with anyone, that I cannot do my job well, that I am a total failure. Just makes me wonder if it would be easier to stop bothering everyone. I don’t know what to do.",Indicator,"Determine the level of suicide-related content for the individual who made the following statement.
- Answer with one of the following options:
  - ""Indicator""
  - ""Ideation""
  - ""Behavior""
  - ""Attempt""
Statement:"
Zopiclone is my only answer now No reason to live. Everyone left me and I'm alone like i feared. Just what i deserve. I haven't even got someone to call. Everything is gone. I'm a fuckup,Ideation,"Determine the level of suicide-related content for the individual who made the following statement.
- Answer with one of the following options:
  - ""Indicator""
  - ""Ideation""
  - ""Behavior""
  - ""Attempt""
Statement:"
Guys talking about their feelings. The saddest joke I know.,Indicator,"Determine the level of suicide-related content for the individual who made the following statement.
- Answer with one of the following options:
  - ""Indicator""
  - ""Ideation""
  - ""Behavior""
  - ""Attempt""
Statement:"
I don't want to die I can't stop these thoughts right now. They just keep looping over and over again. I don't want to die.,Ideation,"Determine the level of suicide-related content for the individual who made the following statement.
- Answer with one of the following options:
  - ""Indicator""
  - ""Ideation""
  - ""Behavior""
  - ""Attempt""
Statement:"
" to be out of this and I wish I could just sleep for now but I can't. I want to disappear. I do not want to exist anymore. Sorry for the total drivel, I'm so angry/down right now and I needed to vent.",Ideation,"Determine the level of suicide-related content for the individual who made the following statement.
- Answer with one of the following options:
  - ""Indicator""
  - ""Ideation""
  - ""Behavior""
  - ""Attempt""
Statement:"
"Are we all just doomed? Like, is this all life will be, depressed, suicidal, suffering until the inevitable death by our own hands? ",Ideation,"Determine the level of suicide-related content for the individual who made the following statement.
- Answer with one of the following options:
  - ""Indicator""
  - ""Ideation""
  - ""Behavior""
  - ""Attempt""
Statement:"
"I just want someone to understand me, to talk to me, to let me know I'm not alone. That's all.",Indicator,"Determine the level of suicide-related content for the individual who made the following statement.
- Answer with one of the following options:
  - ""Indicator""
  - ""Ideation""
  - ""Behavior""
  - ""Attempt""
Statement:"
"t... what do i do? im way too nervous to call a line or get help, and honestly im not sure i trust myself to get help anyways. i feel awful and i dont know what to do about it. what is the first step?",Ideation,"Determine the level of suicide-related content for the individual who made the following statement.
- Answer with one of the following options:
  - ""Indicator""
  - ""Ideation""
  - ""Behavior""
  - ""Attempt""
Statement:"
I picked a death date it’ll be over the summer I got 3 months to go but by that time I’ll have so much more fuel and reason to go I always knew this was my destiny dreams do come true after all ,Behavior,"Determine the level of suicide-related content for the individual who made the following statement.
- Answer with one of the following options:
  - ""Indicator""
  - ""Ideation""
  - ""Behavior""
  - ""Attempt""
Statement:"
"Same old same old I don’t see a point in venting anymore nothing actually changes 

Plus everyone’s advice is mostly the same useless shite that has no meaning",Indicator,"Determine the level of suicide-related content for the individual who made the following statement.
- Answer with one of the following options:
  - ""Indicator""
  - ""Ideation""
  - ""Behavior""
  - ""Attempt""
Statement:"
"Just took every tablet in my house, will someone please talk to me while I wait for it to take affect? All of a sudden I just feel so intensely alone.",Attempt,"Determine the level of suicide-related content for the individual who made the following statement.
- Answer with one of the following options:
  - ""Indicator""
  - ""Ideation""
  - ""Behavior""
  - ""Attempt""
Statement:"
" go on with this anymore, nothing is helping, I just need someone to talk to, if anyone is available. I don’t know if I’ll respond often I’m sorry if I don’t, I can’t carry out conversation very well.",Ideation,"Determine the level of suicide-related content for the individual who made the following statement.
- Answer with one of the following options:
  - ""Indicator""
  - ""Ideation""
  - ""Behavior""
  - ""Attempt""
Statement:"
to die but i don’t know what the fuck else to do anymore. I’m literally lifeless and i feel i have no choice. This is so scary to me but so at peace with knowing I’ll be at peace. I don’t want to die.,Ideation,"Determine the level of suicide-related content for the individual who made the following statement.
- Answer with one of the following options:
  - ""Indicator""
  - ""Ideation""
  - ""Behavior""
  - ""Attempt""
Statement:"
I'm alone ,Indicator,"Determine the level of suicide-related content for the individual who made the following statement.
- Answer with one of the following options:
  - ""Indicator""
  - ""Ideation""
  - ""Behavior""
  - ""Attempt""
Statement:"
"r ripped as I was pulling her back, but I did manage to pull her back. 

If the strongest woman I know can’t take life anymore, then there really isn’t much hope for me, despite me making it this far.",Ideation,"Determine the level of suicide-related content for the individual who made the following statement.
- Answer with one of the following options:
  - ""Indicator""
  - ""Ideation""
  - ""Behavior""
  - ""Attempt""
Statement:"
Hey. You know the drill. I want to die so please talk to me Thats it,Ideation,"Determine the level of suicide-related content for the individual who made the following statement.
- Answer with one of the following options:
  - ""Indicator""
  - ""Ideation""
  - ""Behavior""
  - ""Attempt""
Statement:"
the only thing i feel now is pain ,Indicator,"Determine the level of suicide-related content for the individual who made the following statement.
- Answer with one of the following options:
  - ""Indicator""
  - ""Ideation""
  - ""Behavior""
  - ""Attempt""
Statement:"
re for nothing. That's 13 hours I could've spent working on my senior thesis. I can't fucking do anything right. At least I hope that when I jump down this staircase I'll finally accomplish something.,Behavior,"Determine the level of suicide-related content for the individual who made the following statement.
- Answer with one of the following options:
  - ""Indicator""
  - ""Ideation""
  - ""Behavior""
  - ""Attempt""
Statement:"
I have suicidal thoughts but I don't want to die. Is that a strange contradiction? ,Ideation,"Determine the level of suicide-related content for the individual who made the following statement.
- Answer with one of the following options:
  - ""Indicator""
  - ""Ideation""
  - ""Behavior""
  - ""Attempt""
Statement:"
"Ibuprofen Overdose... To anyone that's either survived an ibuprofen overdose or know what it feels like, describe to me how much pain it caused.",Indicator,"Determine the level of suicide-related content for the individual who made the following statement.
- Answer with one of the following options:
  - ""Indicator""
  - ""Ideation""
  - ""Behavior""
  - ""Attempt""
Statement:"
"he pain in numb now, but that’s nothing new.

I plan on doing it in the tub, there will be less of a mess.

I’m sorry to those who cared about me, but you must understand its for the best.

Thank You.",Ideation,"Determine the level of suicide-related content for the individual who made the following statement.
- Answer with one of the following options:
  - ""Indicator""
  - ""Ideation""
  - ""Behavior""
  - ""Attempt""
Statement:"
"ause I know what it's like to be treated like such shit. 
I feel like the used and abused older dog at the pet rescue center being passed over for a brand new puppy. And again I can't even blame them.",Ideation,"Determine the level of suicide-related content for the individual who made the following statement.
- Answer with one of the following options:
  - ""Indicator""
  - ""Ideation""
  - ""Behavior""
  - ""Attempt""
Statement:"
I don't think life is worth living without love and I don't think I'll ever be loved. Am I really supposed to live through decades more of feeling everything so much?,Ideation,"Determine the level of suicide-related content for the individual who made the following statement.
- Answer with one of the following options:
  - ""Indicator""
  - ""Ideation""
  - ""Behavior""
  - ""Attempt""
Statement:"
"n't know how long I can cope with this anymore, especially with schools re-opening, knowing my teachers will be very hard on us because of on-line school. I need help and I can't get it from anywhere.",Ideation,"Determine the level of suicide-related content for the individual who made the following statement.
- Answer with one of the following options:
  - ""Indicator""
  - ""Ideation""
  - ""Behavior""
  - ""Attempt""
Statement:"
"I pop hydros and pretend I’m dying as I drift off to sleep listening to my favorite depressing music Mostly Xxxtentacion, lil peep, mac",Indicator,"Determine the level of suicide-related content for the individual who made the following statement.
- Answer with one of the following options:
  - ""Indicator""
  - ""Ideation""
  - ""Behavior""
  - ""Attempt""
Statement:"
"Tomorrows the day I have planed nice walk in swamp and then just lay in - 15C snow and peacefully go away.

I think its good end.",Behavior,"Determine the level of suicide-related content for the individual who made the following statement.
- Answer with one of the following options:
  - ""Indicator""
  - ""Ideation""
  - ""Behavior""
  - ""Attempt""
Statement:"
"very small and people can't hear it well. 

""Then don't die""

If it was that easy, I won't suffer.... 

I just want to be gone from this world

like pressing a button and disappearing. 

I'm tired....",Behavior,"Determine the level of suicide-related content for the individual who made the following statement.
- Answer with one of the following options:
  - ""Indicator""
  - ""Ideation""
  - ""Behavior""
  - ""Attempt""
Statement:"
My first attempt will be my last. . I promise you.,Indicator,"Determine the level of suicide-related content for the individual who made the following statement.
- Answer with one of the following options:
  - ""Indicator""
  - ""Ideation""
  - ""Behavior""
  - ""Attempt""
Statement:"
I’m terrified My parents would be devastated. I’m their only child and family. I can’t leave them but I can’t keep going.,Indicator,"Determine the level of suicide-related content for the individual who made the following statement.
- Answer with one of the following options:
  - ""Indicator""
  - ""Ideation""
  - ""Behavior""
  - ""Attempt""
Statement:"
" is making me suicidal. I have only been to Tanzania once when I was young, I don't know how i will communicate with people, how will I survive. At times I just feel like suicide is the better option.",Ideation,"Determine the level of suicide-related content for the individual who made the following statement.
- Answer with one of the following options:
  - ""Indicator""
  - ""Ideation""
  - ""Behavior""
  - ""Attempt""
Statement:"
Notifying How will everyone be notified when I die? I’m jumping into the river tonight. Will it be like I just disappeared?,Behavior,"Determine the level of suicide-related content for the individual who made the following statement.
- Answer with one of the following options:
  - ""Indicator""
  - ""Ideation""
  - ""Behavior""
  - ""Attempt""
Statement:"
"arguments with myself. On top of that I have severe anxiety about the fact that I have no passions or talents or interests, so when I get out of school in two years I’ll be going nowhere with my life.",Ideation,"Determine the level of suicide-related content for the individual who made the following statement.
- Answer with one of the following options:
  - ""Indicator""
  - ""Ideation""
  - ""Behavior""
  - ""Attempt""
Statement:"
"Nothing has felt right since you left; You broke what was left of me me and now I don't have the energy to try to piece myselfff back together..
Thanks..
Thanks for nothing",Ideation,"Determine the level of suicide-related content for the individual who made the following statement.
- Answer with one of the following options:
  - ""Indicator""
  - ""Ideation""
  - ""Behavior""
  - ""Attempt""
Statement:"
y do not carry the guilt or sadness of the suicide victim. They seem to not want to feel temporary pain over someone doing so they would rather the person experiencing immense pain continue to suffer.,Ideation,"Determine the level of suicide-related content for the individual who made the following statement.
- Answer with one of the following options:
  - ""Indicator""
  - ""Ideation""
  - ""Behavior""
  - ""Attempt""
Statement:"
"verything that makes me miserable but here I am, lonely, drunk and with another shot waitig for me next to an aspirin. I want to be dead, but also I don't wanna die. I just wish someone could help me.",Ideation,"Determine the level of suicide-related content for the individual who made the following statement.
- Answer with one of the following options:
  - ""Indicator""
  - ""Ideation""
  - ""Behavior""
  - ""Attempt""
Statement:"
Death People make me not want to live anymore there are no more honest good people only selfish assholes who pretend to care about you I have nothing to give anymore I give up,Ideation,"Determine the level of suicide-related content for the individual who made the following statement.
- Answer with one of the following options:
  - ""Indicator""
  - ""Ideation""
  - ""Behavior""
  - ""Attempt""
Statement:"
Checking in Think of checking myself into a hospital tonight. I am beginning to realize I’m really not okay.,Indicator,"Determine the level of suicide-related content for the individual who made the following statement.
- Answer with one of the following options:
  - ""Indicator""
  - ""Ideation""
  - ""Behavior""
  - ""Attempt""
Statement:"
"nothing matters there isn't a single reason not to go through with it
I'll be dead so why worry about anything else ",Indicator,"Determine the level of suicide-related content for the individual who made the following statement.
- Answer with one of the following options:
  - ""Indicator""
  - ""Ideation""
  - ""Behavior""
  - ""Attempt""
Statement:"
"I wish I wasn’t real I’m such a slave to my failures, my head is too fucked up to be real, i cant be here, I don’t make sense",Indicator,"Determine the level of suicide-related content for the individual who made the following statement.
- Answer with one of the following options:
  - ""Indicator""
  - ""Ideation""
  - ""Behavior""
  - ""Attempt""
Statement:"
"ly tiring when even that person who you thought that was your best friend, is starting to play down my depression and my (unsolvable) InsaneParents' mental ill treating and take it as a fucking joke. ",Ideation,"Determine the level of suicide-related content for the individual who made the following statement.
- Answer with one of the following options:
  - ""Indicator""
  - ""Ideation""
  - ""Behavior""
  - ""Attempt""
Statement:"
I procrastinate so much it’s making me feel so fucking useless ,Indicator,"Determine the level of suicide-related content for the individual who made the following statement.
- Answer with one of the following options:
  - ""Indicator""
  - ""Ideation""
  - ""Behavior""
  - ""Attempt""
Statement:"
"d. Guess i dont really feel suicidal anymore, at least for now. Dont know what to think or do after this. Not even sure why i posted this. Dont think im looking for help, i certainly never was before.",Behavior,"Determine the level of suicide-related content for the individual who made the following statement.
- Answer with one of the following options:
  - ""Indicator""
  - ""Ideation""
  - ""Behavior""
  - ""Attempt""
Statement:"
"ve to go out and make your own purpose, but of course, when you are severely depressed, just getting out of bed can be an overwhelming effort.

Any suggestions / perspective would be much appreciated.",Attempt,"Determine the level of suicide-related content for the individual who made the following statement.
- Answer with one of the following options:
  - ""Indicator""
  - ""Ideation""
  - ""Behavior""
  - ""Attempt""
Statement:"
" anymore. I say it about a 100 times a day; I've had enough, I'm fed up, I don't want to do it anymore. What will it take for me to actually put an end to all this bullshit? I just want it to be over.",Indicator,"Determine the level of suicide-related content for the individual who made the following statement.
- Answer with one of the following options:
  - ""Indicator""
  - ""Ideation""
  - ""Behavior""
  - ""Attempt""
Statement:"
I haven't changed myseld in the last 25 years and I won't change in the following. I'll just do the same shit every single day until I die of some illness.,Indicator,"Determine the level of suicide-related content for the individual who made the following statement.
- Answer with one of the following options:
  - ""Indicator""
  - ""Ideation""
  - ""Behavior""
  - ""Attempt""
Statement:"
"If you only had 24 hours left to live, how would you spend it? ",Indicator,"Determine the level of suicide-related content for the individual who made the following statement.
- Answer with one of the following options:
  - ""Indicator""
  - ""Ideation""
  - ""Behavior""
  - ""Attempt""
Statement:"
What's the cleanest way to do this without leaving a mess for whoever finds you? ,Indicator,"Determine the level of suicide-related content for the individual who made the following statement.
- Answer with one of the following options:
  - ""Indicator""
  - ""Ideation""
  - ""Behavior""
  - ""Attempt""
Statement:"
"every single day is a battle i'm going to lose one of these days, still fighting it",Indicator,"Determine the level of suicide-related content for the individual who made the following statement.
- Answer with one of the following options:
  - ""Indicator""
  - ""Ideation""
  - ""Behavior""
  - ""Attempt""
Statement:"
ght now. I’m scared I’ll never get out of this room. I’m scared people will just stop caring. I’m scared all my friends are getting tired of worrying about me. I feel like I don’t deserve to be alive.,Ideation,"Determine the level of suicide-related content for the individual who made the following statement.
- Answer with one of the following options:
  - ""Indicator""
  - ""Ideation""
  - ""Behavior""
  - ""Attempt""
Statement:"
"question I want to hang myself, how can I do it in a studio apartment? What kind of rope will I need?",Behavior,"Determine the level of suicide-related content for the individual who made the following statement.
- Answer with one of the following options:
  - ""Indicator""
  - ""Ideation""
  - ""Behavior""
  - ""Attempt""
Statement:"
"emic started. i truly have no motivation to keep on living other than i dont want my family to be sad.

ill do it when im fed up of this. 

dont worry, im good rn. 
just needed to get it off my chest.",Ideation,"Determine the level of suicide-related content for the individual who made the following statement.
- Answer with one of the following options:
  - ""Indicator""
  - ""Ideation""
  - ""Behavior""
  - ""Attempt""
Statement:"
"ave no solid sense of self. I'm always becoming other people. It's like a curse. 

Whatever I say, it's empty. I get up for a while but the wave sweeping above my head is always higher and stronger :(",Ideation,"Determine the level of suicide-related content for the individual who made the following statement.
- Answer with one of the following options:
  - ""Indicator""
  - ""Ideation""
  - ""Behavior""
  - ""Attempt""
Statement:"
Trying again with hydroxyzine Benadryl didn't work out but I have 3000mg of Atarax so we'll see what that does because I'd like to die now and not slowly and painfully from my eating disorder.,Attempt,"Determine the level of suicide-related content for the individual who made the following statement.
- Answer with one of the following options:
  - ""Indicator""
  - ""Ideation""
  - ""Behavior""
  - ""Attempt""
Statement:"
i want to die its really not worth living anymore,Ideation,"Determine the level of suicide-related content for the individual who made the following statement.
- Answer with one of the following options:
  - ""Indicator""
  - ""Ideation""
  - ""Behavior""
  - ""Attempt""
Statement:"
"or me, but I'm sure that'd be rather difficult to find nowadays. Anyway, let me know if you come up with anything. I want something relatively bloodless but sure-fire way to die regardless. Thank you.",Behavior,"Determine the level of suicide-related content for the individual who made the following statement.
- Answer with one of the following options:
  - ""Indicator""
  - ""Ideation""
  - ""Behavior""
  - ""Attempt""
Statement:"
"e about random basic things to feel a little less alone and depressed right now. To at least pretend that I have a friend. If you want to, PM me please. I’m 21, I’m not malicious I’m just fucking sad.",Indicator,"Determine the level of suicide-related content for the individual who made the following statement.
- Answer with one of the following options:
  - ""Indicator""
  - ""Ideation""
  - ""Behavior""
  - ""Attempt""
Statement:"
"pls help I just need someone to care. I cant care anymore, my capacity is always full",Indicator,"Determine the level of suicide-related content for the individual who made the following statement.
- Answer with one of the following options:
  - ""Indicator""
  - ""Ideation""
  - ""Behavior""
  - ""Attempt""
Statement:"
my eyelids are heavy and i pray i never lift them again. ,Ideation,"Determine the level of suicide-related content for the individual who made the following statement.
- Answer with one of the following options:
  - ""Indicator""
  - ""Ideation""
  - ""Behavior""
  - ""Attempt""
Statement:"
"nce and I just wanted to end it there so my girlfriend wouldn't find my body. Just never could work up the courage to do it.

A year ago. I'm no better now. I still want to do it. This life is a joke.",Attempt,"Determine the level of suicide-related content for the individual who made the following statement.
- Answer with one of the following options:
  - ""Indicator""
  - ""Ideation""
  - ""Behavior""
  - ""Attempt""
Statement:"
"Anyone tried overdosing on coke? Did you suffer? I’m thinking to have alcohol with it maybe, like a lot of it.",Ideation,"Determine the level of suicide-related content for the individual who made the following statement.
- Answer with one of the following options:
  - ""Indicator""
  - ""Ideation""
  - ""Behavior""
  - ""Attempt""
Statement:"
"I promised my mom I would never kill myself, but If one day I didn't wake up, well I guess it wouldn't be so bad. ",Ideation,"Determine the level of suicide-related content for the individual who made the following statement.
- Answer with one of the following options:
  - ""Indicator""
  - ""Ideation""
  - ""Behavior""
  - ""Attempt""
Statement:"
"mpted anything yet. But I still have moments where it seems like the only option, it’s just this thought creeping in the back of my mind that I can’t get rid of. 

I don’t know what to do. I’m scared.",Ideation,"Determine the level of suicide-related content for the individual who made the following statement.
- Answer with one of the following options:
  - ""Indicator""
  - ""Ideation""
  - ""Behavior""
  - ""Attempt""
Statement:"
I’m going to blow my head off if these voices and dreams don’t stop waking me up at night and make me remember things I want gone. ,Behavior,"Determine the level of suicide-related content for the individual who made the following statement.
- Answer with one of the following options:
  - ""Indicator""
  - ""Ideation""
  - ""Behavior""
  - ""Attempt""
Statement:"
can you overdose on homeopathic medication welll i took some a buch i dibr know what’s going to happen,Attempt,"Determine the level of suicide-related content for the individual who made the following statement.
- Answer with one of the following options:
  - ""Indicator""
  - ""Ideation""
  - ""Behavior""
  - ""Attempt""
Statement:"
"if hell is real, this is what I’d imagine it to be What if I’m being punished for a past life and just don’t know it? This can’t be my real life....I must have already lived it.",Indicator,"Determine the level of suicide-related content for the individual who made the following statement.
- Answer with one of the following options:
  - ""Indicator""
  - ""Ideation""
  - ""Behavior""
  - ""Attempt""
Statement:"
Im scared I already wrote a note,Indicator,"Determine the level of suicide-related content for the individual who made the following statement.
- Answer with one of the following options:
  - ""Indicator""
  - ""Ideation""
  - ""Behavior""
  - ""Attempt""
Statement:"
I’m the kind of person that if I died no one would care ,Ideation,"Determine the level of suicide-related content for the individual who made the following statement.
- Answer with one of the following options:
  - ""Indicator""
  - ""Ideation""
  - ""Behavior""
  - ""Attempt""
Statement:"
Fuck I’ve fucked up,Indicator,"Determine the level of suicide-related content for the individual who made the following statement.
- Answer with one of the following options:
  - ""Indicator""
  - ""Ideation""
  - ""Behavior""
  - ""Attempt""
Statement:"
". knowing i'll die someday, by suicide or by something else, makes me feel better and calmer",Indicator,"Determine the level of suicide-related content for the individual who made the following statement.
- Answer with one of the following options:
  - ""Indicator""
  - ""Ideation""
  - ""Behavior""
  - ""Attempt""
Statement:"
I don't have a method to kill myself yet but I've been cutting myself everyday to hold me over until I eventually get my license so I can drive to a bridge or a freeway overpass. ,Behavior,"Determine the level of suicide-related content for the individual who made the following statement.
- Answer with one of the following options:
  - ""Indicator""
  - ""Ideation""
  - ""Behavior""
  - ""Attempt""
Statement:"
", n i hate that they will be pained by my death. i wish they wouldnt care about me at all so i could just go.

if u read this far, i'm sorry it's so long. once i started writing i couldnt really stop.",Ideation,"Determine the level of suicide-related content for the individual who made the following statement.
- Answer with one of the following options:
  - ""Indicator""
  - ""Ideation""
  - ""Behavior""
  - ""Attempt""
Statement:"
ford helium or nitrogen right now but I'm also too broke to fix my broken down car to even get anything going for myself as far as work or so and I just feel so fucking stuck. I don't know what to do.,Ideation,"Determine the level of suicide-related content for the individual who made the following statement.
- Answer with one of the following options:
  - ""Indicator""
  - ""Ideation""
  - ""Behavior""
  - ""Attempt""
Statement:"
"ust that i’ve never been validated in my life, and then suddenly i was looked at like i was a disgusting burden for feeling the way i do. the switch just fucked me up really bad.

thanks for listening",Ideation,"Determine the level of suicide-related content for the individual who made the following statement.
- Answer with one of the following options:
  - ""Indicator""
  - ""Ideation""
  - ""Behavior""
  - ""Attempt""
Statement:"
.. I’m at the end and it is... it is all on me... they say the pain lives on in your loved ones what if you explain is there ever an understanding like “okay I understand why you chose that route...?”,Ideation,"Determine the level of suicide-related content for the individual who made the following statement.
- Answer with one of the following options:
  - ""Indicator""
  - ""Ideation""
  - ""Behavior""
  - ""Attempt""
Statement:"
", i tried therapy. Im sick and tired. Im annoying my friends and start to resent them for being happy and getting their shit together. Im just drowning in my pool of shit and hopelessness. I want out.",Behavior,"Determine the level of suicide-related content for the individual who made the following statement.
- Answer with one of the following options:
  - ""Indicator""
  - ""Ideation""
  - ""Behavior""
  - ""Attempt""
Statement:"
I’m tired I’m so tired of being yelled at and being treated like this I’m just tired of living I always feel dumb I want to die already,Ideation,"Determine the level of suicide-related content for the individual who made the following statement.
- Answer with one of the following options:
  - ""Indicator""
  - ""Ideation""
  - ""Behavior""
  - ""Attempt""
Statement:"
"i was scared, but i'm not anymore. i was scared too cut too deep, but now i'm scared to not cut deep enough...",Indicator,"Determine the level of suicide-related content for the individual who made the following statement.
- Answer with one of the following options:
  - ""Indicator""
  - ""Ideation""
  - ""Behavior""
  - ""Attempt""
Statement:"
"Ngl, if i kill myself now, its gonna be from curiousity. Like da fuq is on the other side? big mystery. so have been really tempted to off myself to find out recently",Ideation,"Determine the level of suicide-related content for the individual who made the following statement.
- Answer with one of the following options:
  - ""Indicator""
  - ""Ideation""
  - ""Behavior""
  - ""Attempt""
Statement:"
my mother to tell me it'll be okay. Why couldn't I get even that? Idc if no one responds I'm just on the verge of trying to slash my wrists and die even though I know it's painful idc just want an end,Behavior,"Determine the level of suicide-related content for the individual who made the following statement.
- Answer with one of the following options:
  - ""Indicator""
  - ""Ideation""
  - ""Behavior""
  - ""Attempt""
Statement:"
"Would 520mgs of fluoxetine kill me I’m 5’2, 180lbs and took fluoxetine 520mgs what will it do",Behavior,"Determine the level of suicide-related content for the individual who made the following statement.
- Answer with one of the following options:
  - ""Indicator""
  - ""Ideation""
  - ""Behavior""
  - ""Attempt""
Statement:"
Can I PLEASE vent to someone about my problems that drive me to suicide ,Ideation,"Determine the level of suicide-related content for the individual who made the following statement.
- Answer with one of the following options:
  - ""Indicator""
  - ""Ideation""
  - ""Behavior""
  - ""Attempt""
Statement:"
tw// suicide notes does anyone else draft their suicide notes? like i have a letter for 9 people in my computer right now. all about 2-3 pages in length. ready to go when i am. ahhhhhh,Behavior,"Determine the level of suicide-related content for the individual who made the following statement.
- Answer with one of the following options:
  - ""Indicator""
  - ""Ideation""
  - ""Behavior""
  - ""Attempt""
Statement:"
I want to crack 12 eggs into my mouth I’m allergic to eggs. I hope I can suffocate and die.,Behavior,"Determine the level of suicide-related content for the individual who made the following statement.
- Answer with one of the following options:
  - ""Indicator""
  - ""Ideation""
  - ""Behavior""
  - ""Attempt""
Statement:"
" posting this here hoping that you find it Leyan and Elena. i failed you both, i hope neither of you have died and i hope you can forgive me for how bad it must have hurt when i disappeared. 

\-Raven",Ideation,"Determine the level of suicide-related content for the individual who made the following statement.
- Answer with one of the following options:
  - ""Indicator""
  - ""Ideation""
  - ""Behavior""
  - ""Attempt""
Statement:"
I would do anything to have a gun in my hands right now. ,Ideation,"Determine the level of suicide-related content for the individual who made the following statement.
- Answer with one of the following options:
  - ""Indicator""
  - ""Ideation""
  - ""Behavior""
  - ""Attempt""
Statement:"
Even though how much she loved me and I loved her I have to learn to carry on and not get depressed yea it is tough after being with her 7 years but what else can you do that's LIFE!!!! ,Indicator,"Determine the level of suicide-related content for the individual who made the following statement.
- Answer with one of the following options:
  - ""Indicator""
  - ""Ideation""
  - ""Behavior""
  - ""Attempt""
Statement:"
"do I control that?! 
This is scaring me.
I feel cowardly in doing the act and cowardly in not.

I understand this pain is temporary but it feels so intense. 

Im not sure how long I can deal with this",Ideation,"Determine the level of suicide-related content for the individual who made the following statement.
- Answer with one of the following options:
  - ""Indicator""
  - ""Ideation""
  - ""Behavior""
  - ""Attempt""
Statement:"
" in a car accident the other day... I haven’t felt this way in years... I was doing so well, but now I genuinely just don’t wanna get up in the morning, or shower, or eat, or exist really. Any advice?",Behavior,"Determine the level of suicide-related content for the individual who made the following statement.
- Answer with one of the following options:
  - ""Indicator""
  - ""Ideation""
  - ""Behavior""
  - ""Attempt""
Statement:"
"I am insufferable That’s why I only have one friend. 


I should leave him too, because he’ll be better off without me.",Indicator,"Determine the level of suicide-related content for the individual who made the following statement.
- Answer with one of the following options:
  - ""Indicator""
  - ""Ideation""
  - ""Behavior""
  - ""Attempt""
Statement:"
"tick it in my mouth and blow my fucking brains out right now. Nothing excites me not even a 20m dollar inheritance, that literally just makes me want to die even fucking more . How can I hire a hitman",Behavior,"Determine the level of suicide-related content for the individual who made the following statement.
- Answer with one of the following options:
  - ""Indicator""
  - ""Ideation""
  - ""Behavior""
  - ""Attempt""
Statement:"
 Ugly on the outside and possibly the inside. I’m tired of people walking away from me and always feeling so alone. I wonder what what was it that I’ve done to deserve this and I wish I can disappear.,Ideation,"Determine the level of suicide-related content for the individual who made the following statement.
- Answer with one of the following options:
  - ""Indicator""
  - ""Ideation""
  - ""Behavior""
  - ""Attempt""
Statement:"
"afterwards, you don't get anything out of it. You just carry on with your dreary existence and wait for nature to reclaim you. Yes death may not be ideal but life is totally not worth all the efforts.",Ideation,"Determine the level of suicide-related content for the individual who made the following statement.
- Answer with one of the following options:
  - ""Indicator""
  - ""Ideation""
  - ""Behavior""
  - ""Attempt""
Statement:"
"disappear i trusted again



i want to die. i want to die. i have to die. how do i keep making these mistakes. let me die.",Ideation,"Determine the level of suicide-related content for the individual who made the following statement.
- Answer with one of the following options:
  - ""Indicator""
  - ""Ideation""
  - ""Behavior""
  - ""Attempt""
Statement:"
"if I only done it in August she wouldn’t be hurt. The longer I go on the more people I’ll hurt with this.

I’m not worth anything.

Not to even mention the gender stuff
I think it’s time for me to out",Ideation,"Determine the level of suicide-related content for the individual who made the following statement.
- Answer with one of the following options:
  - ""Indicator""
  - ""Ideation""
  - ""Behavior""
  - ""Attempt""
Statement:"
I just want ppl to hear my last words I don't understand why my posts disappeared when it said they are live! I just ppl to hear me the last time,Ideation,"Determine the level of suicide-related content for the individual who made the following statement.
- Answer with one of the following options:
  - ""Indicator""
  - ""Ideation""
  - ""Behavior""
  - ""Attempt""
Statement:"
e over me wanting to see a doctor about my health before I get the vaccine. I don’t have anyone. I just don’t see the point in continuing on. I’m worthless and just a bitch. I have no purpose in life.,Indicator,"Determine the level of suicide-related content for the individual who made the following statement.
- Answer with one of the following options:
  - ""Indicator""
  - ""Ideation""
  - ""Behavior""
  - ""Attempt""
Statement:"
Cope What activity or thing significantly helps you cope with suicidal thoughts?,Ideation,"Determine the level of suicide-related content for the individual who made the following statement.
- Answer with one of the following options:
  - ""Indicator""
  - ""Ideation""
  - ""Behavior""
  - ""Attempt""
Statement:"
" on my thoughts is because I have someone close to me who is a wonderful, kind person, and I couldn't ever put that burden on them. 

Sorry this is so long, and thanks if you took the time to read it.",Ideation,"Determine the level of suicide-related content for the individual who made the following statement.
- Answer with one of the following options:
  - ""Indicator""
  - ""Ideation""
  - ""Behavior""
  - ""Attempt""
Statement:"
"when I first started, and I don't blame them. Problem is, i don't know what else I could do. I need the money so I can't quit. Every time I come back from work I want to kill myself, everything sucks.",Ideation,"Determine the level of suicide-related content for the individual who made the following statement.
- Answer with one of the following options:
  - ""Indicator""
  - ""Ideation""
  - ""Behavior""
  - ""Attempt""
Statement:"
Want a quick painless way to end it I have been thinking about this for a while and im at the last point i have access to everything but a gun.,Behavior,"Determine the level of suicide-related content for the individual who made the following statement.
- Answer with one of the following options:
  - ""Indicator""
  - ""Ideation""
  - ""Behavior""
  - ""Attempt""
Statement:"
" far doesnt look like things will. ive been depressed for 8 years, ive attempted lots of times, all failed, but my latest one was the closest i ever got. its been 6 months since that attempt. so yeah.",Ideation,"Determine the level of suicide-related content for the individual who made the following statement.
- Answer with one of the following options:
  - ""Indicator""
  - ""Ideation""
  - ""Behavior""
  - ""Attempt""
Statement:"
" myself is not the right thing to do, and this probably acts as a cry for help; why I should listen to that voice, I have not been able to find a reason given my logic above.

Thanks, have a good day.",Ideation,"Determine the level of suicide-related content for the individual who made the following statement.
- Answer with one of the following options:
  - ""Indicator""
  - ""Ideation""
  - ""Behavior""
  - ""Attempt""
Statement:"
"I don’t want to take any more medication I really don’t, i just wanna die",Ideation,"Determine the level of suicide-related content for the individual who made the following statement.
- Answer with one of the following options:
  - ""Indicator""
  - ""Ideation""
  - ""Behavior""
  - ""Attempt""
Statement:"
I want to die but I’m too scared to Jill myself. Terrible predicament. Deal with it every FUCKING DAY. I hate myself so much.,Ideation,"Determine the level of suicide-related content for the individual who made the following statement.
- Answer with one of the following options:
  - ""Indicator""
  - ""Ideation""
  - ""Behavior""
  - ""Attempt""
Statement:"
"m knowing it might as well be my last.

Ive planned it all out, this is just a way of dying, knowing somebody noticed, and i feel cared about and worth it for the last few seconds i can ever memorize.",Behavior,"Determine the level of suicide-related content for the individual who made the following statement.
- Answer with one of the following options:
  - ""Indicator""
  - ""Ideation""
  - ""Behavior""
  - ""Attempt""
Statement:"
"he’s in a worse place than I am now. I go though long periods of time just thinking of how I’d kill myself, why, and what happened afterwards and how after a few months nobody would remember me at all",Ideation,"Determine the level of suicide-related content for the individual who made the following statement.
- Answer with one of the following options:
  - ""Indicator""
  - ""Ideation""
  - ""Behavior""
  - ""Attempt""
Statement:"
"orrow, if it goes badly idk what I’ll do. I’ve been having problems with depression and suicidal thoughts for a while, I’m on medicine... but this is too much. My life will go from on track to ruined.",Ideation,"Determine the level of suicide-related content for the individual who made the following statement.
- Answer with one of the following options:
  - ""Indicator""
  - ""Ideation""
  - ""Behavior""
  - ""Attempt""
Statement:"
I will end up committing a massacre or maybe just slaying myself,Ideation,"Determine the level of suicide-related content for the individual who made the following statement.
- Answer with one of the following options:
  - ""Indicator""
  - ""Ideation""
  - ""Behavior""
  - ""Attempt""
Statement:"
"f I wanted to die I would have already jumped, maybe that’s true. But I can’t help it. 

I go hoping I’ll gain the courage or maybe, just maybe someone will stop me and someone will show me they care.",Ideation,"Determine the level of suicide-related content for the individual who made the following statement.
- Answer with one of the following options:
  - ""Indicator""
  - ""Ideation""
  - ""Behavior""
  - ""Attempt""
Statement:"
posed him and I feel awful but he’s so forgiving in loving but I’m beating myself up a lot. I’m just tired of being a mess up and want everything to stop. Sorry this is all over the place I’m venting.,Ideation,"Determine the level of suicide-related content for the individual who made the following statement.
- Answer with one of the following options:
  - ""Indicator""
  - ""Ideation""
  - ""Behavior""
  - ""Attempt""
Statement:"
"I never had a friend I never had a real social interaction with someone at my age 

I get bullied since I was a child and I am now 16 and decided that soon I will end my life",Behavior,"Determine the level of suicide-related content for the individual who made the following statement.
- Answer with one of the following options:
  - ""Indicator""
  - ""Ideation""
  - ""Behavior""
  - ""Attempt""
Statement:"
"Can I die by taking 27, 20mg fluoxetine tablets ",Behavior,"Determine the level of suicide-related content for the individual who made the following statement.
- Answer with one of the following options:
  - ""Indicator""
  - ""Ideation""
  - ""Behavior""
  - ""Attempt""
Statement:"
" I also worry I just shouldn’t have a job teaching kids if I’m still cycling like this and prone to psychotic symptoms (I have visual hallucinations and occasionally delusions).

Anyone got any ideas?",Ideation,"Determine the level of suicide-related content for the individual who made the following statement.
- Answer with one of the following options:
  - ""Indicator""
  - ""Ideation""
  - ""Behavior""
  - ""Attempt""
Statement:"
"I just want to spill everything out, but stay strong to those who need a friend. ",Indicator,"Determine the level of suicide-related content for the individual who made the following statement.
- Answer with one of the following options:
  - ""Indicator""
  - ""Ideation""
  - ""Behavior""
  - ""Attempt""
Statement:"
"’t i? After having my girlfriend of 2 years lost feelings for me because i became toxic, it’s made me notice that i have nothing and no one, i have no purpose to live nor do i see a purpose of living.",Behavior,"Determine the level of suicide-related content for the individual who made the following statement.
- Answer with one of the following options:
  - ""Indicator""
  - ""Ideation""
  - ""Behavior""
  - ""Attempt""
Statement:"
Can someone please talk to me I can’t do this anymore,Ideation,"Determine the level of suicide-related content for the individual who made the following statement.
- Answer with one of the following options:
  - ""Indicator""
  - ""Ideation""
  - ""Behavior""
  - ""Attempt""
Statement:"
"ater"" and ""i called it was busy "" jjust making me feel a littl bit of hope only to slam the door on my fucking face i dont know how long im gonna be able to keep myself from jumping infront of a train",Ideation,"Determine the level of suicide-related content for the individual who made the following statement.
- Answer with one of the following options:
  - ""Indicator""
  - ""Ideation""
  - ""Behavior""
  - ""Attempt""
Statement:"
"I just lost everything in life. He said ""Go do it I don't care"" So ig imma do it? Wow really can't believe it. Thanks to all the good people, doing good things in life. Especially in a time like this.",Indicator,"Determine the level of suicide-related content for the individual who made the following statement.
- Answer with one of the following options:
  - ""Indicator""
  - ""Ideation""
  - ""Behavior""
  - ""Attempt""
Statement:"
Even when I have so much to live for I want to die so badly Why does it hurt so much to be alive?,Ideation,"Determine the level of suicide-related content for the individual who made the following statement.
- Answer with one of the following options:
  - ""Indicator""
  - ""Ideation""
  - ""Behavior""
  - ""Attempt""
Statement:"
"Hurting I wish suicide was painless, by painless I don’t only mean for me but for those around me too. That’s the only thing stopping me. I’m so fucking tired",Ideation,"Determine the level of suicide-related content for the individual who made the following statement.
- Answer with one of the following options:
  - ""Indicator""
  - ""Ideation""
  - ""Behavior""
  - ""Attempt""
Statement:"
Just a lonely old woman wanting to die ,Ideation,"Determine the level of suicide-related content for the individual who made the following statement.
- Answer with one of the following options:
  - ""Indicator""
  - ""Ideation""
  - ""Behavior""
  - ""Attempt""
Statement:"
"How do I kill myself Please, just tell me, I don’t want any talk about

I mean, I’m probably not going to do it today or anytime soon but I just need to know for the future so I won’t have to ask",Behavior,"Determine the level of suicide-related content for the individual who made the following statement.
- Answer with one of the following options:
  - ""Indicator""
  - ""Ideation""
  - ""Behavior""
  - ""Attempt""
Statement:"
"na see my daughters grow up, I can’t stop crying... I’m a 36 yr old man that can’t cope with his own mistakes. Why won’t god talk to me? I cry out for him to show me a solution. Will anyone read this?",Ideation,"Determine the level of suicide-related content for the individual who made the following statement.
- Answer with one of the following options:
  - ""Indicator""
  - ""Ideation""
  - ""Behavior""
  - ""Attempt""
Statement:"
"ng day all I feel is worthlessness,rage , and most of all sadness I just want to kill myself. Any fucking thing I do I fail at and disappoint my family. I just want to end it all but am too scared to.",Ideation,"Determine the level of suicide-related content for the individual who made the following statement.
- Answer with one of the following options:
  - ""Indicator""
  - ""Ideation""
  - ""Behavior""
  - ""Attempt""
Statement:"
chool) and I’m very sick of it. I was socially inept for the longest time ever because people would just ignore me. Girls and guys. I hate my life. I’ve lost all my sanity and I don’t know what to do.,Ideation,"Determine the level of suicide-related content for the individual who made the following statement.
- Answer with one of the following options:
  - ""Indicator""
  - ""Ideation""
  - ""Behavior""
  - ""Attempt""
Statement:"
I have had a horrible day. Sometimes I wonder if people would be sad if I died...,Ideation,"Determine the level of suicide-related content for the individual who made the following statement.
- Answer with one of the following options:
  - ""Indicator""
  - ""Ideation""
  - ""Behavior""
  - ""Attempt""
Statement:"
"All I Feel Is Extreme Hate For Everyone And Everything. Fuck everyone in my life the just used me, you fuckers, I hope you all die, but its not like my time here isn't coming close to an end.",Ideation,"Determine the level of suicide-related content for the individual who made the following statement.
- Answer with one of the following options:
  - ""Indicator""
  - ""Ideation""
  - ""Behavior""
  - ""Attempt""
Statement:"
I'm so weak I cut myself on almost a daily basis I hate myself n I don't have any power to stop I'm so fucking weak,Behavior,"Determine the level of suicide-related content for the individual who made the following statement.
- Answer with one of the following options:
  - ""Indicator""
  - ""Ideation""
  - ""Behavior""
  - ""Attempt""
Statement:"
I have to keep living No matter how traumatic this can get,Indicator,"Determine the level of suicide-related content for the individual who made the following statement.
- Answer with one of the following options:
  - ""Indicator""
  - ""Ideation""
  - ""Behavior""
  - ""Attempt""
Statement:"
"I need someone to talk to, I'm feeling really down ; ( ",Indicator,"Determine the level of suicide-related content for the individual who made the following statement.
- Answer with one of the following options:
  - ""Indicator""
  - ""Ideation""
  - ""Behavior""
  - ""Attempt""
Statement:"
"I cut too deep and bruised my vein Title says it all, I'm dumb and cut with a razor
Sliced into my forearm and it's turned black around the veins",Attempt,"Determine the level of suicide-related content for the individual who made the following statement.
- Answer with one of the following options:
  - ""Indicator""
  - ""Ideation""
  - ""Behavior""
  - ""Attempt""
Statement:"
I realized noone likes me No one. I have zero friends for 7 years. Only my 4 family member. If I die from covid noone gonna realize it. I am zero in society. No one likes me.,Indicator,"Determine the level of suicide-related content for the individual who made the following statement.
- Answer with one of the following options:
  - ""Indicator""
  - ""Ideation""
  - ""Behavior""
  - ""Attempt""
Statement:"
I need help I took a bunch of 3 mg xans and been hitting my opium pen doubt I'll die but damn life seriously blows why do people get mad when we decide to off our own life's.?,Attempt,"Determine the level of suicide-related content for the individual who made the following statement.
- Answer with one of the following options:
  - ""Indicator""
  - ""Ideation""
  - ""Behavior""
  - ""Attempt""
Statement:"
"somewhere external. It comes from favourable circumstances. Life isn't about making something happen, it's about taking opportunities that come to you, and I feel like none have come to me except one.",Ideation,"Determine the level of suicide-related content for the individual who made the following statement.
- Answer with one of the following options:
  - ""Indicator""
  - ""Ideation""
  - ""Behavior""
  - ""Attempt""
Statement:"
ow that in therapy that your suppose to be able to vent about your problems privately and without any judgement but is it a bad thing if my family that cares for you knows about my suicidal thoughts??,Ideation,"Determine the level of suicide-related content for the individual who made the following statement.
- Answer with one of the following options:
  - ""Indicator""
  - ""Ideation""
  - ""Behavior""
  - ""Attempt""
Statement:"
"I’m so lonely You wouldn’t think not having had friends for a year would kill anyone, but lately I’ve been thinking about it and I don’t know what to do",Ideation,"Determine the level of suicide-related content for the individual who made the following statement.
- Answer with one of the following options:
  - ""Indicator""
  - ""Ideation""
  - ""Behavior""
  - ""Attempt""
Statement:"
"e of pills and drift off into a never ending sleep. away from loneliness, away from pain. tranquility forever. i don’t want to do this any longer. what’s the point? is this really a life worth living?",Behavior,"Determine the level of suicide-related content for the individual who made the following statement.
- Answer with one of the following options:
  - ""Indicator""
  - ""Ideation""
  - ""Behavior""
  - ""Attempt""
Statement:"
"e his own life. I know this will devastate you to no end. And maybe im being selfish for that. But I just cant endure the pain no more.  Its unbearable. 



Dad im so sorry and hope you'll forgive me.",Ideation,"Determine the level of suicide-related content for the individual who made the following statement.
- Answer with one of the following options:
  - ""Indicator""
  - ""Ideation""
  - ""Behavior""
  - ""Attempt""
Statement:"
"Stop please I can’t even do work, be productive, stay hydrated without having intrusive thoughts CONSTANTLY compulsions, rage outbursts, followed by depressive episodes just want my life to end",Ideation,"Determine the level of suicide-related content for the individual who made the following statement.
- Answer with one of the following options:
  - ""Indicator""
  - ""Ideation""
  - ""Behavior""
  - ""Attempt""
Statement:"
Help please I have a lot of people in my life and I cant disappoint them. Help me please.,Indicator,"Determine the level of suicide-related content for the individual who made the following statement.
- Answer with one of the following options:
  - ""Indicator""
  - ""Ideation""
  - ""Behavior""
  - ""Attempt""
Statement:"
"one if I did it. 

I try so hard to be only good and radiate happiness but my past is still there. I’m still just a burden. I can be as kind as I want but they’ll always see me the way I am. 
Nothing.",Ideation,"Determine the level of suicide-related content for the individual who made the following statement.
- Answer with one of the following options:
  - ""Indicator""
  - ""Ideation""
  - ""Behavior""
  - ""Attempt""
Statement:"
"What to do? I am thinking about death. Every damn day. I want to get help and die at the same time.  My mom thinks,that psychologist solves every problem. But I don’t think so. I really need help.",Ideation,"Determine the level of suicide-related content for the individual who made the following statement.
- Answer with one of the following options:
  - ""Indicator""
  - ""Ideation""
  - ""Behavior""
  - ""Attempt""
Statement:"
"depressed for a reason, I deserve it. I know I suck, everyone who cares to see it knows that I suck, I wish someone would kick my door down and slit my fucking throat and leave my corpse there to rot.",Ideation,"Determine the level of suicide-related content for the individual who made the following statement.
- Answer with one of the following options:
  - ""Indicator""
  - ""Ideation""
  - ""Behavior""
  - ""Attempt""
Statement:"
"ughed and went to karaoke. I Remember that being my first attempt this year, fifth attempt over all. My second attempt would be in April, but I'm not ready to talk about that one yet. I still feel it.",Attempt,"Determine the level of suicide-related content for the individual who made the following statement.
- Answer with one of the following options:
  - ""Indicator""
  - ""Ideation""
  - ""Behavior""
  - ""Attempt""
Statement:"
"t in front of the computer.

I'm a worthless piece of shit. I'm so weak. I'm a waste of oxygen. I'll never experience a relationship in person. Only joy I get is from sleeping. Wish I'd never wake up.",Ideation,"Determine the level of suicide-related content for the individual who made the following statement.
- Answer with one of the following options:
  - ""Indicator""
  - ""Ideation""
  - ""Behavior""
  - ""Attempt""
Statement:"
An old man told me I’d live until 100 and I silently laughed I find it funny when people assume things you’ll do in life when you secretly know you won’t be around much longer,Indicator,"Determine the level of suicide-related content for the individual who made the following statement.
- Answer with one of the following options:
  - ""Indicator""
  - ""Ideation""
  - ""Behavior""
  - ""Attempt""
Statement:"
"I'm going to end my life this Weekend I've tried to hang myself, tried sleeping pills but nothing worked. I'm going to throw myself under a train.",Behavior,"Determine the level of suicide-related content for the individual who made the following statement.
- Answer with one of the following options:
  - ""Indicator""
  - ""Ideation""
  - ""Behavior""
  - ""Attempt""
Statement:"
"r to be a good person than a godawful one

I know all of this seems super childish but it really does make me suicidal because I’m just so over this world’s toxicity. It’s so sickening and I’m over it",Ideation,"Determine the level of suicide-related content for the individual who made the following statement.
- Answer with one of the following options:
  - ""Indicator""
  - ""Ideation""
  - ""Behavior""
  - ""Attempt""
Statement:"
really have a phone anymore (to call the hotline). i just feel like i don't got anyone to talk too. maybe i'm just being dramatic but could someone just tell me to stop or some shit just feel so alone,Attempt,"Determine the level of suicide-related content for the individual who made the following statement.
- Answer with one of the following options:
  - ""Indicator""
  - ""Ideation""
  - ""Behavior""
  - ""Attempt""
Statement:"
"I think about suicide all the time I think about suicide all the time this year because I find life to be long painful and meaningless I'm just watching time pass ,maybe I should end it all",Ideation,"Determine the level of suicide-related content for the individual who made the following statement.
- Answer with one of the following options:
  - ""Indicator""
  - ""Ideation""
  - ""Behavior""
  - ""Attempt""
Statement:"
"ant to go life a shot. But the mental fight on daily anxiety and depression, is one, you don’t win without being very very strong. And I just don’t think I’ve got the energy to be that strong anymore.",Behavior,"Determine the level of suicide-related content for the individual who made the following statement.
- Answer with one of the following options:
  - ""Indicator""
  - ""Ideation""
  - ""Behavior""
  - ""Attempt""
Statement:"
Last night was almost it Last night I almost did it. I have the start of the cut on my wrist but i couldn't do it. Does anyone want to talk for a bit?,Behavior,"Determine the level of suicide-related content for the individual who made the following statement.
- Answer with one of the following options:
  - ""Indicator""
  - ""Ideation""
  - ""Behavior""
  - ""Attempt""
Statement:"
 I think about this so much that I can’t handle it well and I truly don’t want to live another day in this body. Every day seeing my wrists and hands and thin body is a day I feel closer to ending it.,Ideation,"Determine the level of suicide-related content for the individual who made the following statement.
- Answer with one of the following options:
  - ""Indicator""
  - ""Ideation""
  - ""Behavior""
  - ""Attempt""
Statement:"
I have found peace in my end I have made my final decision and am just finishing up some things to make it easier on my family. I am calmer and happier than I have been in years.,Ideation,"Determine the level of suicide-related content for the individual who made the following statement.
- Answer with one of the following options:
  - ""Indicator""
  - ""Ideation""
  - ""Behavior""
  - ""Attempt""
Statement:"
What happens if you fail a suicide attempt and get caught? Do you get sent away somewhere? I know it depends on the circumstances but I'm confused and I want to know,Ideation,"Determine the level of suicide-related content for the individual who made the following statement.
- Answer with one of the following options:
  - ""Indicator""
  - ""Ideation""
  - ""Behavior""
  - ""Attempt""
Statement:"
", it's my head, ufff I feel like when I get something out of my system it makes it easier to handle, and analyze what's stopping me even if it's fictional (most of our problems), thank you for reading",Indicator,"Determine the level of suicide-related content for the individual who made the following statement.
- Answer with one of the following options:
  - ""Indicator""
  - ""Ideation""
  - ""Behavior""
  - ""Attempt""
Statement:"
lol god damn am i lonely nobody fucking cares till i say im going to do it. Nobody cares ever. Im such a spoiled piece of shit pls fucking end me before the day. pls,Ideation,"Determine the level of suicide-related content for the individual who made the following statement.
- Answer with one of the following options:
  - ""Indicator""
  - ""Ideation""
  - ""Behavior""
  - ""Attempt""
Statement:"
"Stop abusing people and animals I don't need the deep web. Reddit is it. So many  sad and horrible stories. 

Don't abuse people or animals. That is IT.",Indicator,"Determine the level of suicide-related content for the individual who made the following statement.
- Answer with one of the following options:
  - ""Indicator""
  - ""Ideation""
  - ""Behavior""
  - ""Attempt""
Statement:"
2 late I wasted my youth. I wasted my 20's. The past 10 years feels like a groundhog day of nothing,Indicator,"Determine the level of suicide-related content for the individual who made the following statement.
- Answer with one of the following options:
  - ""Indicator""
  - ""Ideation""
  - ""Behavior""
  - ""Attempt""
Statement:"
"I might fail. My mom did this before and then my brother make fun of her and said she did it for attention. If I fail, maybe he’ll say the same thing about me.

Fuck fuck fuck fuck fuck fuck fuck FUCK",Ideation,"Determine the level of suicide-related content for the individual who made the following statement.
- Answer with one of the following options:
  - ""Indicator""
  - ""Ideation""
  - ""Behavior""
  - ""Attempt""
Statement:"
I want to kill myself. But I feel guilty and scared of pain at the same time too.,Ideation,"Determine the level of suicide-related content for the individual who made the following statement.
- Answer with one of the following options:
  - ""Indicator""
  - ""Ideation""
  - ""Behavior""
  - ""Attempt""
Statement:"
anyone wanna chat for a while? I can’t sleep but I feel like shit and wanna talk to someone. Idc about age or gender but I’m 16M if you do,Indicator,"Determine the level of suicide-related content for the individual who made the following statement.
- Answer with one of the following options:
  - ""Indicator""
  - ""Ideation""
  - ""Behavior""
  - ""Attempt""
Statement:"
"This is my last night. Just a few more hours and I’ll be done. I can just say, thank you. Everyone. This sub is full of great and brave people.",Behavior,"Determine the level of suicide-related content for the individual who made the following statement.
- Answer with one of the following options:
  - ""Indicator""
  - ""Ideation""
  - ""Behavior""
  - ""Attempt""
Statement:"
"I have nothing to say except I just genuinely want to die but I’m scared that’s all I have to say
I never wanted to live
fuck this shit",Ideation,"Determine the level of suicide-related content for the individual who made the following statement.
- Answer with one of the following options:
  - ""Indicator""
  - ""Ideation""
  - ""Behavior""
  - ""Attempt""
Statement:"
nt to leave. I don’t care about leaving behind my friends and (barely) family or my boyfriend. I just want to end it all and get rid of this feeling. I already feel dead inside why not finish the job.,Indicator,"Determine the level of suicide-related content for the individual who made the following statement.
- Answer with one of the following options:
  - ""Indicator""
  - ""Ideation""
  - ""Behavior""
  - ""Attempt""
Statement:"
does it actually get better? i feel like it never will.,Indicator,"Determine the level of suicide-related content for the individual who made the following statement.
- Answer with one of the following options:
  - ""Indicator""
  - ""Ideation""
  - ""Behavior""
  - ""Attempt""
Statement:"
it hurts so had i need to do it i need to call someone,Indicator,"Determine the level of suicide-related content for the individual who made the following statement.
- Answer with one of the following options:
  - ""Indicator""
  - ""Ideation""
  - ""Behavior""
  - ""Attempt""
Statement:"
I have no choice anymore...I’m going for a walk to try and clear my head. Hope it helps. ,Indicator,"Determine the level of suicide-related content for the individual who made the following statement.
- Answer with one of the following options:
  - ""Indicator""
  - ""Ideation""
  - ""Behavior""
  - ""Attempt""
Statement:"
"Anybody know where i can find a suicide hotline in Chile? I want to call a hotline, i look at a list but i couldn't find Chile on it. Please help me!",Ideation,"Determine the level of suicide-related content for the individual who made the following statement.
- Answer with one of the following options:
  - ""Indicator""
  - ""Ideation""
  - ""Behavior""
  - ""Attempt""
Statement:"
Is suicide by hanging painful? Title.,Ideation,"Determine the level of suicide-related content for the individual who made the following statement.
- Answer with one of the following options:
  - ""Indicator""
  - ""Ideation""
  - ""Behavior""
  - ""Attempt""
Statement:"
"s Every-time I cross the road to go to work I wanna run in front of traffic, yesterday I tried and the car swerved out of the way and missed me and when I thought I was gonna die I actually felt happy",Ideation,"Determine the level of suicide-related content for the individual who made the following statement.
- Answer with one of the following options:
  - ""Indicator""
  - ""Ideation""
  - ""Behavior""
  - ""Attempt""
Statement:"
It’s now or never Or tomorrow or the next day but if I say it’s gonna happen then it’s gonna happen the sooner the better,Ideation,"Determine the level of suicide-related content for the individual who made the following statement.
- Answer with one of the following options:
  - ""Indicator""
  - ""Ideation""
  - ""Behavior""
  - ""Attempt""
Statement:"
"I want to kill myself and nobody can help me I'm suffering constantly and it will never end

I just want companionship and it hurts",Ideation,"Determine the level of suicide-related content for the individual who made the following statement.
- Answer with one of the following options:
  - ""Indicator""
  - ""Ideation""
  - ""Behavior""
  - ""Attempt""
Statement:"
"ing to do as much as possible so I can live comfortably. I can't see my situation improving and I can only see it getting worse. 

&amp;#x200B;

Why shouldn't I kill myself when I have good reason to?",Ideation,"Determine the level of suicide-related content for the individual who made the following statement.
- Answer with one of the following options:
  - ""Indicator""
  - ""Ideation""
  - ""Behavior""
  - ""Attempt""
Statement:"
". Making friends and relationships becomes impossible after college from what I’ve heard. I’m just gonna get it over with and start finding some way to get off this planet, probably in the next month.",Behavior,"Determine the level of suicide-related content for the individual who made the following statement.
- Answer with one of the following options:
  - ""Indicator""
  - ""Ideation""
  - ""Behavior""
  - ""Attempt""
Statement:"
"'ve just been alone for the last decade and I thought, I thought I loved it, in reality though I haven't felt anything. Not one thing in a very, very long time and I think it is time to take my leave.",Ideation,"Determine the level of suicide-related content for the individual who made the following statement.
- Answer with one of the following options:
  - ""Indicator""
  - ""Ideation""
  - ""Behavior""
  - ""Attempt""
Statement:"
"ng in that way. Overdosing is a terrifying, slow feeling of dying. Idk what to do. Ive done everything to “get better” for decades. It does not get better. I cant suffer like this the rest of my life.",Attempt,"Determine the level of suicide-related content for the individual who made the following statement.
- Answer with one of the following options:
  - ""Indicator""
  - ""Ideation""
  - ""Behavior""
  - ""Attempt""
Statement:"
I don't deserve my parents love. They love me so much. But I am a incapable failure. They deserved someone much better than me.,Ideation,"Determine the level of suicide-related content for the individual who made the following statement.
- Answer with one of the following options:
  - ""Indicator""
  - ""Ideation""
  - ""Behavior""
  - ""Attempt""
Statement:"
"I feel dead inside I haven’t slept in a day I haven’t eaten since Saturday,only been drinking water,I feel tired and I wanna sleep forever",Attempt,"Determine the level of suicide-related content for the individual who made the following statement.
- Answer with one of the following options:
  - ""Indicator""
  - ""Ideation""
  - ""Behavior""
  - ""Attempt""
Statement:"
ondering how can i commit suicide but a method thats not hanging myself. I was planning on overdosing but my friend told me that to overdose you need to take large amounts of drugs daily is that true?,Behavior,"Determine the level of suicide-related content for the individual who made the following statement.
- Answer with one of the following options:
  - ""Indicator""
  - ""Ideation""
  - ""Behavior""
  - ""Attempt""
Statement:"
Here I fucking am. Again. Again and again and again ,Indicator,"Determine the level of suicide-related content for the individual who made the following statement.
- Answer with one of the following options:
  - ""Indicator""
  - ""Ideation""
  - ""Behavior""
  - ""Attempt""
Statement:"
"s, always. They’re never happy, why do i deserve this? I just. Hate it all. I hate life. I want to be happy, and i cannot be happy. I never can so can i be happy if i cant feel sadness? I think i can.",Ideation,"Determine the level of suicide-related content for the individual who made the following statement.
- Answer with one of the following options:
  - ""Indicator""
  - ""Ideation""
  - ""Behavior""
  - ""Attempt""
Statement:"
How much heroin would it take to kill a 230 pound human? And what is the best way to obtain and use it?,Behavior,"Determine the level of suicide-related content for the individual who made the following statement.
- Answer with one of the following options:
  - ""Indicator""
  - ""Ideation""
  - ""Behavior""
  - ""Attempt""
Statement:"
"Just almost hung myself Couldn't do it though. Just couldn't commit to it. I don't know how I should feel, but right now I'm just disappointed in myself",Behavior,"Determine the level of suicide-related content for the individual who made the following statement.
- Answer with one of the following options:
  - ""Indicator""
  - ""Ideation""
  - ""Behavior""
  - ""Attempt""
Statement:"
do it. I have no motivation for school or anything and I just want someone to tell my why I feel like this or if it’s even valid. I’m so lost and no one around understands my struggles- not even I do.,Indicator,"Determine the level of suicide-related content for the individual who made the following statement.
- Answer with one of the following options:
  - ""Indicator""
  - ""Ideation""
  - ""Behavior""
  - ""Attempt""
Statement:"
" here.  It makes me sad to know that I will never know what it's like to have children, or to scuba dive, or to see the grand canyon or whatever other cliches.  But I am okay with it.  Sad but okay.  ",Attempt,"Determine the level of suicide-related content for the individual who made the following statement.
- Answer with one of the following options:
  - ""Indicator""
  - ""Ideation""
  - ""Behavior""
  - ""Attempt""
Statement:"
I wish I could go to Wyoming I'd like to climb up one of the Buttes in the middle of nowhere and jump off. Nobody else would see and it would be so peaceful.,Behavior,"Determine the level of suicide-related content for the individual who made the following statement.
- Answer with one of the following options:
  - ""Indicator""
  - ""Ideation""
  - ""Behavior""
  - ""Attempt""
Statement:"
t to but I was ignored. I don’t have anyone else who would listen. I feel so worthless. I’ve been hiding from my family to keep them from seeing me cry. I’m so fucking tired. I really wish I was gone.,Ideation,"Determine the level of suicide-related content for the individual who made the following statement.
- Answer with one of the following options:
  - ""Indicator""
  - ""Ideation""
  - ""Behavior""
  - ""Attempt""
Statement:"
 I don’t want my family to worry or stress so I can’t talk to them. Also they wouldn’t understand. They would probably call me weak and selfish. I wouldn’t mind some words of encouragement. Thank you.,Ideation,"Determine the level of suicide-related content for the individual who made the following statement.
- Answer with one of the following options:
  - ""Indicator""
  - ""Ideation""
  - ""Behavior""
  - ""Attempt""
Statement:"
"n misery and it's who I'm meant to be.

A lot of my own memories in life involve racism, homophobia and poverty. My biggest coping mechanism for my terrible mental health is validating my own suicide.",Ideation,"Determine the level of suicide-related content for the individual who made the following statement.
- Answer with one of the following options:
  - ""Indicator""
  - ""Ideation""
  - ""Behavior""
  - ""Attempt""
Statement:"
"confinement mental break down i thought about slitting my wrists today, but i didnt do it. i am growing more depressed and feeling more alone.",Behavior,"Determine the level of suicide-related content for the individual who made the following statement.
- Answer with one of the following options:
  - ""Indicator""
  - ""Ideation""
  - ""Behavior""
  - ""Attempt""
Statement:"
"i'd like to control my demons, instead of them controlling me. ",Indicator,"Determine the level of suicide-related content for the individual who made the following statement.
- Answer with one of the following options:
  - ""Indicator""
  - ""Ideation""
  - ""Behavior""
  - ""Attempt""
Statement:"
I've lost the will to live I just don't want to live anymore. What's the point? Wish I could fall asleep and not wake up.,Ideation,"Determine the level of suicide-related content for the individual who made the following statement.
- Answer with one of the following options:
  - ""Indicator""
  - ""Ideation""
  - ""Behavior""
  - ""Attempt""
Statement:"
"Help I'm not depressed 

I'm not sad 

I'm not tired 

I want to sleep until the that is time left of my life became 1 hour 

yeah just some long sleeping would be good 

any advise on how to do it",Behavior,"Determine the level of suicide-related content for the individual who made the following statement.
- Answer with one of the following options:
  - ""Indicator""
  - ""Ideation""
  - ""Behavior""
  - ""Attempt""
Statement:"
I want to commit suicide today or tomorrow What is the best way of dying.  I cant handle life anymore.  Mental hospitals are a joke and I just want to die .,Behavior,"Determine the level of suicide-related content for the individual who made the following statement.
- Answer with one of the following options:
  - ""Indicator""
  - ""Ideation""
  - ""Behavior""
  - ""Attempt""
Statement:"
"oid in my life. If I died tomorrow who would really care? Sure friends would be upset but you go through life losing contact with friends all the time, can anyone relate to this feeling of no purpose?",Ideation,"Determine the level of suicide-related content for the individual who made the following statement.
- Answer with one of the following options:
  - ""Indicator""
  - ""Ideation""
  - ""Behavior""
  - ""Attempt""
Statement:"
"at happen.

What should I do? I feel really alone. 

I also suffer from severe depression and OCD (unmedicated) and I feel like I've just ruined my life. I'm only 19. Death seems like the only option.",Ideation,"Determine the level of suicide-related content for the individual who made the following statement.
- Answer with one of the following options:
  - ""Indicator""
  - ""Ideation""
  - ""Behavior""
  - ""Attempt""
Statement:"
"out them but it’s when it counts that they let me down. I’ve tried to not make any trouble for them, but when I do speak up I feel alone. I just want to see how much they can lecture me when I’m dead.",Ideation,"Determine the level of suicide-related content for the individual who made the following statement.
- Answer with one of the following options:
  - ""Indicator""
  - ""Ideation""
  - ""Behavior""
  - ""Attempt""
Statement:"
e means to do it. I'm certain I'll chicken out so I need something that will be guaranteed to work. It's the only solution. Trust me. There's no saving this life. Different searching for best way out.,Ideation,"Determine the level of suicide-related content for the individual who made the following statement.
- Answer with one of the following options:
  - ""Indicator""
  - ""Ideation""
  - ""Behavior""
  - ""Attempt""
Statement:"
"rt relationships since, but still, my mind won't let me forget her.

Tried to kill myself 3 times by now.

I've just given up completely. I just want the pain to end. I don't recognise myself any more",Attempt,"Determine the level of suicide-related content for the individual who made the following statement.
- Answer with one of the following options:
  - ""Indicator""
  - ""Ideation""
  - ""Behavior""
  - ""Attempt""
Statement:"
decided on a date no more suffering,Indicator,"Determine the level of suicide-related content for the individual who made the following statement.
- Answer with one of the following options:
  - ""Indicator""
  - ""Ideation""
  - ""Behavior""
  - ""Attempt""
Statement:"
"because I want to be a free use slut), paranoia, physically and menatally incapable of driving, financially dependent on my parents, no PhD programs I can get into, no boyfriend, nothing to do in life",Ideation,"Determine the level of suicide-related content for the individual who made the following statement.
- Answer with one of the following options:
  - ""Indicator""
  - ""Ideation""
  - ""Behavior""
  - ""Attempt""
Statement:"
"e pain . I’m so scared I’ve never done anything like this before and I’m so scared of the pain I will cause to my parents and family . 

Thank you for listening and I hope I can get the peace i need .",Ideation,"Determine the level of suicide-related content for the individual who made the following statement.
- Answer with one of the following options:
  - ""Indicator""
  - ""Ideation""
  - ""Behavior""
  - ""Attempt""
Statement:"
The masculine urge to drink myself to death ,Ideation,"Determine the level of suicide-related content for the individual who made the following statement.
- Answer with one of the following options:
  - ""Indicator""
  - ""Ideation""
  - ""Behavior""
  - ""Attempt""
Statement:"
" to say is. If you have your loved ones with you. The girl or guy you would do anything for. Hold on to them. Because life is temporary. And from what I've learned, not everybody gets the happy ending",Attempt,"Determine the level of suicide-related content for the individual who made the following statement.
- Answer with one of the following options:
  - ""Indicator""
  - ""Ideation""
  - ""Behavior""
  - ""Attempt""
Statement:"
"It is hard to stay alive Idk, why live if you feel like shit most of the time... eternal sleep diesn‘t sound so bad after all, fuck",Ideation,"Determine the level of suicide-related content for the individual who made the following statement.
- Answer with one of the following options:
  - ""Indicator""
  - ""Ideation""
  - ""Behavior""
  - ""Attempt""
Statement:"
"xt life will be better? i don’t know. i’m not going to do anything right now. god knows i don’t have the god damn guts. i just feel like eventually, i’m going to be my own end. i just don’t know when.",Ideation,"Determine the level of suicide-related content for the individual who made the following statement.
- Answer with one of the following options:
  - ""Indicator""
  - ""Ideation""
  - ""Behavior""
  - ""Attempt""
Statement:"
"uch of a pussy to go through with it.  I'm depressed and I don't even know why, and that fact is just making it worse. I feel bad for everyone who cares because I just don't see this coming to an end.",Ideation,"Determine the level of suicide-related content for the individual who made the following statement.
- Answer with one of the following options:
  - ""Indicator""
  - ""Ideation""
  - ""Behavior""
  - ""Attempt""
Statement:"
"suicide with me can anyone suicide with me together

for those want to suicide too",Behavior,"Determine the level of suicide-related content for the individual who made the following statement.
- Answer with one of the following options:
  - ""Indicator""
  - ""Ideation""
  - ""Behavior""
  - ""Attempt""
Statement:"
ub but deleted that shit because I was afraid I'd get caught up with some other person who wanted to be more than friends. I'm thinking tomorrow morning after my wife goes to work I'll finally end it.,Behavior,"Determine the level of suicide-related content for the individual who made the following statement.
- Answer with one of the following options:
  - ""Indicator""
  - ""Ideation""
  - ""Behavior""
  - ""Attempt""
Statement:"
"I am a very terrible person. There is no salvation or redemption for me, only death will be my forgiveness.",Ideation,"Determine the level of suicide-related content for the individual who made the following statement.
- Answer with one of the following options:
  - ""Indicator""
  - ""Ideation""
  - ""Behavior""
  - ""Attempt""
Statement:"
It's over. ,Indicator,"Determine the level of suicide-related content for the individual who made the following statement.
- Answer with one of the following options:
  - ""Indicator""
  - ""Ideation""
  - ""Behavior""
  - ""Attempt""
Statement:"
"someones voice on the other end would make me feel better,,, but how is everyones experience with crisis hotlines? i have severe anxiety when it comes to thinking abt it but idk if itll help or not :o",Ideation,"Determine the level of suicide-related content for the individual who made the following statement.
- Answer with one of the following options:
  - ""Indicator""
  - ""Ideation""
  - ""Behavior""
  - ""Attempt""
Statement:"
ound because I serve some purpose (like giving good advice or being dependable) rather than because they genuinely like spending time with me. It's like people need me but they don't actually want me.,Indicator,"Determine the level of suicide-related content for the individual who made the following statement.
- Answer with one of the following options:
  - ""Indicator""
  - ""Ideation""
  - ""Behavior""
  - ""Attempt""
Statement:"
"Failed OD Last night I took at least 200mg of lexapro, 4mg of clonazepam along with depakote 500mg and a whole bottle of melatonin. I don’t know what I’m supposed excpect. Right now I’m just drowsy.",Attempt,"Determine the level of suicide-related content for the individual who made the following statement.
- Answer with one of the following options:
  - ""Indicator""
  - ""Ideation""
  - ""Behavior""
  - ""Attempt""
Statement:"
sleep forever i just want to sleep forever not really die. dying is just the closest i can get to it.,Ideation,"Determine the level of suicide-related content for the individual who made the following statement.
- Answer with one of the following options:
  - ""Indicator""
  - ""Ideation""
  - ""Behavior""
  - ""Attempt""
Statement:"
think that I’m getting to the point where it no longer scares me to leave this world. Maybe this is the best thing. Trying this again. No fear and it would have surely been a done deal within seconds.,Ideation,"Determine the level of suicide-related content for the individual who made the following statement.
- Answer with one of the following options:
  - ""Indicator""
  - ""Ideation""
  - ""Behavior""
  - ""Attempt""
Statement:"
I just want to give up I am thinking about not taking heart meds and just have a heart attack. I am not enough I can’t do this anymore. No one would care if I died.,Behavior,"Determine the level of suicide-related content for the individual who made the following statement.
- Answer with one of the following options:
  - ""Indicator""
  - ""Ideation""
  - ""Behavior""
  - ""Attempt""
Statement:"
How much iboprufen (specifically Advil) will kill you? I have so much right now I just wanna make sure it’s enough,Behavior,"Determine the level of suicide-related content for the individual who made the following statement.
- Answer with one of the following options:
  - ""Indicator""
  - ""Ideation""
  - ""Behavior""
  - ""Attempt""
Statement:"
 but my continued suffering is fine as long as I'm the only one that has to deal with it. I thought our culture was to throw away anything that's broken and just replace it. I'm broken. Throw me away.,Ideation,"Determine the level of suicide-related content for the individual who made the following statement.
- Answer with one of the following options:
  - ""Indicator""
  - ""Ideation""
  - ""Behavior""
  - ""Attempt""
Statement:"
"ix for me. I don't even care what happenes to me anymore... I don't any energy for it. Before, I used to at least have some hope. Now I swear I have none at all, I can tell you that because I feel it.",Ideation,"Determine the level of suicide-related content for the individual who made the following statement.
- Answer with one of the following options:
  - ""Indicator""
  - ""Ideation""
  - ""Behavior""
  - ""Attempt""
Statement:"
SMI How do you tell the people you love that you will probably commit suicide eventually?,Ideation,"Determine the level of suicide-related content for the individual who made the following statement.
- Answer with one of the following options:
  - ""Indicator""
  - ""Ideation""
  - ""Behavior""
  - ""Attempt""
Statement:"
I'm trying My depression and reason for suicide is how much self hatred I have for being black. I seriously wish I was white and beautiful and not black.,Ideation,"Determine the level of suicide-related content for the individual who made the following statement.
- Answer with one of the following options:
  - ""Indicator""
  - ""Ideation""
  - ""Behavior""
  - ""Attempt""
Statement:"
"I would be ok if I didn’t wake up tomorrow I don’t have unfinished business, I’m ready",Ideation,"Determine the level of suicide-related content for the individual who made the following statement.
- Answer with one of the following options:
  - ""Indicator""
  - ""Ideation""
  - ""Behavior""
  - ""Attempt""
Statement:"
I just want to fall asleep and not wake up It would be so nice to just leave peacefully. Not have to deal with anything anymore. Not have to deal with the thoughts in my head that no one understands.,Ideation,"Determine the level of suicide-related content for the individual who made the following statement.
- Answer with one of the following options:
  - ""Indicator""
  - ""Ideation""
  - ""Behavior""
  - ""Attempt""
Statement:"
"i’m going kill myself apparently eating deodorant or aerosol deodorant is super harmful and so is any aerosol  product. wish me luck, second times the charm",Attempt,"Determine the level of suicide-related content for the individual who made the following statement.
- Answer with one of the following options:
  - ""Indicator""
  - ""Ideation""
  - ""Behavior""
  - ""Attempt""
Statement:"
I did it I took a whole bunch of meds and some acetaminophen. I don’t care if I lose my job. I don’t care about anything.,Attempt,"Determine the level of suicide-related content for the individual who made the following statement.
- Answer with one of the following options:
  - ""Indicator""
  - ""Ideation""
  - ""Behavior""
  - ""Attempt""
Statement:"
"help i always swore id never kill myself til my parents died, and im lucky they had me old, but im at th end of my last rope and i cant swear that anymore",Ideation,"Determine the level of suicide-related content for the individual who made the following statement.
- Answer with one of the following options:
  - ""Indicator""
  - ""Ideation""
  - ""Behavior""
  - ""Attempt""
Statement:"
"If nobody dont fucking like me then just give me a fucking gun so I can end my fucked up life already Tired of this fucking shit,done.",Ideation,"Determine the level of suicide-related content for the individual who made the following statement.
- Answer with one of the following options:
  - ""Indicator""
  - ""Ideation""
  - ""Behavior""
  - ""Attempt""
Statement:"
"live &amp; become productive again. Hopefully my cat &amp; I can move forward instead of me ending it all. I realize this post is not structured well, my mind is in pieces. Usually I am a good writer.",Behavior,"Determine the level of suicide-related content for the individual who made the following statement.
- Answer with one of the following options:
  - ""Indicator""
  - ""Ideation""
  - ""Behavior""
  - ""Attempt""
Statement:"
writing my timeline my journal contains my truest thoughts and feelings. contained in one of my recent passages is how i think i will end things. its comforting to write this down.,Behavior,"Determine the level of suicide-related content for the individual who made the following statement.
- Answer with one of the following options:
  - ""Indicator""
  - ""Ideation""
  - ""Behavior""
  - ""Attempt""
Statement:"
g it’s filled with 90% plus activities that are boring and unfulfilling and there’s really nothing else to do outside those “mandatory” activities that are needed to pay bills and function in society.,Ideation,"Determine the level of suicide-related content for the individual who made the following statement.
- Answer with one of the following options:
  - ""Indicator""
  - ""Ideation""
  - ""Behavior""
  - ""Attempt""
Statement:"
I can't do it I can't kill myself I am tired of everything. Unsuccesful at everything I hate almost every people I am tired. I just want to sleep and never wake up this is so much pain for years.,Ideation,"Determine the level of suicide-related content for the individual who made the following statement.
- Answer with one of the following options:
  - ""Indicator""
  - ""Ideation""
  - ""Behavior""
  - ""Attempt""
Statement:"
when I’m really suicidal literally everything makes me want to kill myself. sometimes I focus on the small things rather than all the shit that’s wrong in my life. stubbed my toe? another reason. ,Ideation,"Determine the level of suicide-related content for the individual who made the following statement.
- Answer with one of the following options:
  - ""Indicator""
  - ""Ideation""
  - ""Behavior""
  - ""Attempt""
Statement:"
Enough I can't breathe. I can't hold on anymore. I had enough enough enough.I want to end it all.,Ideation,"Determine the level of suicide-related content for the individual who made the following statement.
- Answer with one of the following options:
  - ""Indicator""
  - ""Ideation""
  - ""Behavior""
  - ""Attempt""
Statement:"
Kill myself How can I hang myself with bed sheets? What are some other ways to kill myself?,Ideation,"Determine the level of suicide-related content for the individual who made the following statement.
- Answer with one of the following options:
  - ""Indicator""
  - ""Ideation""
  - ""Behavior""
  - ""Attempt""
Statement:"
alone i feel so incredibly alone even though im surrounded by people i love. i feel like im behind a giant glass wall.,Indicator,"Determine the level of suicide-related content for the individual who made the following statement.
- Answer with one of the following options:
  - ""Indicator""
  - ""Ideation""
  - ""Behavior""
  - ""Attempt""
Statement:"
he process? I honestly don't care if the grass is greener on the other side or not. I just want to get away from this hell on earth with miserable entitled people controlling you until the day you die,Attempt,"Determine the level of suicide-related content for the individual who made the following statement.
- Answer with one of the following options:
  - ""Indicator""
  - ""Ideation""
  - ""Behavior""
  - ""Attempt""
Statement:"
I should never have existed in the first place. ,Ideation,"Determine the level of suicide-related content for the individual who made the following statement.
- Answer with one of the following options:
  - ""Indicator""
  - ""Ideation""
  - ""Behavior""
  - ""Attempt""
Statement:"
"Is there anyone want to kill me, I'm gonna leaking my address I'm useless, stupid, just a waste of space, not worth for living",Ideation,"Determine the level of suicide-related content for the individual who made the following statement.
- Answer with one of the following options:
  - ""Indicator""
  - ""Ideation""
  - ""Behavior""
  - ""Attempt""
Statement:"
Painless ways to die? So I know a gun shot is probably a good way to go but I’m scared it will fail... is there like a way to die that won’t leave you disfigured? And decently painless?,Ideation,"Determine the level of suicide-related content for the individual who made the following statement.
- Answer with one of the following options:
  - ""Indicator""
  - ""Ideation""
  - ""Behavior""
  - ""Attempt""
Statement:"
What is the aftermath of suicide by train i know suicide by train is a guaranteed death but whats the aftermath of it,Indicator,"Determine the level of suicide-related content for the individual who made the following statement.
- Answer with one of the following options:
  - ""Indicator""
  - ""Ideation""
  - ""Behavior""
  - ""Attempt""
Statement:"
"""Life is very long when you're lonely."" The Smiths - The Queen is dead.",Ideation,"Determine the level of suicide-related content for the individual who made the following statement.
- Answer with one of the following options:
  - ""Indicator""
  - ""Ideation""
  - ""Behavior""
  - ""Attempt""
Statement:"
Will life be better after the pandemic? I’m so weak. I’m just lonely and bored all the time,Indicator,"Determine the level of suicide-related content for the individual who made the following statement.
- Answer with one of the following options:
  - ""Indicator""
  - ""Ideation""
  - ""Behavior""
  - ""Attempt""
Statement:"
"I have 800mg codeine and access to ibuprofen. Will I be able to successfully end my life? I'm fairly short, male and 56 kg.",Behavior,"Determine the level of suicide-related content for the individual who made the following statement.
- Answer with one of the following options:
  - ""Indicator""
  - ""Ideation""
  - ""Behavior""
  - ""Attempt""
Statement:"
". 
He’s worried, and I’m worried that I won’t make it if I have another really low day. What are people thoughts on mental health centres? I’m scared, and don’t want to commit my life to this illness.",Behavior,"Determine the level of suicide-related content for the individual who made the following statement.
- Answer with one of the following options:
  - ""Indicator""
  - ""Ideation""
  - ""Behavior""
  - ""Attempt""
Statement:"
"suicide hotlines don't work i wish that they actually worked for me. they always make me feel way worse

maybe this is a sign that i should just kill myself? why am i delaying the inevitable???",Ideation,"Determine the level of suicide-related content for the individual who made the following statement.
- Answer with one of the following options:
  - ""Indicator""
  - ""Ideation""
  - ""Behavior""
  - ""Attempt""
Statement:"
"I'm done I'm killing myself in one week, I'm going to give life a one week chance to prove that's its worth living",Behavior,"Determine the level of suicide-related content for the individual who made the following statement.
- Answer with one of the following options:
  - ""Indicator""
  - ""Ideation""
  - ""Behavior""
  - ""Attempt""
Statement:"
 24 panadol tablets and hope to die. I know I might not but I just hope I do. I took it about 8 hours ago. I know that all I'm doing is damaging my liver but I don't care. I'm desperate at this point.,Attempt,"Determine the level of suicide-related content for the individual who made the following statement.
- Answer with one of the following options:
  - ""Indicator""
  - ""Ideation""
  - ""Behavior""
  - ""Attempt""
Statement:"
how do i kill myself imdrunk can someone please tell me how to kill mysrlf easily. i just wanna end it. please,Ideation,"Determine the level of suicide-related content for the individual who made the following statement.
- Answer with one of the following options:
  - ""Indicator""
  - ""Ideation""
  - ""Behavior""
  - ""Attempt""
Statement:"
r god knows how long and I’m going to end it tonight by taking a whole bottle of extra strength Tylenol and another while bottle of Advil. Goodbye world. I will be non existent in about a few minutes.,Behavior,"Determine the level of suicide-related content for the individual who made the following statement.
- Answer with one of the following options:
  - ""Indicator""
  - ""Ideation""
  - ""Behavior""
  - ""Attempt""
Statement:"
"en.

What's the point of even trying to do anything? I'm extremely depressed and I no longer even have the drive to try to hang myself right now despite how easily I could try instead of writing this.",Ideation,"Determine the level of suicide-related content for the individual who made the following statement.
- Answer with one of the following options:
  - ""Indicator""
  - ""Ideation""
  - ""Behavior""
  - ""Attempt""
Statement:"
"s me.

I can deal with difficulties in life but realizing you’re hopeless is too much. I don’t want encouragement or people to tell me it will get better.

I just want to find an actual suicide forum.",Ideation,"Determine the level of suicide-related content for the individual who made the following statement.
- Answer with one of the following options:
  - ""Indicator""
  - ""Ideation""
  - ""Behavior""
  - ""Attempt""
Statement:"
"i half heartedly attempt suicide frequently i hang myself but always leave a chair or elevated object to stand onto after a minute or so, so i don’t die. Does anyone else do this?",Behavior,"Determine the level of suicide-related content for the individual who made the following statement.
- Answer with one of the following options:
  - ""Indicator""
  - ""Ideation""
  - ""Behavior""
  - ""Attempt""
Statement:"
I’m just a joke And my suicide is the punchline,Ideation,"Determine the level of suicide-related content for the individual who made the following statement.
- Answer with one of the following options:
  - ""Indicator""
  - ""Ideation""
  - ""Behavior""
  - ""Attempt""
Statement:"
me anxiety attacks aswell. I don't have any purpose in life to be honest. I don't know what will i do after college. I feel like disapointment. That's all. I just needed to vent. Sorry for my english.,Indicator,"Determine the level of suicide-related content for the individual who made the following statement.
- Answer with one of the following options:
  - ""Indicator""
  - ""Ideation""
  - ""Behavior""
  - ""Attempt""
Statement:"
"words can't express how much i want to die in my sleep. it's too much work, killing myself. ",Ideation,"Determine the level of suicide-related content for the individual who made the following statement.
- Answer with one of the following options:
  - ""Indicator""
  - ""Ideation""
  - ""Behavior""
  - ""Attempt""
Statement:"
"just don't feel it all. Seeing my younger siblings makes me feel upset for some reason and I don't exactly know why.

This must mean that it is my time to go I guess. I just wish I had a way to do it.",Ideation,"Determine the level of suicide-related content for the individual who made the following statement.
- Answer with one of the following options:
  - ""Indicator""
  - ""Ideation""
  - ""Behavior""
  - ""Attempt""
Statement:"
I think I may attempt soon. I just can’t see myself alive. Everything is wrong and I know that no one truly cares about me.,Ideation,"Determine the level of suicide-related content for the individual who made the following statement.
- Answer with one of the following options:
  - ""Indicator""
  - ""Ideation""
  - ""Behavior""
  - ""Attempt""
Statement:"
 im so goddamn tired of this. I wish i can just end it all but i dont know how much a funeral costs and will my cat miss me? Will my cat cry for me?? That is the only thing keeping me going these days,Ideation,"Determine the level of suicide-related content for the individual who made the following statement.
- Answer with one of the following options:
  - ""Indicator""
  - ""Ideation""
  - ""Behavior""
  - ""Attempt""
Statement:"
"t he's depressed too. He has no motivation to get better, so I can't get better. My kids are growing to resent me. It's not fair to people to have to deal with me.

I'm tired of being alive. It hurts.",Ideation,"Determine the level of suicide-related content for the individual who made the following statement.
- Answer with one of the following options:
  - ""Indicator""
  - ""Ideation""
  - ""Behavior""
  - ""Attempt""
Statement:"
"Decreasing self esteem My self esteem is pretty low and seems to be getting worse. I'm not feeling great about anything really.

I hope anyone that reads this is not feeling the same way",Indicator,"Determine the level of suicide-related content for the individual who made the following statement.
- Answer with one of the following options:
  - ""Indicator""
  - ""Ideation""
  - ""Behavior""
  - ""Attempt""
Statement:"
" seem to believe people who say I’m not a bad person. That’s probably my fault, but I don’t understand why they can’t see what I see. I just don’t want to be here anymore.

So sorry for the long read.",Attempt,"Determine the level of suicide-related content for the individual who made the following statement.
- Answer with one of the following options:
  - ""Indicator""
  - ""Ideation""
  - ""Behavior""
  - ""Attempt""
Statement:"
"this life for me isn’t it. 


Ill update back on this post innnn 8 yrs or so. Maybe? Who knows. No promises &gt;:) anyway, I hope you all have a great day and thank you for reading to whatever this is",Behavior,"Determine the level of suicide-related content for the individual who made the following statement.
- Answer with one of the following options:
  - ""Indicator""
  - ""Ideation""
  - ""Behavior""
  - ""Attempt""
Statement:"
"n the face.  There is literally no hope for me. 

But if I'm going I wanted to leave a message, a message that would tell them how harsh life is and how ignorant society is to those who are suffering.",Ideation,"Determine the level of suicide-related content for the individual who made the following statement.
- Answer with one of the following options:
  - ""Indicator""
  - ""Ideation""
  - ""Behavior""
  - ""Attempt""
Statement:"
"I just want to finish this Its a lot harder if you're in a better mood. Sometimes I just want to feel worse, just so I could be in the mindset. I just want to finish this already if I can't cut.",Ideation,"Determine the level of suicide-related content for the individual who made the following statement.
- Answer with one of the following options:
  - ""Indicator""
  - ""Ideation""
  - ""Behavior""
  - ""Attempt""
Statement:"
. What kind of things do you use if you self-harm (just wondering who’s on the same boat),Indicator,"Determine the level of suicide-related content for the individual who made the following statement.
- Answer with one of the following options:
  - ""Indicator""
  - ""Ideation""
  - ""Behavior""
  - ""Attempt""
Statement:"
Help Can someone say to me that everything will be okay? I’m too lonely I can’t stop hurting myself,Indicator,"Determine the level of suicide-related content for the individual who made the following statement.
- Answer with one of the following options:
  - ""Indicator""
  - ""Ideation""
  - ""Behavior""
  - ""Attempt""
Statement:"
 save her she would've been dead now. And I did nothing. I didn't even thank the lady for saving her because I am too shy. Why am I like this?? My hands hurt so bad and I'm having another panic attack,Ideation,"Determine the level of suicide-related content for the individual who made the following statement.
- Answer with one of the following options:
  - ""Indicator""
  - ""Ideation""
  - ""Behavior""
  - ""Attempt""
Statement:"
"o wants to be found and taken to the hospital and not die, just so everyone around me can finally see that I’m not ok, but I also hate being the center of attention so I wouldn’t even like that either",Ideation,"Determine the level of suicide-related content for the individual who made the following statement.
- Answer with one of the following options:
  - ""Indicator""
  - ""Ideation""
  - ""Behavior""
  - ""Attempt""
Statement:"
e foetus and here I am. I didn't ask to be here and I don't want to be here. So why should I have to live my life just because my parents decided they wanted to have a child?? It's fucking ridiculous.,Ideation,"Determine the level of suicide-related content for the individual who made the following statement.
- Answer with one of the following options:
  - ""Indicator""
  - ""Ideation""
  - ""Behavior""
  - ""Attempt""
Statement:"
" I'm usually a very charming and charismatic person but I'm afraid that I've lost all social skills and will just become a socially awkward recluse for the rest of my life. 

Please just fucking help.",Indicator,"Determine the level of suicide-related content for the individual who made the following statement.
- Answer with one of the following options:
  - ""Indicator""
  - ""Ideation""
  - ""Behavior""
  - ""Attempt""
Statement:"
Sodium Pentobarbital Where can a person find such a thing?  Ive tried many other ways,Ideation,"Determine the level of suicide-related content for the individual who made the following statement.
- Answer with one of the following options:
  - ""Indicator""
  - ""Ideation""
  - ""Behavior""
  - ""Attempt""
Statement:"
How much valium does it take to kill you? I'm afraid I haven't taken enough.  I just want this nightmare to end,Attempt,"Determine the level of suicide-related content for the individual who made the following statement.
- Answer with one of the following options:
  - ""Indicator""
  - ""Ideation""
  - ""Behavior""
  - ""Attempt""
Statement:"
Today im going to kill myself The only person i loved is ghosting me and trying to find other options . He’s the only reason of me staying alive . Now gone . This is it . Goodbye,Behavior,"Determine the level of suicide-related content for the individual who made the following statement.
- Answer with one of the following options:
  - ""Indicator""
  - ""Ideation""
  - ""Behavior""
  - ""Attempt""
Statement:"
"ng in the next room thinking everything is okay...

I want everything to be over. I'm done. But I wish I could do it without hurting my mom and my friend - the only 2 people I still have in my life...",Ideation,"Determine the level of suicide-related content for the individual who made the following statement.
- Answer with one of the following options:
  - ""Indicator""
  - ""Ideation""
  - ""Behavior""
  - ""Attempt""
Statement:"
"I just need someone to talk to Yeah, that's all i have to say.",Indicator,"Determine the level of suicide-related content for the individual who made the following statement.
- Answer with one of the following options:
  - ""Indicator""
  - ""Ideation""
  - ""Behavior""
  - ""Attempt""
Statement:"
"other at least, but my dad would have nothing if I died. Nothing at all. I can’t imagine what it’d do to him. 
But life is so cruel too. I can’t imagine going on like this for what seems like forever.",Ideation,"Determine the level of suicide-related content for the individual who made the following statement.
- Answer with one of the following options:
  - ""Indicator""
  - ""Ideation""
  - ""Behavior""
  - ""Attempt""
Statement:"
"t I rely on to survive, and I just can't do it anymore. I want to Quit so fucking bad, but the guilt, and fear of pain, gets in the way. What a fucking loser. 
Good job I've got therapy in a few days.",Attempt,"Determine the level of suicide-related content for the individual who made the following statement.
- Answer with one of the following options:
  - ""Indicator""
  - ""Ideation""
  - ""Behavior""
  - ""Attempt""
Statement:"
Detergent Suicide I've been looking into it for a while and I think I might. I just need to make a plan for it,Behavior,"Determine the level of suicide-related content for the individual who made the following statement.
- Answer with one of the following options:
  - ""Indicator""
  - ""Ideation""
  - ""Behavior""
  - ""Attempt""
Statement:"
"How empathyless is your society ? I'm 19 years old from Vietnam, where people feel ok to step on others for benefits. I'm so weak that people just abuse me and laugh mercilessly",Indicator,"Determine the level of suicide-related content for the individual who made the following statement.
- Answer with one of the following options:
  - ""Indicator""
  - ""Ideation""
  - ""Behavior""
  - ""Attempt""
Statement:"
What do you do to cope with suicidal thoughts? ,Ideation,"Determine the level of suicide-related content for the individual who made the following statement.
- Answer with one of the following options:
  - ""Indicator""
  - ""Ideation""
  - ""Behavior""
  - ""Attempt""
Statement:"
I wish I could just disappear Everyone hates me. No one cares about my feelings and sometimes I wonder wtf am I doing here. My life is pointless.,Ideation,"Determine the level of suicide-related content for the individual who made the following statement.
- Answer with one of the following options:
  - ""Indicator""
  - ""Ideation""
  - ""Behavior""
  - ""Attempt""
Statement:"
"with my parents makes is yet another argument. Each argument makes me want to die. They know I'm suicidal yet they still act like this. I had an attempt on Christmas day, yet they still act like this.",Attempt,"Determine the level of suicide-related content for the individual who made the following statement.
- Answer with one of the following options:
  - ""Indicator""
  - ""Ideation""
  - ""Behavior""
  - ""Attempt""
Statement:"
OD on paracetamol what is it like to overdose on paracetamol? why do people say it is painful?,Ideation,"Determine the level of suicide-related content for the individual who made the following statement.
- Answer with one of the following options:
  - ""Indicator""
  - ""Ideation""
  - ""Behavior""
  - ""Attempt""
Statement:"
er. I wasted my high school years doing nothing but enjoying my life instead of focusing on a career. I see posts of my friends from high school who are well off while I'm mentally draining and dying.,Ideation,"Determine the level of suicide-related content for the individual who made the following statement.
- Answer with one of the following options:
  - ""Indicator""
  - ""Ideation""
  - ""Behavior""
  - ""Attempt""
Statement:"
"o money to just walk out or i would. I dont know what options I have left

I'm really starting to think this is hell and everyone is in on it but me. Just here to suffer while everyone secretly laughs",Ideation,"Determine the level of suicide-related content for the individual who made the following statement.
- Answer with one of the following options:
  - ""Indicator""
  - ""Ideation""
  - ""Behavior""
  - ""Attempt""
Statement:"
" I'm back wishingi had never been born.
It seems like no matter how much i work on myself or love myself it doesnt matter because i just dont belong here and i never will.
I just want the pain to stop",Ideation,"Determine the level of suicide-related content for the individual who made the following statement.
- Answer with one of the following options:
  - ""Indicator""
  - ""Ideation""
  - ""Behavior""
  - ""Attempt""
Statement:"
" (I'm talking age 5-6). I have never been happy.

Fuck this shit life, I don't give a shit. I want to hang myself so bad. I have a rope and everything. I'm fucking ready to leave this bullshit behind.",Behavior,"Determine the level of suicide-related content for the individual who made the following statement.
- Answer with one of the following options:
  - ""Indicator""
  - ""Ideation""
  - ""Behavior""
  - ""Attempt""
Statement:"
"Beachy Head If you are in England and don't know about this place, check it out on google!",Indicator,"Determine the level of suicide-related content for the individual who made the following statement.
- Answer with one of the following options:
  - ""Indicator""
  - ""Ideation""
  - ""Behavior""
  - ""Attempt""
Statement:"
"e how to go about existing without feeling anything?I have prolly stopped making sense at this point. But if you can, please temme how because I am sick and tried of crying myself to slee every night.",Ideation,"Determine the level of suicide-related content for the individual who made the following statement.
- Answer with one of the following options:
  - ""Indicator""
  - ""Ideation""
  - ""Behavior""
  - ""Attempt""
Statement:"
how to kill my self? ,Behavior,"Determine the level of suicide-related content for the individual who made the following statement.
- Answer with one of the following options:
  - ""Indicator""
  - ""Ideation""
  - ""Behavior""
  - ""Attempt""
Statement:"
scared too scared to kill myself but too tired of life. plus suicide is illegal here so if i fail i might get arrested or fined for it . fun,Ideation,"Determine the level of suicide-related content for the individual who made the following statement.
- Answer with one of the following options:
  - ""Indicator""
  - ""Ideation""
  - ""Behavior""
  - ""Attempt""
Statement:"
lure and everyone around me laugh at me. i am 20 and i REALLY feel like i am 60. i am so done. i plan to buy a car soon to leave and kill myself. Nothing is holding me here. I am so emty this is crazy,Behavior,"Determine the level of suicide-related content for the individual who made the following statement.
- Answer with one of the following options:
  - ""Indicator""
  - ""Ideation""
  - ""Behavior""
  - ""Attempt""
Statement:"
. I just came here to put down how I'm feeling. I've been writing letters to myself because I'm the only one who wants to read them. I just felt like I had to send one out for someone to see for once.,Ideation,"Determine the level of suicide-related content for the individual who made the following statement.
- Answer with one of the following options:
  - ""Indicator""
  - ""Ideation""
  - ""Behavior""
  - ""Attempt""
Statement:"
"Some days, the compulsion to join my late wife is awfully fucking strong. ",Ideation,"Determine the level of suicide-related content for the individual who made the following statement.
- Answer with one of the following options:
  - ""Indicator""
  - ""Ideation""
  - ""Behavior""
  - ""Attempt""
Statement:"
"Dr. Manipulative ex has taken everything away from me and I need to end this, or I'm probably going to decide to do something harmful to myself. 
.
.
God this took like 45 minutes to write I need help",Attempt,"Determine the level of suicide-related content for the individual who made the following statement.
- Answer with one of the following options:
  - ""Indicator""
  - ""Ideation""
  - ""Behavior""
  - ""Attempt""
Statement:"
"Can it be painless Is there anything just as painless as a gun to the back of the head.

Or something that's so quick that my body would be dead before I even knew it.",Ideation,"Determine the level of suicide-related content for the individual who made the following statement.
- Answer with one of the following options:
  - ""Indicator""
  - ""Ideation""
  - ""Behavior""
  - ""Attempt""
Statement:"
 transgender and I can’t deal with my shitty life anymore and everyone leaves me and it just makes me harm myself more so I’m finally gonna fucking end my terrible life and then everyone will be happy,Ideation,"Determine the level of suicide-related content for the individual who made the following statement.
- Answer with one of the following options:
  - ""Indicator""
  - ""Ideation""
  - ""Behavior""
  - ""Attempt""
Statement:"
"My parents want to make me look like an asshole for being suicidal, that also makes me suicidal. I can't deal with myself and them anymore. ",Ideation,"Determine the level of suicide-related content for the individual who made the following statement.
- Answer with one of the following options:
  - ""Indicator""
  - ""Ideation""
  - ""Behavior""
  - ""Attempt""
Statement:"
"think they were being entirely sincere, based on their tone and the situation even when I told them I was experiencing suicidal ideation and harming myself which seems to be rearing its head yet again",Ideation,"Determine the level of suicide-related content for the individual who made the following statement.
- Answer with one of the following options:
  - ""Indicator""
  - ""Ideation""
  - ""Behavior""
  - ""Attempt""
Statement:"
I feel peace coming I've made the decision. I am going to do if. I feel peace coming soon. I will be cold again. Soon it will all be over and I'll be reunited with the one I love.,Indicator,"Determine the level of suicide-related content for the individual who made the following statement.
- Answer with one of the following options:
  - ""Indicator""
  - ""Ideation""
  - ""Behavior""
  - ""Attempt""
Statement:"
I want commit suicide using ibuprofen How many pills would I need to take to kill myself successfully,Behavior,"Determine the level of suicide-related content for the individual who made the following statement.
- Answer with one of the following options:
  - ""Indicator""
  - ""Ideation""
  - ""Behavior""
  - ""Attempt""
Statement:"
Pissed How do you let shit go and not hold grudges and learn to let things just be. I can't do this shit no more.,Indicator,"Determine the level of suicide-related content for the individual who made the following statement.
- Answer with one of the following options:
  - ""Indicator""
  - ""Ideation""
  - ""Behavior""
  - ""Attempt""
Statement:"
" anyway.

I don't know what I am trying to accomplish by posting this. Maybe reaching out to someone who feels the same way? Or reaching out to someone who knows the problem if this is even a problem?",Ideation,"Determine the level of suicide-related content for the individual who made the following statement.
- Answer with one of the following options:
  - ""Indicator""
  - ""Ideation""
  - ""Behavior""
  - ""Attempt""
Statement:"
"nd. 

It didn't work out mainly because I'm still immature for my age.

Just recently found out she is now hanging around with someone else we work with. I'm not taking it well and am in a dark place.",Indicator,"Determine the level of suicide-related content for the individual who made the following statement.
- Answer with one of the following options:
  - ""Indicator""
  - ""Ideation""
  - ""Behavior""
  - ""Attempt""
Statement:"
I tried talking to a friend For whatever reason I don't feel any better at all and now I've just burdened my best friend with the knowledge that I'm suicidal for no reason,Ideation,"Determine the level of suicide-related content for the individual who made the following statement.
- Answer with one of the following options:
  - ""Indicator""
  - ""Ideation""
  - ""Behavior""
  - ""Attempt""
Statement:"
ike I don’t want to exist without being his wife and doing whatever it takes to make up for my wrongs. But maybe I should do what’s best for him. Him telling me he wants a divorce will kill me anyway.,Ideation,"Determine the level of suicide-related content for the individual who made the following statement.
- Answer with one of the following options:
  - ""Indicator""
  - ""Ideation""
  - ""Behavior""
  - ""Attempt""
Statement:"
", why is this happening? I dont even have any trauma that could cause this :( please someone tell me i'm real.. this is so fucking unbearable.. I don't want to kill myself. I just want to feel real :(",Ideation,"Determine the level of suicide-related content for the individual who made the following statement.
- Answer with one of the following options:
  - ""Indicator""
  - ""Ideation""
  - ""Behavior""
  - ""Attempt""
Statement:"
"I just can't anymore Nothing will get better and it's all my fault. Please, I just want something or someone to kill me already, because I'm too pathetic to do it alone.",Ideation,"Determine the level of suicide-related content for the individual who made the following statement.
- Answer with one of the following options:
  - ""Indicator""
  - ""Ideation""
  - ""Behavior""
  - ""Attempt""
Statement:"
"d hurt him or offend him. Then he said some things that hurt.

Everything was perfect and it all came crumbling down. It hurts so much and I just feel like dying.

I just wish I had someone to talk to",Ideation,"Determine the level of suicide-related content for the individual who made the following statement.
- Answer with one of the following options:
  - ""Indicator""
  - ""Ideation""
  - ""Behavior""
  - ""Attempt""
Statement:"
"Still alive... Thanks to my cats, Iam still here... I will have to make myself some cyanide.... I don't know how long will I be able to live, hopefully long enough to get throu this shit....",Attempt,"Determine the level of suicide-related content for the individual who made the following statement.
- Answer with one of the following options:
  - ""Indicator""
  - ""Ideation""
  - ""Behavior""
  - ""Attempt""
Statement:"
"have really good friends I'd tell - one who is literally a saint but I know it would scare her to death and she might do something about it :/

Feels kind of shitty to be back in this mind space again",Behavior,"Determine the level of suicide-related content for the individual who made the following statement.
- Answer with one of the following options:
  - ""Indicator""
  - ""Ideation""
  - ""Behavior""
  - ""Attempt""
Statement:"
"at if she didn’t? What if it didn’t kill me but left me fucking incapacitated? What if did really kill me? I was happy that I’m slowly getting better but right now, I might as well be better off gone.",Attempt,"Determine the level of suicide-related content for the individual who made the following statement.
- Answer with one of the following options:
  - ""Indicator""
  - ""Ideation""
  - ""Behavior""
  - ""Attempt""
Statement:"
ng a really strong urge to lately and the only people i have in my life dont care. They dont make any effort to keep me around... i just wish i wasn't even born to begin with... life is fucking stupid,Ideation,"Determine the level of suicide-related content for the individual who made the following statement.
- Answer with one of the following options:
  - ""Indicator""
  - ""Ideation""
  - ""Behavior""
  - ""Attempt""
Statement:"
", I don't have interests, so any kind of job would just get me frustrated) and at the same time I don't wanna live as a homeless person. Why this f*cking life have to keep going if I don't wanna live?",Ideation,"Determine the level of suicide-related content for the individual who made the following statement.
- Answer with one of the following options:
  - ""Indicator""
  - ""Ideation""
  - ""Behavior""
  - ""Attempt""
Statement:"
" of health issues. tonight i stole some my dog's prescription hydrocodone just to feel ok for one night. ive had a bit to drink tonight as well.

i havent felt ok in a while and im not sure what to do",Indicator,"Determine the level of suicide-related content for the individual who made the following statement.
- Answer with one of the following options:
  - ""Indicator""
  - ""Ideation""
  - ""Behavior""
  - ""Attempt""
Statement:"
"e give me the chance to help you. Please dont give up one yourself... It's not too late.

If you're reading this, then please know this is a sign not to give up. There is still hope for you. Please...",Indicator,"Determine the level of suicide-related content for the individual who made the following statement.
- Answer with one of the following options:
  - ""Indicator""
  - ""Ideation""
  - ""Behavior""
  - ""Attempt""
Statement:"
i was better until i wasn't i know the healing process is cyclical and non-linear but i feel so frustrated. i work so hard and sometimes it isn't enough.,Indicator,"Determine the level of suicide-related content for the individual who made the following statement.
- Answer with one of the following options:
  - ""Indicator""
  - ""Ideation""
  - ""Behavior""
  - ""Attempt""
Statement:"
I understand I cant appreciate what i have and i lost the one who appreciate me. I guess msybe it best if im gone. Nothing i can do to fix it,Indicator,"Determine the level of suicide-related content for the individual who made the following statement.
- Answer with one of the following options:
  - ""Indicator""
  - ""Ideation""
  - ""Behavior""
  - ""Attempt""
Statement:"
" blow my brains out. To be honest, I shouldn't put this here because no one on the internet fucking cares. However, I am desperately in need for someone to talk me out of this because I can't take it.",Ideation,"Determine the level of suicide-related content for the individual who made the following statement.
- Answer with one of the following options:
  - ""Indicator""
  - ""Ideation""
  - ""Behavior""
  - ""Attempt""
Statement:"
ve no other person to talk to as they are the only close people in my life. I feel like I don't deserve anything. I feel so weak and I feel like I am a very horrible person. God! This feeling sucks!!!,Ideation,"Determine the level of suicide-related content for the individual who made the following statement.
- Answer with one of the following options:
  - ""Indicator""
  - ""Ideation""
  - ""Behavior""
  - ""Attempt""
Statement:"
"I just want to go I’m so tired of my depression
I’m so tired of pretending it’s getting better
I’m so tired of my family

I just want to die.",Ideation,"Determine the level of suicide-related content for the individual who made the following statement.
- Answer with one of the following options:
  - ""Indicator""
  - ""Ideation""
  - ""Behavior""
  - ""Attempt""
Statement:"
I’m scared I have nothing left in me,Indicator,"Determine the level of suicide-related content for the individual who made the following statement.
- Answer with one of the following options:
  - ""Indicator""
  - ""Ideation""
  - ""Behavior""
  - ""Attempt""
Statement:"
I'm jealous of those who find the courage to die I wish I had it I'm glad they're at peace now and that's all I've wanted my whole life,Ideation,"Determine the level of suicide-related content for the individual who made the following statement.
- Answer with one of the following options:
  - ""Indicator""
  - ""Ideation""
  - ""Behavior""
  - ""Attempt""
Statement:"
"I can't I'm at my lowest, my intrusive thoughts are coming back and I'm failing school

I can't do anything, i don't even find a point in killing myself but i also can't live like this any longer",Ideation,"Determine the level of suicide-related content for the individual who made the following statement.
- Answer with one of the following options:
  - ""Indicator""
  - ""Ideation""
  - ""Behavior""
  - ""Attempt""
Statement:"
"d my family will be able to sell it more easily.  This also gives me time to eat at my favorite restaurants in piece. 

Anyone know a better day to die? Or does Sunday evening sound like a good night?",Behavior,"Determine the level of suicide-related content for the individual who made the following statement.
- Answer with one of the following options:
  - ""Indicator""
  - ""Ideation""
  - ""Behavior""
  - ""Attempt""
Statement:"
l myself i had to tell someone. it’s been over a month now and i’m glad i didn’t succeed. but i had to tell someone. every day it gets easier but it’s still hard. this feels dumb now but oh well. yeah,Ideation,"Determine the level of suicide-related content for the individual who made the following statement.
- Answer with one of the following options:
  - ""Indicator""
  - ""Ideation""
  - ""Behavior""
  - ""Attempt""
Statement:"
killing myself as well as living life is hard. What am I suppose to do? I can't anymore. I'm not made for this world. I failed at life.,Ideation,"Determine the level of suicide-related content for the individual who made the following statement.
- Answer with one of the following options:
  - ""Indicator""
  - ""Ideation""
  - ""Behavior""
  - ""Attempt""
Statement:"
"tful of how hard I have to work at staying alive, doing right by my kids, and hiding how I really feel. Death would truly be a luxury assuming whatever comes after this life is better. Probably isn't.",Ideation,"Determine the level of suicide-related content for the individual who made the following statement.
- Answer with one of the following options:
  - ""Indicator""
  - ""Ideation""
  - ""Behavior""
  - ""Attempt""
Statement:"
you went to a private or a public school. Both are just there to brainwash people into turning fantasy into reality which brings short term gain for long term pain and treating the world in absolutes.,Ideation,"Determine the level of suicide-related content for the individual who made the following statement.
- Answer with one of the following options:
  - ""Indicator""
  - ""Ideation""
  - ""Behavior""
  - ""Attempt""
Statement:"
I wake up every morning saying that i deserve death or that i am worthless It just happens. I just say that and lay there thinking how much i hate me.,Ideation,"Determine the level of suicide-related content for the individual who made the following statement.
- Answer with one of the following options:
  - ""Indicator""
  - ""Ideation""
  - ""Behavior""
  - ""Attempt""
Statement:"
"n this quote that said something along the lines of ""if you want to kill yourself you might as well keep going cause it doenst matter"" much more beautifully phrased thought. Anyone know more about it?",Indicator,"Determine the level of suicide-related content for the individual who made the following statement.
- Answer with one of the following options:
  - ""Indicator""
  - ""Ideation""
  - ""Behavior""
  - ""Attempt""
Statement:"
It would suck to stop being suicidal and then find out you have a terminal illness. Just saying. Life is unpredictable.,Ideation,"Determine the level of suicide-related content for the individual who made the following statement.
- Answer with one of the following options:
  - ""Indicator""
  - ""Ideation""
  - ""Behavior""
  - ""Attempt""
Statement:"
I drank 15 milliliters of Risperidone will I die? Is it higher chance to die if I go to sleep? ,Ideation,"Determine the level of suicide-related content for the individual who made the following statement.
- Answer with one of the following options:
  - ""Indicator""
  - ""Ideation""
  - ""Behavior""
  - ""Attempt""
Statement:"
"I’m walking into Lake Michigan and swimming as far as I can Tomorrow I’m drinking, taking pain pills and then I’m going to do a suicidal decathlon event until I’m hypothermic.",Behavior,"Determine the level of suicide-related content for the individual who made the following statement.
- Answer with one of the following options:
  - ""Indicator""
  - ""Ideation""
  - ""Behavior""
  - ""Attempt""
Statement:"
"i’ve tried everything to make life enjoyable. I dated, I got a job, tried drugs. I just see it as the hand i’ve been dealt but ultimately it’s my choice to play it. I’m choosing not to, and that’s ok.",Ideation,"Determine the level of suicide-related content for the individual who made the following statement.
- Answer with one of the following options:
  - ""Indicator""
  - ""Ideation""
  - ""Behavior""
  - ""Attempt""
Statement:"
"ore I’m sure I coulda thought of lots, now that I feel the same way I know nothing actually helps. Any suggestions on what to do? (I havnt told him I’m suicidal, since I don’t wanna add stress to him)",Ideation,"Determine the level of suicide-related content for the individual who made the following statement.
- Answer with one of the following options:
  - ""Indicator""
  - ""Ideation""
  - ""Behavior""
  - ""Attempt""
Statement:"
"iness out of anyone who gets too close. 

Sorry for all the faith you wasted on me. Sorry i couldn't be less of a tangled, broken fuck up. Sorry i ever dragged the mud of my existence into your lives.",Attempt,"Determine the level of suicide-related content for the individual who made the following statement.
- Answer with one of the following options:
  - ""Indicator""
  - ""Ideation""
  - ""Behavior""
  - ""Attempt""
Statement:"
I have a bad attraction I wanna die I’m 21 and I have a bad attraction I haven’t acted on it but it’s bad and honestly I just want to die I don’t even think therapy could help at this point,Ideation,"Determine the level of suicide-related content for the individual who made the following statement.
- Answer with one of the following options:
  - ""Indicator""
  - ""Ideation""
  - ""Behavior""
  - ""Attempt""
Statement:"
"y at home. 

I thought I would handle it, but today I tried to hang myself. I can't live without Playing Cs GO.

Every time I see a pc or watch a stream on YouTube, I feel like jumping from my window.",Ideation,"Determine the level of suicide-related content for the individual who made the following statement.
- Answer with one of the following options:
  - ""Indicator""
  - ""Ideation""
  - ""Behavior""
  - ""Attempt""
Statement:"
 why im posting this i just needed to let someone know that im feeling suicidal before actually doing it. sorry for taking up these few seconds of your time and ill probably delete it before i commit.,Ideation,"Determine the level of suicide-related content for the individual who made the following statement.
- Answer with one of the following options:
  - ""Indicator""
  - ""Ideation""
  - ""Behavior""
  - ""Attempt""
Statement:"
I want to die I want to kill myself so much i hate my life,Ideation,"Determine the level of suicide-related content for the individual who made the following statement.
- Answer with one of the following options:
  - ""Indicator""
  - ""Ideation""
  - ""Behavior""
  - ""Attempt""
Statement:"
"I just slit my throat and took a bunch of pills, wish me luck ",Attempt,"Determine the level of suicide-related content for the individual who made the following statement.
- Answer with one of the following options:
  - ""Indicator""
  - ""Ideation""
  - ""Behavior""
  - ""Attempt""
Statement:"
anyone only suicidal bc theyre ugly would love to chat. i feel so alone in my thoughts. 17f btw. please consider sending me message ;-;,Ideation,"Determine the level of suicide-related content for the individual who made the following statement.
- Answer with one of the following options:
  - ""Indicator""
  - ""Ideation""
  - ""Behavior""
  - ""Attempt""
Statement:"
I like to be drunk. Cant wait to be dead tho ,Indicator,"Determine the level of suicide-related content for the individual who made the following statement.
- Answer with one of the following options:
  - ""Indicator""
  - ""Ideation""
  - ""Behavior""
  - ""Attempt""
Statement:"
"ents are the reason for my suicidal ideation.

I am scheduled to graduate high school in May, and I can't wait to get away from them forever. 

I hope I can find help in getting myself away from them.",Ideation,"Determine the level of suicide-related content for the individual who made the following statement.
- Answer with one of the following options:
  - ""Indicator""
  - ""Ideation""
  - ""Behavior""
  - ""Attempt""
Statement:"
"eryone will look down on me because I've fucked up so bad. I don't even know what I'm looking for on here, I just wanted to lay it out. I just don't know what to do and I feel like I'm losing my mind.",Ideation,"Determine the level of suicide-related content for the individual who made the following statement.
- Answer with one of the following options:
  - ""Indicator""
  - ""Ideation""
  - ""Behavior""
  - ""Attempt""
Statement:"
Fuck Meghan Markle Fuck her for being a horrible actress.,Indicator,"Determine the level of suicide-related content for the individual who made the following statement.
- Answer with one of the following options:
  - ""Indicator""
  - ""Ideation""
  - ""Behavior""
  - ""Attempt""
Statement:"
 a sh*tshow I don’t wanna live in. If Christmas sucks again this year I give up fighting. I’m not planning on suicide but I’m just not gonna try anymore to fight my way trough life. I’m tired of this.,Indicator,"Determine the level of suicide-related content for the individual who made the following statement.
- Answer with one of the following options:
  - ""Indicator""
  - ""Ideation""
  - ""Behavior""
  - ""Attempt""
Statement:"
What is the best way to kill myself . Painless and quick Don’t bother telling me my life has meaning. Idc. I want to die,Ideation,"Determine the level of suicide-related content for the individual who made the following statement.
- Answer with one of the following options:
  - ""Indicator""
  - ""Ideation""
  - ""Behavior""
  - ""Attempt""
Statement:"
em to deter me any more. I just don't know what to do anymore because lately it feels like I just can't continue. I think this is my last chance at asking for help because I cant keep going like this.,Ideation,"Determine the level of suicide-related content for the individual who made the following statement.
- Answer with one of the following options:
  - ""Indicator""
  - ""Ideation""
  - ""Behavior""
  - ""Attempt""
Statement:"
Kill me I have nothing.. Im not getting any messages or calls.. Someone even offered to send me money and now I cant even find who that was.. I cant access any of my messages... Please kill me!,Ideation,"Determine the level of suicide-related content for the individual who made the following statement.
- Answer with one of the following options:
  - ""Indicator""
  - ""Ideation""
  - ""Behavior""
  - ""Attempt""
Statement:"
 not sure what brought me to post this... maybe I'm looking for somebody to give me a perspective to staying here that doesn't involve thinking of others... I'd appreciate anyone's kindness right now.,Ideation,"Determine the level of suicide-related content for the individual who made the following statement.
- Answer with one of the following options:
  - ""Indicator""
  - ""Ideation""
  - ""Behavior""
  - ""Attempt""
Statement:"
 hours of contamplating suicide and looking up how to do it i swear to a probably non existing god i wish i had the courage to jump in front of a car or stab myself so this nightmare could all be over,Behavior,"Determine the level of suicide-related content for the individual who made the following statement.
- Answer with one of the following options:
  - ""Indicator""
  - ""Ideation""
  - ""Behavior""
  - ""Attempt""
Statement:"
" absolutely no interest in life and I would much rather not have it all, it's wasted on me and It feels like I should just donate my organs to the nearest person with any will for the world whatsoever",Ideation,"Determine the level of suicide-related content for the individual who made the following statement.
- Answer with one of the following options:
  - ""Indicator""
  - ""Ideation""
  - ""Behavior""
  - ""Attempt""
Statement:"
I'm homesick yet I'm still so sick of home ,Indicator,"Determine the level of suicide-related content for the individual who made the following statement.
- Answer with one of the following options:
  - ""Indicator""
  - ""Ideation""
  - ""Behavior""
  - ""Attempt""
Statement:"
" now that I won’t be around anymore for them to have to awkwardly greet or uninvite to parties 

Goodnight everyone, please give yourself a kiss on the forehead from me. Goodnight, and again I’m sorry",Indicator,"Determine the level of suicide-related content for the individual who made the following statement.
- Answer with one of the following options:
  - ""Indicator""
  - ""Ideation""
  - ""Behavior""
  - ""Attempt""
Statement:"
 everyday. It’s been getting a lot worse the past few days for no reason I’ve just been listening more and the way people say things to me and people hate me. I think I have a year or two left though.,Ideation,"Determine the level of suicide-related content for the individual who made the following statement.
- Answer with one of the following options:
  - ""Indicator""
  - ""Ideation""
  - ""Behavior""
  - ""Attempt""
Statement:"
" problems to go away. I don’t want to be in pain or be drowning in tears or be numb to emotion anymore. I just want to fall asleep, and just never deal with anything again. I just want to be at peace.",Indicator,"Determine the level of suicide-related content for the individual who made the following statement.
- Answer with one of the following options:
  - ""Indicator""
  - ""Ideation""
  - ""Behavior""
  - ""Attempt""
Statement:"
I should kill myself on new years eve. Mmhmm. Yeah I should.,Behavior,"Determine the level of suicide-related content for the individual who made the following statement.
- Answer with one of the following options:
  - ""Indicator""
  - ""Ideation""
  - ""Behavior""
  - ""Attempt""
Statement:"
"ill and almost succeeded multiple times before. but only when I have felt like this. nothing. absolutely nothing.

I want to kill myself. I want to die. I don't want to be here. I want to kill myself.",Ideation,"Determine the level of suicide-related content for the individual who made the following statement.
- Answer with one of the following options:
  - ""Indicator""
  - ""Ideation""
  - ""Behavior""
  - ""Attempt""
Statement:"
" yrs, unemployed, mentally broken, exiled, no friends, no family and with a life without a single achievement. 

Is there any reason to not give up? 
(It's a figurative question, I do know the answer)",Ideation,"Determine the level of suicide-related content for the individual who made the following statement.
- Answer with one of the following options:
  - ""Indicator""
  - ""Ideation""
  - ""Behavior""
  - ""Attempt""
Statement:"
This weekend seems like a great time to finally do it And I'll have a couple of days so I can keep attempting 😁,Indicator,"Determine the level of suicide-related content for the individual who made the following statement.
- Answer with one of the following options:
  - ""Indicator""
  - ""Ideation""
  - ""Behavior""
  - ""Attempt""
Statement:"
If I posted saying I was happy would people care then? Or are all of the suicide posts in the subreddit made for suicide posts just never interacted with ,Indicator,"Determine the level of suicide-related content for the individual who made the following statement.
- Answer with one of the following options:
  - ""Indicator""
  - ""Ideation""
  - ""Behavior""
  - ""Attempt""
Statement:"
" life its definitely done and a waste

I don’t know anymore, im just sitting and crying.

If i had a chance... 

Im a unemployed engineer, with huge college loan debit, hopeless, betrayed for everyone",Ideation,"Determine the level of suicide-related content for the individual who made the following statement.
- Answer with one of the following options:
  - ""Indicator""
  - ""Ideation""
  - ""Behavior""
  - ""Attempt""
Statement:"
" so tired of everything. Tired of pretending, tired of lying, tied of being scared. Tired of everything. What’s the point. I want to die but I’m scared. Can someone please help me work out what to do.",Ideation,"Determine the level of suicide-related content for the individual who made the following statement.
- Answer with one of the following options:
  - ""Indicator""
  - ""Ideation""
  - ""Behavior""
  - ""Attempt""
Statement:"
Anyone tried microdosing? Has anyone tried microdosing lsd or shrooms and does it help?,Behavior,"Determine the level of suicide-related content for the individual who made the following statement.
- Answer with one of the following options:
  - ""Indicator""
  - ""Ideation""
  - ""Behavior""
  - ""Attempt""
Statement:"
What should I do if I just drank a whole bottle of ethanol rubbing alcohol. I’m a teenager btw if that matters ,Attempt,"Determine the level of suicide-related content for the individual who made the following statement.
- Answer with one of the following options:
  - ""Indicator""
  - ""Ideation""
  - ""Behavior""
  - ""Attempt""
Statement:"
"Was sad then happy then sad again Kind of weird, I was sad like extremely depressed and then I got happy for a few days and it’s all coming back",Indicator,"Determine the level of suicide-related content for the individual who made the following statement.
- Answer with one of the following options:
  - ""Indicator""
  - ""Ideation""
  - ""Behavior""
  - ""Attempt""
Statement:"
hen I’m obviously on the verge of death my closest friends don’t give a shit? please I just want to work up the guts to finally do it. I can’t handle being abandoned anymore. I don’t want to be alone.,Attempt,"Determine the level of suicide-related content for the individual who made the following statement.
- Answer with one of the following options:
  - ""Indicator""
  - ""Ideation""
  - ""Behavior""
  - ""Attempt""
Statement:"
 an attention seeker. I’m the type of person who sits in the back makes no noise. I hate attention. But i don’t want people thinking i’m an attention seeker cause i’m totally the opposite. Any advice?,Ideation,"Determine the level of suicide-related content for the individual who made the following statement.
- Answer with one of the following options:
  - ""Indicator""
  - ""Ideation""
  - ""Behavior""
  - ""Attempt""
Statement:"
ealized how mean and selfish i really am. Im just like my mother. I sounded just like her. I spewed my hate out on an innocent little child. Im a fucking monster. People like me don't deserve to live.,Ideation,"Determine the level of suicide-related content for the individual who made the following statement.
- Answer with one of the following options:
  - ""Indicator""
  - ""Ideation""
  - ""Behavior""
  - ""Attempt""
Statement:"
I can barely get out of bed I'm tired of this shitty life. Everyone always leaves me. I'm too much to be around. I wanna go to bed and sleep forever. I just wanna lay in bed on my phone all day.,Ideation,"Determine the level of suicide-related content for the individual who made the following statement.
- Answer with one of the following options:
  - ""Indicator""
  - ""Ideation""
  - ""Behavior""
  - ""Attempt""
Statement:"
"Another fuvking Panic Attack Hours at a time... at least every other day. This is not an existence worth living. 

At the moment I feel nothing but pure fuvking rage.",Indicator,"Determine the level of suicide-related content for the individual who made the following statement.
- Answer with one of the following options:
  - ""Indicator""
  - ""Ideation""
  - ""Behavior""
  - ""Attempt""
Statement:"
t to make everyone who loves you suffer excruciating pain? So don’t do it. It will ruin many more lives than just your own. The only reason why im still alive is because i want to continue my family.”,Ideation,"Determine the level of suicide-related content for the individual who made the following statement.
- Answer with one of the following options:
  - ""Indicator""
  - ""Ideation""
  - ""Behavior""
  - ""Attempt""
Statement:"
"Feeling like I'm faking It started by me being gaslit, now it's me gaslighting myself. It's never bad enough",Ideation,"Determine the level of suicide-related content for the individual who made the following statement.
- Answer with one of the following options:
  - ""Indicator""
  - ""Ideation""
  - ""Behavior""
  - ""Attempt""
Statement:"
"is so messy and I’m so tired. It feels unfair that an abuser from my childhood broke me and ruined my chances of happiness. I need to die, but I don’t think I will. How long will I suffer? I’m broken.",Ideation,"Determine the level of suicide-related content for the individual who made the following statement.
- Answer with one of the following options:
  - ""Indicator""
  - ""Ideation""
  - ""Behavior""
  - ""Attempt""
Statement:"
" to think that she caused all of my suicidal thoughts and she’s going to start crying and then IM going to start crying, and I absolutely hate crying infront of others. Can anyone give me some advice?",Ideation,"Determine the level of suicide-related content for the individual who made the following statement.
- Answer with one of the following options:
  - ""Indicator""
  - ""Ideation""
  - ""Behavior""
  - ""Attempt""
Statement:"
"parents about the pregnancy. I'm asking her for help how to face them but she said ""I don't know!! Just tell them!!"" I don't know what to do. I'm about to end my life but this another problem came up.",Ideation,"Determine the level of suicide-related content for the individual who made the following statement.
- Answer with one of the following options:
  - ""Indicator""
  - ""Ideation""
  - ""Behavior""
  - ""Attempt""
Statement:"
"What? I’m so fucking upset, I’m laughing. What does that even mean? I’m laughing, at the thought of my death. It’s true laughter.",Ideation,"Determine the level of suicide-related content for the individual who made the following statement.
- Answer with one of the following options:
  - ""Indicator""
  - ""Ideation""
  - ""Behavior""
  - ""Attempt""
Statement:"
Helium tanks Are helium tanks actually a good way to end it all? Or is it another lie on the internet?,Behavior,"Determine the level of suicide-related content for the individual who made the following statement.
- Answer with one of the following options:
  - ""Indicator""
  - ""Ideation""
  - ""Behavior""
  - ""Attempt""
Statement:"
I want to be gone so bad 😂 it’s painful. ,Indicator,"Determine the level of suicide-related content for the individual who made the following statement.
- Answer with one of the following options:
  - ""Indicator""
  - ""Ideation""
  - ""Behavior""
  - ""Attempt""
Statement:"
" I never will get...

I just don't have any more options here, than to just end all this... The problem is that I just can't harm myself even in the slightest. I don't know why, but I just... can't...",Ideation,"Determine the level of suicide-related content for the individual who made the following statement.
- Answer with one of the following options:
  - ""Indicator""
  - ""Ideation""
  - ""Behavior""
  - ""Attempt""
Statement:"
What’s the best way to kill myself I just want to fucking leave,Ideation,"Determine the level of suicide-related content for the individual who made the following statement.
- Answer with one of the following options:
  - ""Indicator""
  - ""Ideation""
  - ""Behavior""
  - ""Attempt""
Statement:"
I want to hurt myself so badly I’m so scared I’m going to do something impulsive and irreversible I can feel it I’m shaking my blood is hot I want to scratch until I bleed oh god,Indicator,"Determine the level of suicide-related content for the individual who made the following statement.
- Answer with one of the following options:
  - ""Indicator""
  - ""Ideation""
  - ""Behavior""
  - ""Attempt""
Statement:"
Can someone keep me company? Please don't leave me alone with my thoughts ,Indicator,"Determine the level of suicide-related content for the individual who made the following statement.
- Answer with one of the following options:
  - ""Indicator""
  - ""Ideation""
  - ""Behavior""
  - ""Attempt""
Statement:"
"These are the reasons why i think killing my self every day.   

  Does enyone else be like you don't want to kill your self but just want to stop existing. 

This is it for now  


Thanks for reading",Ideation,"Determine the level of suicide-related content for the individual who made the following statement.
- Answer with one of the following options:
  - ""Indicator""
  - ""Ideation""
  - ""Behavior""
  - ""Attempt""
Statement:"
"would just get high until my lungs or heart gave out. but alas, I don’t. 

I’m doomed to be a disappointment who can’t ever get anything right. Not sure why I’m posting here but maybe you guys get it.",Indicator,"Determine the level of suicide-related content for the individual who made the following statement.
- Answer with one of the following options:
  - ""Indicator""
  - ""Ideation""
  - ""Behavior""
  - ""Attempt""
Statement:"
How to float away painlessly into the aether? What's the most painless way to go?,Ideation,"Determine the level of suicide-related content for the individual who made the following statement.
- Answer with one of the following options:
  - ""Indicator""
  - ""Ideation""
  - ""Behavior""
  - ""Attempt""
Statement:"
"lk to another friend about it. It almost feels like emotional cheating, and I feel bad because my wife has already told me she feels powerless to help (despite everything she's done to help thus far).",Ideation,"Determine the level of suicide-related content for the individual who made the following statement.
- Answer with one of the following options:
  - ""Indicator""
  - ""Ideation""
  - ""Behavior""
  - ""Attempt""
Statement:"
31/m - I see no point in living anymore I don't have any friends. Nothing in my life is working out,Ideation,"Determine the level of suicide-related content for the individual who made the following statement.
- Answer with one of the following options:
  - ""Indicator""
  - ""Ideation""
  - ""Behavior""
  - ""Attempt""
Statement:"
"What if I wasn’t alive Does anyone else just think about life would be if you weren’t born, would people be better off, how would the people you live be like",Ideation,"Determine the level of suicide-related content for the individual who made the following statement.
- Answer with one of the following options:
  - ""Indicator""
  - ""Ideation""
  - ""Behavior""
  - ""Attempt""
Statement:"
"assive-aggresivly and i dont know how to respond, i have a cigarette addiction as i said, i have kleptophobia, i barely leave my house, i am probably going crazy but not really, i dont know what to do",Indicator,"Determine the level of suicide-related content for the individual who made the following statement.
- Answer with one of the following options:
  - ""Indicator""
  - ""Ideation""
  - ""Behavior""
  - ""Attempt""
Statement:"
How do people do this? I’m only 20 and everyday all I think about is killing myself? I’m so confused how people actually enjoy living lol or make it all the way to 80+ in age. ,Ideation,"Determine the level of suicide-related content for the individual who made the following statement.
- Answer with one of the following options:
  - ""Indicator""
  - ""Ideation""
  - ""Behavior""
  - ""Attempt""
Statement:"
I want to see the mars landing before i off myself I just want to see it idk what else to say then i can die,Ideation,"Determine the level of suicide-related content for the individual who made the following statement.
- Answer with one of the following options:
  - ""Indicator""
  - ""Ideation""
  - ""Behavior""
  - ""Attempt""
Statement:"
"I have to be alone, work until I die, and be treated like sh*t the rest of my life why should I want to live ",Ideation,"Determine the level of suicide-related content for the individual who made the following statement.
- Answer with one of the following options:
  - ""Indicator""
  - ""Ideation""
  - ""Behavior""
  - ""Attempt""
Statement:"
 started getting numb to my feelings and started getting suicidal thoughts. I want to get help but I’m afraid if I tell anyone I’ll just be “that thirteen year old who thinks he’s edgy.” What do I do?,Ideation,"Determine the level of suicide-related content for the individual who made the following statement.
- Answer with one of the following options:
  - ""Indicator""
  - ""Ideation""
  - ""Behavior""
  - ""Attempt""
Statement:"
"⚠️TW⚠️ (I think) Question If someone wants to kill their self for what ever reason Maybe to end their pain why do people stop them?

(No hate)
(Asking for a personal reason)",Ideation,"Determine the level of suicide-related content for the individual who made the following statement.
- Answer with one of the following options:
  - ""Indicator""
  - ""Ideation""
  - ""Behavior""
  - ""Attempt""
Statement:"
I'm ending it I want to do it today. I'm fucking done with the abuse and pain. There's nothing good left in my life.,Behavior,"Determine the level of suicide-related content for the individual who made the following statement.
- Answer with one of the following options:
  - ""Indicator""
  - ""Ideation""
  - ""Behavior""
  - ""Attempt""
Statement:"
"for me. I've lost so many people. I just want to feel wanted again. I need to feel important to someone. Please put me out of my mysery. 

&amp;#x200B;

&amp;#x200B;

,,The sadness will last forever''",Indicator,"Determine the level of suicide-related content for the individual who made the following statement.
- Answer with one of the following options:
  - ""Indicator""
  - ""Ideation""
  - ""Behavior""
  - ""Attempt""
Statement:"
i want to get shot in the head someone please kill me as i dont have the guts to do it,Ideation,"Determine the level of suicide-related content for the individual who made the following statement.
- Answer with one of the following options:
  - ""Indicator""
  - ""Ideation""
  - ""Behavior""
  - ""Attempt""
Statement:"
let me talk about what's going on with me. So I sit alone and contemplate suicide every night. I think about how easily I could do it now that I have access to a firearm. I just want someone to listen,Ideation,"Determine the level of suicide-related content for the individual who made the following statement.
- Answer with one of the following options:
  - ""Indicator""
  - ""Ideation""
  - ""Behavior""
  - ""Attempt""
Statement:"
en think I exist so why do I feel so much pain? I'd really just like to end this suffering that I feel has lasted from the beginning of my life. But guess who can't end it because they're an empath...,Ideation,"Determine the level of suicide-related content for the individual who made the following statement.
- Answer with one of the following options:
  - ""Indicator""
  - ""Ideation""
  - ""Behavior""
  - ""Attempt""
Statement:"
"k anyone wants to deal with someone elses administrative stuff while they're dead. 

It sucks so much because there are times where i just get ready to die but then the administrative thought pops up.",Ideation,"Determine the level of suicide-related content for the individual who made the following statement.
- Answer with one of the following options:
  - ""Indicator""
  - ""Ideation""
  - ""Behavior""
  - ""Attempt""
Statement:"
I’m doing okay any longer. My parents/family/friends have no idea how bad of a mental state I’m in. I know it’s irrational to attempt an overdose as a cry for help but I don’t even care at this point.,Ideation,"Determine the level of suicide-related content for the individual who made the following statement.
- Answer with one of the following options:
  - ""Indicator""
  - ""Ideation""
  - ""Behavior""
  - ""Attempt""
Statement:"
" to suppress them; some days are easier than others. Obviously it’s manageable, because I’m still here. I have no desire to die. But I’m so fed up with fighting this crap that some days I consider it.",Ideation,"Determine the level of suicide-related content for the individual who made the following statement.
- Answer with one of the following options:
  - ""Indicator""
  - ""Ideation""
  - ""Behavior""
  - ""Attempt""
Statement:"
I lost control  I've lost control of my head I just want to cry I can't breathe I want to scream help please I don't want to live this again,Indicator,"Determine the level of suicide-related content for the individual who made the following statement.
- Answer with one of the following options:
  - ""Indicator""
  - ""Ideation""
  - ""Behavior""
  - ""Attempt""
Statement:"
"s to see me laying there, cold and motionless while she tries to shake me awake, screaming for me to wake up. Just the thought of it scares me. But it seems like that’s the only outcome at this point.",Indicator,"Determine the level of suicide-related content for the individual who made the following statement.
- Answer with one of the following options:
  - ""Indicator""
  - ""Ideation""
  - ""Behavior""
  - ""Attempt""
Statement:"
What's the most painless way you can think of? I dont know what to do or how to do it.,Ideation,"Determine the level of suicide-related content for the individual who made the following statement.
- Answer with one of the following options:
  - ""Indicator""
  - ""Ideation""
  - ""Behavior""
  - ""Attempt""
Statement:"
"I want to sleep and never wake up Not that anyone care about me or if I will stay alive or not, but I just want to die.",Ideation,"Determine the level of suicide-related content for the individual who made the following statement.
- Answer with one of the following options:
  - ""Indicator""
  - ""Ideation""
  - ""Behavior""
  - ""Attempt""
Statement:"
Help. Can anybody talk?,Indicator,"Determine the level of suicide-related content for the individual who made the following statement.
- Answer with one of the following options:
  - ""Indicator""
  - ""Ideation""
  - ""Behavior""
  - ""Attempt""
Statement:"
"at happens, my life will be complete and I will have zero reason to live on. But if it doesn't happen, then yeah, just another failure in a list of failures 100 miles long, I can off myself unhappily.",Ideation,"Determine the level of suicide-related content for the individual who made the following statement.
- Answer with one of the following options:
  - ""Indicator""
  - ""Ideation""
  - ""Behavior""
  - ""Attempt""
Statement:"
:( :(,Indicator,"Determine the level of suicide-related content for the individual who made the following statement.
- Answer with one of the following options:
  - ""Indicator""
  - ""Ideation""
  - ""Behavior""
  - ""Attempt""
Statement:"
"alil help? Whats the easiest way to kms
Is hanging from doorknob possible?Pls lemme kno",Indicator,"Determine the level of suicide-related content for the individual who made the following statement.
- Answer with one of the following options:
  - ""Indicator""
  - ""Ideation""
  - ""Behavior""
  - ""Attempt""
Statement:"
t to do. You can't make friends as an adult and you can't meet girls without going out with friends. Is anyone else in this situation? All I do now is burn through weed to stop me from killing myself.,Ideation,"Determine the level of suicide-related content for the individual who made the following statement.
- Answer with one of the following options:
  - ""Indicator""
  - ""Ideation""
  - ""Behavior""
  - ""Attempt""
Statement:"
 won't even respond to me after 3 months of trying. Fuck the world nobody cares in the end. I dont see the point in living if no one cares and ill never have anyone to share my life with im all alone.,Ideation,"Determine the level of suicide-related content for the individual who made the following statement.
- Answer with one of the following options:
  - ""Indicator""
  - ""Ideation""
  - ""Behavior""
  - ""Attempt""
Statement:"
you recommend for a mostly painless death? I know this is stupid but I’ve got a lot of stress right now. I also honestly don’t see myself going anywhere in life and I haven’t for a while so.. why not.,Behavior,"Determine the level of suicide-related content for the individual who made the following statement.
- Answer with one of the following options:
  - ""Indicator""
  - ""Ideation""
  - ""Behavior""
  - ""Attempt""
Statement:"
ust a complainer. I know what's wrong with me but I refuse to help myself. This is what makes me the worst scum on the planet. I don't deserve the body I am in. I don't deserve the people who love me.,Indicator,"Determine the level of suicide-related content for the individual who made the following statement.
- Answer with one of the following options:
  - ""Indicator""
  - ""Ideation""
  - ""Behavior""
  - ""Attempt""
Statement:"
"egree and a job that I will hate, the list goes on and on! What am I supposed to do?! I have two options in life: be miserable for the rest of my life or kill myself...

I'm gonna fucking kill myself.",Behavior,"Determine the level of suicide-related content for the individual who made the following statement.
- Answer with one of the following options:
  - ""Indicator""
  - ""Ideation""
  - ""Behavior""
  - ""Attempt""
Statement:"
"I’m just getting ready for it now. I’m just about ready to go. I’m alone, I have a lot of time, and access to a couple ways I could end it. I’m just slowly letting go. I can’t take the pain anymore.",Ideation,"Determine the level of suicide-related content for the individual who made the following statement.
- Answer with one of the following options:
  - ""Indicator""
  - ""Ideation""
  - ""Behavior""
  - ""Attempt""
Statement:"
"up, take meds. All will be good""

""Work regularly, you'll be good""

""Don't be lazy, man up""

Stop saying these things. It hurts so much. You don't understand how we feel. Stop lying. Please just stop.",Ideation,"Determine the level of suicide-related content for the individual who made the following statement.
- Answer with one of the following options:
  - ""Indicator""
  - ""Ideation""
  - ""Behavior""
  - ""Attempt""
Statement:"
Im ready Im not worth any further investment. I should do something to end me before I do something I regret but I'm too scared at the moment.,Ideation,"Determine the level of suicide-related content for the individual who made the following statement.
- Answer with one of the following options:
  - ""Indicator""
  - ""Ideation""
  - ""Behavior""
  - ""Attempt""
Statement:"
"r something. I don't want to be disappointed anymore, it's so painful to see people who are happy I hate my life I hate myself  why can't I be happy I don't understand what I did wrong to deserve this",Ideation,"Determine the level of suicide-related content for the individual who made the following statement.
- Answer with one of the following options:
  - ""Indicator""
  - ""Ideation""
  - ""Behavior""
  - ""Attempt""
Statement:"
I’m laying in bed with a Glock on my chest and my boyfriend is watching the McGregor fight in the living room without a care These ups and downs are so unfair,Behavior,"Determine the level of suicide-related content for the individual who made the following statement.
- Answer with one of the following options:
  - ""Indicator""
  - ""Ideation""
  - ""Behavior""
  - ""Attempt""
Statement:"
"ething crazy, something dangerous that could potentially lead to death? One last thrill on the way out. It’s not going to matter anyway if the outcome is the same.

Be interested to hear your thoughts",Ideation,"Determine the level of suicide-related content for the individual who made the following statement.
- Answer with one of the following options:
  - ""Indicator""
  - ""Ideation""
  - ""Behavior""
  - ""Attempt""
Statement:"
"s of rest. The one thing I finally was so excited about is gone, and yet again I’m just left here just fucking wrecked. It would be darkly comical, the amount of misfortune, but for my fucking sanity.",Behavior,"Determine the level of suicide-related content for the individual who made the following statement.
- Answer with one of the following options:
  - ""Indicator""
  - ""Ideation""
  - ""Behavior""
  - ""Attempt""
Statement:"
What makes life worth? ,Indicator,"Determine the level of suicide-related content for the individual who made the following statement.
- Answer with one of the following options:
  - ""Indicator""
  - ""Ideation""
  - ""Behavior""
  - ""Attempt""
Statement:"
when i was 8 i stepped in front of a speeding car and i wish it all ended there ,Attempt,"Determine the level of suicide-related content for the individual who made the following statement.
- Answer with one of the following options:
  - ""Indicator""
  - ""Ideation""
  - ""Behavior""
  - ""Attempt""
Statement:"
"What’s the purpose of life? Give a reasonable reason besides any common bs “life is full of..., I know you are hurting now but it’ll..., or a lot of people love you and if you do it...”",Ideation,"Determine the level of suicide-related content for the individual who made the following statement.
- Answer with one of the following options:
  - ""Indicator""
  - ""Ideation""
  - ""Behavior""
  - ""Attempt""
Statement:"
I just wanna die I can't take this anymore If the world is gonna make me suffer like this then maybe I should go. I have ways to do it.,Behavior,"Determine the level of suicide-related content for the individual who made the following statement.
- Answer with one of the following options:
  - ""Indicator""
  - ""Ideation""
  - ""Behavior""
  - ""Attempt""
Statement:"
Better Off Depressed I feel like I’ve always been depressed so it feels better than happiness now. I just think some people are destined to be unhappy.,Indicator,"Determine the level of suicide-related content for the individual who made the following statement.
- Answer with one of the following options:
  - ""Indicator""
  - ""Ideation""
  - ""Behavior""
  - ""Attempt""
Statement:"
ainful way to kill yourself? I know I shouldn’t be asking this but I just need a way to Kim’s. I don’t wanna hear all this livings the least painful way shit someone just give me a straight up answer.,Indicator,"Determine the level of suicide-related content for the individual who made the following statement.
- Answer with one of the following options:
  - ""Indicator""
  - ""Ideation""
  - ""Behavior""
  - ""Attempt""
Statement:"
yself than going through so much to get my drivers license. I know it's normal to suck at driving at first but I can't stand him yelling at me and he acts like I should know certain things right away.,Ideation,"Determine the level of suicide-related content for the individual who made the following statement.
- Answer with one of the following options:
  - ""Indicator""
  - ""Ideation""
  - ""Behavior""
  - ""Attempt""
Statement:"
"no one cares if i die. everyone wants me to suffer. no one can help me. no one. talking to anyone doesn't help. please someone,kill me. ",Ideation,"Determine the level of suicide-related content for the individual who made the following statement.
- Answer with one of the following options:
  - ""Indicator""
  - ""Ideation""
  - ""Behavior""
  - ""Attempt""
Statement:"
"houldn't be wasting people's resources or time if I'm not going to kill myself right this moment. 

I guess I'm just slightly afraid of what I'd do, but I'm not even sure what my next steps should be.",Ideation,"Determine the level of suicide-related content for the individual who made the following statement.
- Answer with one of the following options:
  - ""Indicator""
  - ""Ideation""
  - ""Behavior""
  - ""Attempt""
Statement:"
I am tired of living this shitty life I am tired of living. I am tired of going on like this. I just want to die and be put to rest. Please God end my suffering and take me with you. :(,Ideation,"Determine the level of suicide-related content for the individual who made the following statement.
- Answer with one of the following options:
  - ""Indicator""
  - ""Ideation""
  - ""Behavior""
  - ""Attempt""
Statement:"
Suicide hotline is temporarily unavailable. It won’t let me post a screenshot but I guess I’ll just die then. Fuck them.,Ideation,"Determine the level of suicide-related content for the individual who made the following statement.
- Answer with one of the following options:
  - ""Indicator""
  - ""Ideation""
  - ""Behavior""
  - ""Attempt""
Statement:"
"Honestly. One reason to live, just one. Does anyone actually have a reason to live? If you’re not rich, famous, popular etc what is the point in living? Life is so fucking stupidly shit it’s insane.",Indicator,"Determine the level of suicide-related content for the individual who made the following statement.
- Answer with one of the following options:
  - ""Indicator""
  - ""Ideation""
  - ""Behavior""
  - ""Attempt""
Statement:"
"keep going. I feel like at every possible turn and moment people just keep kicking me while I'm down, idk no one will probably see this but I only thing I can feel is numb and pain. I just don't care.",Indicator,"Determine the level of suicide-related content for the individual who made the following statement.
- Answer with one of the following options:
  - ""Indicator""
  - ""Ideation""
  - ""Behavior""
  - ""Attempt""
Statement:"
whst jobs do you guys do? im not sure i can manage a job my mental health is so so awful ,Indicator,"Determine the level of suicide-related content for the individual who made the following statement.
- Answer with one of the following options:
  - ""Indicator""
  - ""Ideation""
  - ""Behavior""
  - ""Attempt""
Statement:"
"d record my thoughts, I convinced myself how stupid I was for thinking that, but sometimes that thought of paranoia comes swooping back. is there any way I can just stop feeling so horrible like this?",Ideation,"Determine the level of suicide-related content for the individual who made the following statement.
- Answer with one of the following options:
  - ""Indicator""
  - ""Ideation""
  - ""Behavior""
  - ""Attempt""
Statement:"
"I need to do it... I don't want to but I have to, it's the only way I can stop being me, my head is so fucked...",Indicator,"Determine the level of suicide-related content for the individual who made the following statement.
- Answer with one of the following options:
  - ""Indicator""
  - ""Ideation""
  - ""Behavior""
  - ""Attempt""
Statement:"
I am going to kill myself I don't care about anything anymore. I'll do it in a few days maybe.,Behavior,"Determine the level of suicide-related content for the individual who made the following statement.
- Answer with one of the following options:
  - ""Indicator""
  - ""Ideation""
  - ""Behavior""
  - ""Attempt""
Statement:"
"Why should I I know I'm the only one capable of fixing of this and... it works, but why should I? Why should I? Why",Indicator,"Determine the level of suicide-related content for the individual who made the following statement.
- Answer with one of the following options:
  - ""Indicator""
  - ""Ideation""
  - ""Behavior""
  - ""Attempt""
Statement:"
sition that I work 10 hours a day on and the only reason I'm doing it is so I can graduate. I wish I could just quit but that would destroy everything I've done in the last 5 years. I feel so trapped.,Indicator,"Determine the level of suicide-related content for the individual who made the following statement.
- Answer with one of the following options:
  - ""Indicator""
  - ""Ideation""
  - ""Behavior""
  - ""Attempt""
Statement:"
"ie I hate my bpd, it has ruined my life top to bottom. In 10 minutes I’ll be happy again. But I just want to be dead now. Sometimes I imagine how much better my life would be without being borderline.",Ideation,"Determine the level of suicide-related content for the individual who made the following statement.
- Answer with one of the following options:
  - ""Indicator""
  - ""Ideation""
  - ""Behavior""
  - ""Attempt""
Statement:"
"Alone, Lonely, Tired Who cares, staring at this city, full of people, just waiting for us to disappear. Nothing but skin and bones.

How the fuck am I still here?",Indicator,"Determine the level of suicide-related content for the individual who made the following statement.
- Answer with one of the following options:
  - ""Indicator""
  - ""Ideation""
  - ""Behavior""
  - ""Attempt""
Statement:"
" provide anything to the world. Even as I write this I will know that my mind won’t let me do anything to fix it. 

I thank you all for the support in advanced even though I think I don’t deserve it. ",Ideation,"Determine the level of suicide-related content for the individual who made the following statement.
- Answer with one of the following options:
  - ""Indicator""
  - ""Ideation""
  - ""Behavior""
  - ""Attempt""
Statement:"
Can someone just hug me please I just want the pain to go away,Indicator,"Determine the level of suicide-related content for the individual who made the following statement.
- Answer with one of the following options:
  - ""Indicator""
  - ""Ideation""
  - ""Behavior""
  - ""Attempt""
Statement:"
"I can't trust anyone I can't trust nor believe in anyone, I've been lied and fooled so many times that i have no idea who's telling the truth anymore.",Indicator,"Determine the level of suicide-related content for the individual who made the following statement.
- Answer with one of the following options:
  - ""Indicator""
  - ""Ideation""
  - ""Behavior""
  - ""Attempt""
Statement:"
" more often it feels like the only way I can even get to a place where I would feel okay would be to just be done and kill myself. 

I guess it does feel good to at least get all of this off my chest.",Ideation,"Determine the level of suicide-related content for the individual who made the following statement.
- Answer with one of the following options:
  - ""Indicator""
  - ""Ideation""
  - ""Behavior""
  - ""Attempt""
Statement:"
"I'm extremely unstable tonight , i have xanax with me and I'm thinking of killing myself I'm very close , these days feels like are going to be my last ones.",Behavior,"Determine the level of suicide-related content for the individual who made the following statement.
- Answer with one of the following options:
  - ""Indicator""
  - ""Ideation""
  - ""Behavior""
  - ""Attempt""
Statement:"
"ntact the police? Can you recommend a support group? Is it prying of me to do this, should I leave her family to do it?

I mean I feel like it's a supernatural-call-for-help -- Dreaming about someone.",Ideation,"Determine the level of suicide-related content for the individual who made the following statement.
- Answer with one of the following options:
  - ""Indicator""
  - ""Ideation""
  - ""Behavior""
  - ""Attempt""
Statement:"
n't good enough. If you aren't pretty enough. You aren't good enough. 'You deserve someone special' Do I? Doesn't seem like it. I've had enough I want the longing to end. I want to finally end things.,Ideation,"Determine the level of suicide-related content for the individual who made the following statement.
- Answer with one of the following options:
  - ""Indicator""
  - ""Ideation""
  - ""Behavior""
  - ""Attempt""
Statement:"
How honest are you guys with your therapist/Dr about wanting to die? It’s a fine line to tread. I feel like I can’t be too honest or the police will rock up to my door or I’ll be scheduled.,Indicator,"Determine the level of suicide-related content for the individual who made the following statement.
- Answer with one of the following options:
  - ""Indicator""
  - ""Ideation""
  - ""Behavior""
  - ""Attempt""
Statement:"
Literally hate being alive!! I hate it with a passion I’ve had more than I can take!!,Ideation,"Determine the level of suicide-related content for the individual who made the following statement.
- Answer with one of the following options:
  - ""Indicator""
  - ""Ideation""
  - ""Behavior""
  - ""Attempt""
Statement:"
nows if I’ll turn out to have the guts to do what I’m about to leave to try but hopefully if I do it and am successful my friends and family understands I’m in so much pain... I’m tired of fighting...,Behavior,"Determine the level of suicide-related content for the individual who made the following statement.
- Answer with one of the following options:
  - ""Indicator""
  - ""Ideation""
  - ""Behavior""
  - ""Attempt""
Statement:"
Uh I just took an unknown but high dose of ativan like prob around 20 plus mg of Ativan. I am going to be peacefully dead asleep tonight. What should I do? I'm very excited :),Attempt,"Determine the level of suicide-related content for the individual who made the following statement.
- Answer with one of the following options:
  - ""Indicator""
  - ""Ideation""
  - ""Behavior""
  - ""Attempt""
Statement:"
"ad that he is probably ashamed of. How do I deal with the pain of life. I feel like I'm a failure to my son, my parents, and everyone around me. Why am I even here. I serve no purpose but only suffer.",Ideation,"Determine the level of suicide-related content for the individual who made the following statement.
- Answer with one of the following options:
  - ""Indicator""
  - ""Ideation""
  - ""Behavior""
  - ""Attempt""
Statement:"
"Lonely, depressed, drunk on liquor, and want to end it all tonight. Can’t get a girlfriend, depressed as shit. Want to jump out of my window tonight.",Ideation,"Determine the level of suicide-related content for the individual who made the following statement.
- Answer with one of the following options:
  - ""Indicator""
  - ""Ideation""
  - ""Behavior""
  - ""Attempt""
Statement:"
"Why shouldn't I kill myself I dont bring light or make anything better where I go. I'm just here, I'm stupid, maybe autistic, maybe borderline. I don't want to hurt anymore",Indicator,"Determine the level of suicide-related content for the individual who made the following statement.
- Answer with one of the following options:
  - ""Indicator""
  - ""Ideation""
  - ""Behavior""
  - ""Attempt""
Statement:"
Want to sleep and never wake up Can’t take life anymore. People just abandon me. I’m worthless.,Ideation,"Determine the level of suicide-related content for the individual who made the following statement.
- Answer with one of the following options:
  - ""Indicator""
  - ""Ideation""
  - ""Behavior""
  - ""Attempt""
Statement:"
"re to call home so it’s not like I really have anything or anyone to live for. 

I am in such a dangerous position in life right now and I don’t know how much I can take or how much longer I can last.",Ideation,"Determine the level of suicide-related content for the individual who made the following statement.
- Answer with one of the following options:
  - ""Indicator""
  - ""Ideation""
  - ""Behavior""
  - ""Attempt""
Statement:"
Please someone reach out to me. I can't Live like this. No one cares. ,Indicator,"Determine the level of suicide-related content for the individual who made the following statement.
- Answer with one of the following options:
  - ""Indicator""
  - ""Ideation""
  - ""Behavior""
  - ""Attempt""
Statement:"
g my performance down but they know its just me. they regret having me because i just leech off of them and everyone else. i know i sound so pathetic right now i just needed to get stuff off my chest.,Ideation,"Determine the level of suicide-related content for the individual who made the following statement.
- Answer with one of the following options:
  - ""Indicator""
  - ""Ideation""
  - ""Behavior""
  - ""Attempt""
Statement:"
"Bullying's fucking bitch Maybe if I shoot myself, and include them in my suicide letter they'll finally learn.",Behavior,"Determine the level of suicide-related content for the individual who made the following statement.
- Answer with one of the following options:
  - ""Indicator""
  - ""Ideation""
  - ""Behavior""
  - ""Attempt""
Statement:"
"where where can i confess my sins, confess the things ive done. ive committed evils and i want to talk them over, without judgement, to see if suicide is really the only option",Ideation,"Determine the level of suicide-related content for the individual who made the following statement.
- Answer with one of the following options:
  - ""Indicator""
  - ""Ideation""
  - ""Behavior""
  - ""Attempt""
Statement:"
" week, but highly doubt he'll have much to add on the matter.

&amp;#x200B;

Bottom line, though, this drug has been an absolute nightmare. I don't want to keep living if I feel like I'm already dead.",Ideation,"Determine the level of suicide-related content for the individual who made the following statement.
- Answer with one of the following options:
  - ""Indicator""
  - ""Ideation""
  - ""Behavior""
  - ""Attempt""
Statement:"
"line classes, I can't see myself in a better future 
I want to stab myself 
I want to hung myself
I want to jump off a cliff and feel the rocks break my bones
I have sleeping pills but I don't want to",Behavior,"Determine the level of suicide-related content for the individual who made the following statement.
- Answer with one of the following options:
  - ""Indicator""
  - ""Ideation""
  - ""Behavior""
  - ""Attempt""
Statement:"
"Very suicidal, need some help Psychotic depression kills me.
I'm in a very dark place at the moment.
I feel like I'll kill myself very soon if I don't get any help.
Please help.",Ideation,"Determine the level of suicide-related content for the individual who made the following statement.
- Answer with one of the following options:
  - ""Indicator""
  - ""Ideation""
  - ""Behavior""
  - ""Attempt""
Statement:"
What’s Keeping You Here? What keeps you going in life?,Indicator,"Determine the level of suicide-related content for the individual who made the following statement.
- Answer with one of the following options:
  - ""Indicator""
  - ""Ideation""
  - ""Behavior""
  - ""Attempt""
Statement:"
"sed with doesnt like him anymore. I managed to talk him out of it last night but he said if the guy doesnt fall for her again by next week, hes gonna shoot himself in the head. I dont know what to do.",Indicator,"Determine the level of suicide-related content for the individual who made the following statement.
- Answer with one of the following options:
  - ""Indicator""
  - ""Ideation""
  - ""Behavior""
  - ""Attempt""
Statement:"
anymore. I haven't been able to journal or keep a track of my thoughts. Feels good thinking about not hurting myself in the last month and a half but I don't see any reason to abstain from it anymore.,Attempt,"Determine the level of suicide-related content for the individual who made the following statement.
- Answer with one of the following options:
  - ""Indicator""
  - ""Ideation""
  - ""Behavior""
  - ""Attempt""
Statement:"
"n too. Scared of failing I think. I am a burden to my family and friends, a liability to my coworker and now I am here being a burden on internet strangers... I am just grasping at straws here I guess",Ideation,"Determine the level of suicide-related content for the individual who made the following statement.
- Answer with one of the following options:
  - ""Indicator""
  - ""Ideation""
  - ""Behavior""
  - ""Attempt""
Statement:"
"to get better but now I see that I'm too fucked up for anything to have helped and I don't deserve it and I need to die, I just need to figure out how to do it without accidentally hurting anyone else",Ideation,"Determine the level of suicide-related content for the individual who made the following statement.
- Answer with one of the following options:
  - ""Indicator""
  - ""Ideation""
  - ""Behavior""
  - ""Attempt""
Statement:"
"ll and explode and i am one of them, to a clueless little dog.

I want to die. I want to disappear. I am on the edge and if not tonight one day i will take myself away from here so i can’t hurt anyone",Ideation,"Determine the level of suicide-related content for the individual who made the following statement.
- Answer with one of the following options:
  - ""Indicator""
  - ""Ideation""
  - ""Behavior""
  - ""Attempt""
Statement:"
"Panic Attack Can u guys help me, I am having a panic attack right now. I don’t what to do, Im havign a urge to cut my wrist again and i cant my sibling around. Im sory",Attempt,"Determine the level of suicide-related content for the individual who made the following statement.
- Answer with one of the following options:
  - ""Indicator""
  - ""Ideation""
  - ""Behavior""
  - ""Attempt""
Statement:"
"like “Things will get better”, “ You will be fine”, etc. Everyone will find their ways and it may not happen instantly, but trust me with patience and time it will. 

Thanks again everyone, stay safe.",Ideation,"Determine the level of suicide-related content for the individual who made the following statement.
- Answer with one of the following options:
  - ""Indicator""
  - ""Ideation""
  - ""Behavior""
  - ""Attempt""
Statement:"
Some days i wanna kill myself. Other days i still wanna kill myself Nothing will ever change lol,Ideation,"Determine the level of suicide-related content for the individual who made the following statement.
- Answer with one of the following options:
  - ""Indicator""
  - ""Ideation""
  - ""Behavior""
  - ""Attempt""
Statement:"
I missed my psychiatrist appointment. The one I’ve been waiting for for a month. And now I’m going to kill my self I can’t wait any longer. I can’t. I’m too tired of holding onto hope,Behavior,"Determine the level of suicide-related content for the individual who made the following statement.
- Answer with one of the following options:
  - ""Indicator""
  - ""Ideation""
  - ""Behavior""
  - ""Attempt""
Statement:"
"ng this if i know it won’t help in any way? I’m lost and stuck. Feel like I’m left so far behind.. and time keeps running, not waiting for me. I’m too slow. 

I hope you all feeling better these days.",Indicator,"Determine the level of suicide-related content for the individual who made the following statement.
- Answer with one of the following options:
  - ""Indicator""
  - ""Ideation""
  - ""Behavior""
  - ""Attempt""
Statement:"
"I feel shitty i just wanna end it already but i keep thinking about my gf.

i guess i'll do it when this relationship is over.",Indicator,"Determine the level of suicide-related content for the individual who made the following statement.
- Answer with one of the following options:
  - ""Indicator""
  - ""Ideation""
  - ""Behavior""
  - ""Attempt""
Statement:"
I think I won't make it to 2021 ,Behavior,"Determine the level of suicide-related content for the individual who made the following statement.
- Answer with one of the following options:
  - ""Indicator""
  - ""Ideation""
  - ""Behavior""
  - ""Attempt""
Statement:"
"ry or bother anyone here I at least know the damage is limited. Regardless, thanks to anyone who read through this far. I’m so sorry for the long post I just really needed to say something to someone.",Behavior,"Determine the level of suicide-related content for the individual who made the following statement.
- Answer with one of the following options:
  - ""Indicator""
  - ""Ideation""
  - ""Behavior""
  - ""Attempt""
Statement:"
crawling out of my skin 24/7 does anyone else feel like they are physically crawling out of their skin 24/7? it's unbearable,Indicator,"Determine the level of suicide-related content for the individual who made the following statement.
- Answer with one of the following options:
  - ""Indicator""
  - ""Ideation""
  - ""Behavior""
  - ""Attempt""
Statement:"
"ly spoiled it by wrong decisions made in the last 2 years, my life is over. The idea of ​​killing myself is the only thing that comforts me right now as I'm typing and with tears running down my face.",Ideation,"Determine the level of suicide-related content for the individual who made the following statement.
- Answer with one of the following options:
  - ""Indicator""
  - ""Ideation""
  - ""Behavior""
  - ""Attempt""
Statement:"
te (pun not intended) but my little sister is giving me pause. I need to be there for her. I think my suicidal thoughts and feelings will win in the end but she’s the one I’m sad about leaving behind.,Behavior,"Determine the level of suicide-related content for the individual who made the following statement.
- Answer with one of the following options:
  - ""Indicator""
  - ""Ideation""
  - ""Behavior""
  - ""Attempt""
Statement:"
"'t end up as tall as him (6'1"") which is understandable. I don't know what this cough means for me, I think I should just let whatever is wrong with me run its course.

I won't lie though, I'm afraid.",Indicator,"Determine the level of suicide-related content for the individual who made the following statement.
- Answer with one of the following options:
  - ""Indicator""
  - ""Ideation""
  - ""Behavior""
  - ""Attempt""
Statement:"
"ining about something as dumb as religious stuff. I guess I just needed to vent because I've been feeling really isolated recently and can't really talk about any of this to anyone, even my therapist.",Indicator,"Determine the level of suicide-related content for the individual who made the following statement.
- Answer with one of the following options:
  - ""Indicator""
  - ""Ideation""
  - ""Behavior""
  - ""Attempt""
Statement:"
"ope broke took it as a sighnt so im waiting a few more days before trying it again..

would mean a lot if soneone have some advice, thanks.

and sorry for bad writing english is not my first language.",Ideation,"Determine the level of suicide-related content for the individual who made the following statement.
- Answer with one of the following options:
  - ""Indicator""
  - ""Ideation""
  - ""Behavior""
  - ""Attempt""
Statement:"
"I want to see him perform, but I may be homeless by mid-august. My panic and suicidal ideation are growing exponentially, day by day. I just want to stop existing. I want to go to bed and not wake up.",Attempt,"Determine the level of suicide-related content for the individual who made the following statement.
- Answer with one of the following options:
  - ""Indicator""
  - ""Ideation""
  - ""Behavior""
  - ""Attempt""
Statement:"
"Give me one reason to live I see no point, I'm ending it in 10 minutes",Behavior,"Determine the level of suicide-related content for the individual who made the following statement.
- Answer with one of the following options:
  - ""Indicator""
  - ""Ideation""
  - ""Behavior""
  - ""Attempt""
Statement:"
Fuck this. I finally admitted to my mom that I’m suicidal and don’t think I’ll make is past this summer and she smirked and rolled her eyes. Maybe it is time for me to fucking go.,Ideation,"Determine the level of suicide-related content for the individual who made the following statement.
- Answer with one of the following options:
  - ""Indicator""
  - ""Ideation""
  - ""Behavior""
  - ""Attempt""
Statement:"
Feel like something is missing I've done everything right. I've worked so hard to get to where i am now but i constantly feel like there's something missing like my life is incomplete.,Indicator,"Determine the level of suicide-related content for the individual who made the following statement.
- Answer with one of the following options:
  - ""Indicator""
  - ""Ideation""
  - ""Behavior""
  - ""Attempt""
Statement:"
I wanna go sleep I have 58 pcs of 100 mg seroquel / 58pcs of viepax 150 mg and viepax 75mg I wanna go sleep forever can't take this shit no more I'm sick and tired of my shitty life,Behavior,"Determine the level of suicide-related content for the individual who made the following statement.
- Answer with one of the following options:
  - ""Indicator""
  - ""Ideation""
  - ""Behavior""
  - ""Attempt""
Statement:"
QUIT FUCKING PISSING ME OFF! QUIT PISSING ME OFF! QUIT PISSING ME OFF! QUIT PISSING ME OFF! QUIT PISSING ME OFF! QUIT PISSING ME OFF! QUIT PISSING ME OFF! QUIT PISSING ME OFF!,Indicator,"Determine the level of suicide-related content for the individual who made the following statement.
- Answer with one of the following options:
  - ""Indicator""
  - ""Ideation""
  - ""Behavior""
  - ""Attempt""
Statement:"
"I’m driving, I have to pull over and read these threads to confirm if I’m a pedo. Therapists say this is an OCD compulsion, and I know it is but I’m at my breaking point and wish a truck would hit me.",Ideation,"Determine the level of suicide-related content for the individual who made the following statement.
- Answer with one of the following options:
  - ""Indicator""
  - ""Ideation""
  - ""Behavior""
  - ""Attempt""
Statement:"
Writing down all my online passwords for my family before i commit suicide ,Behavior,"Determine the level of suicide-related content for the individual who made the following statement.
- Answer with one of the following options:
  - ""Indicator""
  - ""Ideation""
  - ""Behavior""
  - ""Attempt""
Statement:"
Giving myself a month There’s not much else i can do besides just kill my self,Ideation,"Determine the level of suicide-related content for the individual who made the following statement.
- Answer with one of the following options:
  - ""Indicator""
  - ""Ideation""
  - ""Behavior""
  - ""Attempt""
Statement:"
"people socializing? It’s probably because I am not blessed with the level of charisma a lot of people were born with. I mean, who wants to be with someone whose personality is that of a cardboard box?",Ideation,"Determine the level of suicide-related content for the individual who made the following statement.
- Answer with one of the following options:
  - ""Indicator""
  - ""Ideation""
  - ""Behavior""
  - ""Attempt""
Statement:"
"I’m so dumb there’s no hope left for me, I deserve nothing but death. My pathological lying has cost me everything good in my life. it has to end.",Ideation,"Determine the level of suicide-related content for the individual who made the following statement.
- Answer with one of the following options:
  - ""Indicator""
  - ""Ideation""
  - ""Behavior""
  - ""Attempt""
Statement:"
Only if I had a lil more money 16 and feeling suicidal I got nothing nothing at all. I wish I had money and I could enjoy my life at its fullest,Ideation,"Determine the level of suicide-related content for the individual who made the following statement.
- Answer with one of the following options:
  - ""Indicator""
  - ""Ideation""
  - ""Behavior""
  - ""Attempt""
Statement:"
Is it normal to think about killing yourself? is mentioning you want to die a dramatic cry for help or a serious matter? Do most people consider this at some point in their life? is it normal?,Ideation,"Determine the level of suicide-related content for the individual who made the following statement.
- Answer with one of the following options:
  - ""Indicator""
  - ""Ideation""
  - ""Behavior""
  - ""Attempt""
Statement:"
May your suicide never inflate to homicide ,Indicator,"Determine the level of suicide-related content for the individual who made the following statement.
- Answer with one of the following options:
  - ""Indicator""
  - ""Ideation""
  - ""Behavior""
  - ""Attempt""
Statement:"
totally forgot to do 2 assignments. Now i’m a failure and life can never get better because I have an incomplete grade and final grades have already been submitted to the university. I’m ready to die.,Ideation,"Determine the level of suicide-related content for the individual who made the following statement.
- Answer with one of the following options:
  - ""Indicator""
  - ""Ideation""
  - ""Behavior""
  - ""Attempt""
Statement:"
"uld appreciate any advice. I know I should Google this shit or something. I'm not trying to sound lazy or like I haven't looked for answers. I think I just need my hand held through this, if possible.",Indicator,"Determine the level of suicide-related content for the individual who made the following statement.
- Answer with one of the following options:
  - ""Indicator""
  - ""Ideation""
  - ""Behavior""
  - ""Attempt""
Statement:"
I want people to understand my feelings I feel like nobody ever understands me and it makes me think what's the point of living. I really just want to be understood.,Indicator,"Determine the level of suicide-related content for the individual who made the following statement.
- Answer with one of the following options:
  - ""Indicator""
  - ""Ideation""
  - ""Behavior""
  - ""Attempt""
Statement:"
"e point?” I feel like a burden. I wanted to be an actress but it’s a foolish dream. There’s too much fucked up stuff going on in my head and no one wants to deal with me, not even my school therapist.",Indicator,"Determine the level of suicide-related content for the individual who made the following statement.
- Answer with one of the following options:
  - ""Indicator""
  - ""Ideation""
  - ""Behavior""
  - ""Attempt""
Statement:"
eing dead. I don’t want to be here anymore. I hate it. I don’t know how to do it but I just want it to be fast enough where I can’t change my mind. If you have any ideas that aren’t a gun let me know.,Ideation,"Determine the level of suicide-related content for the individual who made the following statement.
- Answer with one of the following options:
  - ""Indicator""
  - ""Ideation""
  - ""Behavior""
  - ""Attempt""
Statement:"
Why Me I guess God put me here to suffer,Indicator,"Determine the level of suicide-related content for the individual who made the following statement.
- Answer with one of the following options:
  - ""Indicator""
  - ""Ideation""
  - ""Behavior""
  - ""Attempt""
Statement:"
"Anyone suicidal from knee pain? Doesn't matter what you do, it hurts.

MRI says mild ACL sprain.

But all the stretching in the world makes no difference.

It's been 8 months, with no change in sight.",Ideation,"Determine the level of suicide-related content for the individual who made the following statement.
- Answer with one of the following options:
  - ""Indicator""
  - ""Ideation""
  - ""Behavior""
  - ""Attempt""
Statement:"
".  But I know I won't because I'm a selfish brat who wants to keep going so I can see him tomorrow and make more soap.
But I think about it every single day.  And someday, I'm just gonna fuckin do it.",Ideation,"Determine the level of suicide-related content for the individual who made the following statement.
- Answer with one of the following options:
  - ""Indicator""
  - ""Ideation""
  - ""Behavior""
  - ""Attempt""
Statement:"
"n't want to die, but even before and now after that, i have no hope. It seems like an invitation by the universe to make people laugh at me for this and just push me harder. Really i dont know anymore",Behavior,"Determine the level of suicide-related content for the individual who made the following statement.
- Answer with one of the following options:
  - ""Indicator""
  - ""Ideation""
  - ""Behavior""
  - ""Attempt""
Statement:"
It doesn’t get better every time I think life’s getting better something happens. It’s just this time I don’t know what to do. Maybe it’s a sign to say goodbye soon,Ideation,"Determine the level of suicide-related content for the individual who made the following statement.
- Answer with one of the following options:
  - ""Indicator""
  - ""Ideation""
  - ""Behavior""
  - ""Attempt""
Statement:"
". The one nice thing about being suicidal is that you shouldn’t have fear to do things. Because at the end of the day if you die from a mistake in the activity, you got what you wanted to do for less.",Ideation,"Determine the level of suicide-related content for the individual who made the following statement.
- Answer with one of the following options:
  - ""Indicator""
  - ""Ideation""
  - ""Behavior""
  - ""Attempt""
Statement:"
help it’s not worth it ive always been like this and i have no hope of ever changing. if i take a bunch of pills and fall asleep will i die in my sleep or will i wake up and feel pain,Behavior,"Determine the level of suicide-related content for the individual who made the following statement.
- Answer with one of the following options:
  - ""Indicator""
  - ""Ideation""
  - ""Behavior""
  - ""Attempt""
Statement:"
Ready Getting closer to my day and I’m excited I finally have something to look forward to,Indicator,"Determine the level of suicide-related content for the individual who made the following statement.
- Answer with one of the following options:
  - ""Indicator""
  - ""Ideation""
  - ""Behavior""
  - ""Attempt""
Statement:"
ive an annoying life and at this moment of pleasure is just so fleeting and it’s meaningless. I wish I didn’t feel this way fuvk fuck I’m not gonna make it to graduteiton for fucks sake why was I born,Ideation,"Determine the level of suicide-related content for the individual who made the following statement.
- Answer with one of the following options:
  - ""Indicator""
  - ""Ideation""
  - ""Behavior""
  - ""Attempt""
Statement:"
I’m losing my mind again. Need someone to talk to Please don’t harass me. I’m traumatized enough,Indicator,"Determine the level of suicide-related content for the individual who made the following statement.
- Answer with one of the following options:
  - ""Indicator""
  - ""Ideation""
  - ""Behavior""
  - ""Attempt""
Statement:"
I hate being lonely but can't keep a friend for the life of me Why do I have to be like this :( I just want to be normal and be able to talk to people without hating it.,Indicator,"Determine the level of suicide-related content for the individual who made the following statement.
- Answer with one of the following options:
  - ""Indicator""
  - ""Ideation""
  - ""Behavior""
  - ""Attempt""
Statement:"
"eeling didn't change from November.

So I plan to hang myself in the highest tree of the forest after cutting off my rights ring finger with an axe.

Everything is ready; the rope, the axe and the car",Behavior,"Determine the level of suicide-related content for the individual who made the following statement.
- Answer with one of the following options:
  - ""Indicator""
  - ""Ideation""
  - ""Behavior""
  - ""Attempt""
Statement:"
"lain to people when they ask why I stopped moving. And\~ just to top it off. I’m really insecure and I don’t like how I look, sing (which I’ve been doing for years yet I’m not even okay at it) or act.",Indicator,"Determine the level of suicide-related content for the individual who made the following statement.
- Answer with one of the following options:
  - ""Indicator""
  - ""Ideation""
  - ""Behavior""
  - ""Attempt""
Statement:"
"I put it off before because it seemed hard, but now it just looks exceedingly easy. I don't want to do it but it seems my mind just goes there. 

So it happens that being overly imaginative can be bad",Indicator,"Determine the level of suicide-related content for the individual who made the following statement.
- Answer with one of the following options:
  - ""Indicator""
  - ""Ideation""
  - ""Behavior""
  - ""Attempt""
Statement:"
somebody?? just tell me anything!,Indicator,"Determine the level of suicide-related content for the individual who made the following statement.
- Answer with one of the following options:
  - ""Indicator""
  - ""Ideation""
  - ""Behavior""
  - ""Attempt""
Statement:"
i caught my friend whats wrong with him so i found out my friend has been listening to me masturbate maybe he wants to kill himself,Indicator,"Determine the level of suicide-related content for the individual who made the following statement.
- Answer with one of the following options:
  - ""Indicator""
  - ""Ideation""
  - ""Behavior""
  - ""Attempt""
Statement:"
"How do I effectively use nitrogen gas , don’t want to mess up ",Indicator,"Determine the level of suicide-related content for the individual who made the following statement.
- Answer with one of the following options:
  - ""Indicator""
  - ""Ideation""
  - ""Behavior""
  - ""Attempt""
Statement:"
This is my last year I don’t think that I’ll live past this year. Honestly can’t bear life anymore. I want out,Ideation,"Determine the level of suicide-related content for the individual who made the following statement.
- Answer with one of the following options:
  - ""Indicator""
  - ""Ideation""
  - ""Behavior""
  - ""Attempt""
Statement:"
"o hard to get everything done. I even have tons of homework on the weekend. I need a break and I can’t even get one on the weekend. I just want to die, I bet Andrea, Crystal, and Floyd would be happy.",Ideation,"Determine the level of suicide-related content for the individual who made the following statement.
- Answer with one of the following options:
  - ""Indicator""
  - ""Ideation""
  - ""Behavior""
  - ""Attempt""
Statement:"
" changes anything, but I know it won’t. I’m sure I’ll be miserable until I end up inevitably killing myself. I don’t know if I can take much more of this bullshit. I don’t think I’m meant to be alive.",Ideation,"Determine the level of suicide-related content for the individual who made the following statement.
- Answer with one of the following options:
  - ""Indicator""
  - ""Ideation""
  - ""Behavior""
  - ""Attempt""
Statement:"
" skipping classes it just takes so much energy, I get suicidal thoughts but im probably toouch of a pussy to ever do it. I keep saying to myself I'll see a doctor but deep down I know that's not true.",Ideation,"Determine the level of suicide-related content for the individual who made the following statement.
- Answer with one of the following options:
  - ""Indicator""
  - ""Ideation""
  - ""Behavior""
  - ""Attempt""
Statement:"
"My life literally has no value If I can’t be smart, if I can’t be beautiful, if I can’t be perfect. What’s the point? My life has absolutely no value and I frankly deserve to die.",Ideation,"Determine the level of suicide-related content for the individual who made the following statement.
- Answer with one of the following options:
  - ""Indicator""
  - ""Ideation""
  - ""Behavior""
  - ""Attempt""
Statement:"
"    Fuck this.

It seems like if i haven't made in impact in my 20s.. my 30s were going to be great.  They haven't been.  I had a magical time recently, however all good things seem to come to an end.",Ideation,"Determine the level of suicide-related content for the individual who made the following statement.
- Answer with one of the following options:
  - ""Indicator""
  - ""Ideation""
  - ""Behavior""
  - ""Attempt""
Statement:"
"its going to happen ill probably do it around january when i fail my first term 
i don’t know how 
bridges seem like the best bet
hanging is too scary for me 
either one is better than this",Behavior,"Determine the level of suicide-related content for the individual who made the following statement.
- Answer with one of the following options:
  - ""Indicator""
  - ""Ideation""
  - ""Behavior""
  - ""Attempt""
Statement:"
", everyone hates me. Literally everyone. And I don’t blame them. I’m going to lift off this burden from their shoulders.

Because not all lives are worth living. Trust me. - mine being one of them. :)",Ideation,"Determine the level of suicide-related content for the individual who made the following statement.
- Answer with one of the following options:
  - ""Indicator""
  - ""Ideation""
  - ""Behavior""
  - ""Attempt""
Statement:"
Death is too scary to me I've tasted it many times. I hate life so fucking much but being close to death traumatized me. I'm so scared,Attempt,"Determine the level of suicide-related content for the individual who made the following statement.
- Answer with one of the following options:
  - ""Indicator""
  - ""Ideation""
  - ""Behavior""
  - ""Attempt""
Statement:"
"Rat Spider Cat There once was a rat,
a spider,
and a cat.

They lived in strange places
and seldom saw
one another.

Then they died,
and first became
equal.",Indicator,"Determine the level of suicide-related content for the individual who made the following statement.
- Answer with one of the following options:
  - ""Indicator""
  - ""Ideation""
  - ""Behavior""
  - ""Attempt""
Statement:"
I’m in agony Nobody understands. My anxiety is agonizing.,Indicator,"Determine the level of suicide-related content for the individual who made the following statement.
- Answer with one of the following options:
  - ""Indicator""
  - ""Ideation""
  - ""Behavior""
  - ""Attempt""
Statement:"
"Someone tell me it's not game over I see no purpose to living a life without friends, a home, job or education x",Indicator,"Determine the level of suicide-related content for the individual who made the following statement.
- Answer with one of the following options:
  - ""Indicator""
  - ""Ideation""
  - ""Behavior""
  - ""Attempt""
Statement:"
"e. At this point, if I can't do this then I plan on just off-ing myself for being such a funding idiot. I don't really have anyone to vent to either so here I am, talking to strangers on the internet.",Behavior,"Determine the level of suicide-related content for the individual who made the following statement.
- Answer with one of the following options:
  - ""Indicator""
  - ""Ideation""
  - ""Behavior""
  - ""Attempt""
Statement:"
"Is suicide by hanging a long and painful experience? ive alr tied the noose, although im still not sure. i dont want lied to if it is or not, please be honest.",Attempt,"Determine the level of suicide-related content for the individual who made the following statement.
- Answer with one of the following options:
  - ""Indicator""
  - ""Ideation""
  - ""Behavior""
  - ""Attempt""
Statement:"
"Someone to talk? My last suicide attempt was one week ago and my bf ruined it. Yesterday was a hard day, and I need someone to talk.",Attempt,"Determine the level of suicide-related content for the individual who made the following statement.
- Answer with one of the following options:
  - ""Indicator""
  - ""Ideation""
  - ""Behavior""
  - ""Attempt""
Statement:"
"amily, health. But my heartbreak is preventing me from being happy. I wish I could just move on. I wish I could live for myself. But I love them so much. I just want to feel whole. I want to be happy.",Attempt,"Determine the level of suicide-related content for the individual who made the following statement.
- Answer with one of the following options:
  - ""Indicator""
  - ""Ideation""
  - ""Behavior""
  - ""Attempt""
Statement:"
I’m really tired. I’m only 19. Idk how I’m supposed to keep pushing because it MIGHT get better. ,Indicator,"Determine the level of suicide-related content for the individual who made the following statement.
- Answer with one of the following options:
  - ""Indicator""
  - ""Ideation""
  - ""Behavior""
  - ""Attempt""
Statement:"
Time to drink myself until I fall asleep again. ,Indicator,"Determine the level of suicide-related content for the individual who made the following statement.
- Answer with one of the following options:
  - ""Indicator""
  - ""Ideation""
  - ""Behavior""
  - ""Attempt""
Statement:"
What do I do I'm too mentally ill to work. I wanna get a job and move out but it's too much for me. I see no way out of this.,Indicator,"Determine the level of suicide-related content for the individual who made the following statement.
- Answer with one of the following options:
  - ""Indicator""
  - ""Ideation""
  - ""Behavior""
  - ""Attempt""
Statement:"
"o about a woman who killed her husband by putting eye drops in his beverages and i’d be lying if i said that didn’t give me an idea of a new suicide method 🧍‍♀️

*sigh*... i wish i wasn’t like this :(",Behavior,"Determine the level of suicide-related content for the individual who made the following statement.
- Answer with one of the following options:
  - ""Indicator""
  - ""Ideation""
  - ""Behavior""
  - ""Attempt""
Statement:"
ontrol the anger anymore. I can't belive I have trusted such a narcissistic being and called him my father. So childlike and abusive. So good with words. My brain cells seem to die when I talk to him.,Indicator,"Determine the level of suicide-related content for the individual who made the following statement.
- Answer with one of the following options:
  - ""Indicator""
  - ""Ideation""
  - ""Behavior""
  - ""Attempt""
Statement:"
"ful actually, slowly sinking to the bottom of the ocean as you see a light at the end of the tunnel. A nice smooth transition to death. If I get kicked out of my house, I think I might go and do that.",Behavior,"Determine the level of suicide-related content for the individual who made the following statement.
- Answer with one of the following options:
  - ""Indicator""
  - ""Ideation""
  - ""Behavior""
  - ""Attempt""
Statement:"
you sleep yet you wake up tired ,Indicator,"Determine the level of suicide-related content for the individual who made the following statement.
- Answer with one of the following options:
  - ""Indicator""
  - ""Ideation""
  - ""Behavior""
  - ""Attempt""
Statement:"
"Still a Solution All that I can think about when I hear the phrase, ""Suicide is a permanent solution to a temporary problem"", is that it's still a solution...",Ideation,"Determine the level of suicide-related content for the individual who made the following statement.
- Answer with one of the following options:
  - ""Indicator""
  - ""Ideation""
  - ""Behavior""
  - ""Attempt""
Statement:"
"ime, in every situation, but now it’s not just thinking about it, it’s considering it - working it out perfectly in my head. Considering and calculating your own death, is however, weirdly comforting.",Attempt,"Determine the level of suicide-related content for the individual who made the following statement.
- Answer with one of the following options:
  - ""Indicator""
  - ""Ideation""
  - ""Behavior""
  - ""Attempt""
Statement:"
"life. Compared to my life when she was the same age, my mom had it easy. I know thinking this way just makes things worse but it makes it all the more tempting to “check out.” The odds are against me.",Ideation,"Determine the level of suicide-related content for the individual who made the following statement.
- Answer with one of the following options:
  - ""Indicator""
  - ""Ideation""
  - ""Behavior""
  - ""Attempt""
Statement:"
nd everything boring my friends are the only thing keeping me going and i dont have many since they all left i get bullied so stopped attending school i dont have good grades idk what i should do haha,Ideation,"Determine the level of suicide-related content for the individual who made the following statement.
- Answer with one of the following options:
  - ""Indicator""
  - ""Ideation""
  - ""Behavior""
  - ""Attempt""
Statement:"
Help I want to end my life but I can't think of an interesting enough way to do so. Does anybody have any ideas?,Ideation,"Determine the level of suicide-related content for the individual who made the following statement.
- Answer with one of the following options:
  - ""Indicator""
  - ""Ideation""
  - ""Behavior""
  - ""Attempt""
Statement:"
"o look forward to is a dystopian police state, then I refuse to live in it.

I will buy some rope tomorrow so that I will be ready to hang myself if another lockdown occurs and I am out of work again.",Behavior,"Determine the level of suicide-related content for the individual who made the following statement.
- Answer with one of the following options:
  - ""Indicator""
  - ""Ideation""
  - ""Behavior""
  - ""Attempt""
Statement:"
I think my one longtime friend I have left just dropped me. There goes the last real reason I have to not just die already. And if I tell her it's manipulative.,Ideation,"Determine the level of suicide-related content for the individual who made the following statement.
- Answer with one of the following options:
  - ""Indicator""
  - ""Ideation""
  - ""Behavior""
  - ""Attempt""
Statement:"
n't want to be a burden anymore. What's the point of life when you can't even carry your own weight? I just want to be normal. How do I kill myself without leaving a body my parents have to deal with?,Ideation,"Determine the level of suicide-related content for the individual who made the following statement.
- Answer with one of the following options:
  - ""Indicator""
  - ""Ideation""
  - ""Behavior""
  - ""Attempt""
Statement:"
I just want to die Why is it so hard to die. I just want to kill myself but I can’t find a suitable way to go,Ideation,"Determine the level of suicide-related content for the individual who made the following statement.
- Answer with one of the following options:
  - ""Indicator""
  - ""Ideation""
  - ""Behavior""
  - ""Attempt""
Statement:"
"ced is in the past, and I'm still allowing it to control me. Why the fuck am I alive and existing in people's lives? I bring nothing to the table. Absolutely nothing. My life has no worth. No meaning.",Ideation,"Determine the level of suicide-related content for the individual who made the following statement.
- Answer with one of the following options:
  - ""Indicator""
  - ""Ideation""
  - ""Behavior""
  - ""Attempt""
Statement:"
"ody. I feel so selfish to admit this, but I just want them to check on me and make sure I’m okay, because even knowing that they care enough to ask would help.

I don’t know how long I can keep going.",Ideation,"Determine the level of suicide-related content for the individual who made the following statement.
- Answer with one of the following options:
  - ""Indicator""
  - ""Ideation""
  - ""Behavior""
  - ""Attempt""
Statement:"
"pain is enough that i can't do anything but lay in bed, its scary but honestly.. I'm hoping if i ignore it long enough it will lead to something fatal. An easy way out that won't leave anyone scarred.",Indicator,"Determine the level of suicide-related content for the individual who made the following statement.
- Answer with one of the following options:
  - ""Indicator""
  - ""Ideation""
  - ""Behavior""
  - ""Attempt""
Statement:"
"much. At the same time, this is so much to carry alone, it's been like this for seven years, and I've never told anyone. It's too much... I wish I could tell someone this without getting hospitalized.",Behavior,"Determine the level of suicide-related content for the individual who made the following statement.
- Answer with one of the following options:
  - ""Indicator""
  - ""Ideation""
  - ""Behavior""
  - ""Attempt""
Statement:"
"ening.

Im using a weird reddit account, I hope that doesn't affect anything. I try to be a positive force in my other account. I don't want to hurt anyone if they found out I'm struggling this badly.",Behavior,"Determine the level of suicide-related content for the individual who made the following statement.
- Answer with one of the following options:
  - ""Indicator""
  - ""Ideation""
  - ""Behavior""
  - ""Attempt""
Statement:"
"end that commited suicide😭😭😭😭 I fucking hate everything, and it's time for me to leave as well. Theres no reason for me to be alive, I won't miss shit and no one will probably miss me either. Goodbye.",Behavior,"Determine the level of suicide-related content for the individual who made the following statement.
- Answer with one of the following options:
  - ""Indicator""
  - ""Ideation""
  - ""Behavior""
  - ""Attempt""
Statement:"
"Took some pills I took 5 40mg propranolol, 2 fluoxetine 20mg and 4 iron sulfate will it do anything",Attempt,"Determine the level of suicide-related content for the individual who made the following statement.
- Answer with one of the following options:
  - ""Indicator""
  - ""Ideation""
  - ""Behavior""
  - ""Attempt""
Statement:"
I'm gonna twist my dick off I'm gonna commit suicide. I can't get a boner but I sure am gonna try here . I'm gonna wait it off a die of blood loss.,Behavior,"Determine the level of suicide-related content for the individual who made the following statement.
- Answer with one of the following options:
  - ""Indicator""
  - ""Ideation""
  - ""Behavior""
  - ""Attempt""
Statement:"
 observe me at home. My “friends” have all pretty much ditched me. Im left with only two good friends and five friends. I still sleep in class but my teachers now dont care much which i guess is good.,Ideation,"Determine the level of suicide-related content for the individual who made the following statement.
- Answer with one of the following options:
  - ""Indicator""
  - ""Ideation""
  - ""Behavior""
  - ""Attempt""
Statement:"
"ven seen in 3 despite still being friends. I feel like a fat, retarded simp. I just want to blow my brains out but I can't do that to my family. But is guilt really a good enough reason to stay alive?",Ideation,"Determine the level of suicide-related content for the individual who made the following statement.
- Answer with one of the following options:
  - ""Indicator""
  - ""Ideation""
  - ""Behavior""
  - ""Attempt""
Statement:"
fuck everything Honestly was considering overdosing in the school bathroom yesterday but I didnt have enough. Would have just fucked everything up.,Ideation,"Determine the level of suicide-related content for the individual who made the following statement.
- Answer with one of the following options:
  - ""Indicator""
  - ""Ideation""
  - ""Behavior""
  - ""Attempt""
Statement:"
"I am contemplating suicide - got abused yesterday I want to die, I can't handle this situation alone. Ive got no family or friends.",Ideation,"Determine the level of suicide-related content for the individual who made the following statement.
- Answer with one of the following options:
  - ""Indicator""
  - ""Ideation""
  - ""Behavior""
  - ""Attempt""
Statement:"
"y. My teachers all hate me and are showing their true colors now that I’m close to graduating. I’ll be 18 soon, and I’m gonna start it off homeless and lonely. Well think again, cause I’m gonna end it",Indicator,"Determine the level of suicide-related content for the individual who made the following statement.
- Answer with one of the following options:
  - ""Indicator""
  - ""Ideation""
  - ""Behavior""
  - ""Attempt""
Statement:"
"he called one day ago, i attempted to hang myself and overdose. i was supposed to do it again last night but my boyfriend decided to call. if he didn't then i could have been dead by now.",Attempt,"Determine the level of suicide-related content for the individual who made the following statement.
- Answer with one of the following options:
  - ""Indicator""
  - ""Ideation""
  - ""Behavior""
  - ""Attempt""
Statement:"
" dispose after i had? How can i make my body , you know turn into something unrecognizable ? i don't want them to know i did it . i just want to do it . i had been thinking for more than 2 years now .",Ideation,"Determine the level of suicide-related content for the individual who made the following statement.
- Answer with one of the following options:
  - ""Indicator""
  - ""Ideation""
  - ""Behavior""
  - ""Attempt""
Statement:"
"n we didn’t even ask to be given life? How are we selfish when everyone else is asking us to put up with this emotional torment for the rest of our lives?

Well I dont fucking want to, how about that?",Ideation,"Determine the level of suicide-related content for the individual who made the following statement.
- Answer with one of the following options:
  - ""Indicator""
  - ""Ideation""
  - ""Behavior""
  - ""Attempt""
Statement:"
I’m sorry I failed ,Indicator,"Determine the level of suicide-related content for the individual who made the following statement.
- Answer with one of the following options:
  - ""Indicator""
  - ""Ideation""
  - ""Behavior""
  - ""Attempt""
Statement:"
stop ignoring me I live in the south I can easily get my hands on a gun and blow my brains out like everyone wants,Ideation,"Determine the level of suicide-related content for the individual who made the following statement.
- Answer with one of the following options:
  - ""Indicator""
  - ""Ideation""
  - ""Behavior""
  - ""Attempt""
Statement:"
No one cares i always sit and listen but when it’s my turn to talk no one cares.,Indicator,"Determine the level of suicide-related content for the individual who made the following statement.
- Answer with one of the following options:
  - ""Indicator""
  - ""Ideation""
  - ""Behavior""
  - ""Attempt""
Statement:"
Thinking about committing suicide after Christmas What are some things I can write to my family and friends so I won’t hurt them,Behavior,"Determine the level of suicide-related content for the individual who made the following statement.
- Answer with one of the following options:
  - ""Indicator""
  - ""Ideation""
  - ""Behavior""
  - ""Attempt""
Statement:"
uld get therapy but I can't afford it at this time so the only way out seems to just kill myself to stop screwing others over. I'm just sick of waiting for things to get better when they're not gonna.,Ideation,"Determine the level of suicide-related content for the individual who made the following statement.
- Answer with one of the following options:
  - ""Indicator""
  - ""Ideation""
  - ""Behavior""
  - ""Attempt""
Statement:"
If you want to scare yourself out of suicide r/suicidebereavement,Indicator,"Determine the level of suicide-related content for the individual who made the following statement.
- Answer with one of the following options:
  - ""Indicator""
  - ""Ideation""
  - ""Behavior""
  - ""Attempt""
Statement:"
"t my life ended at either 13 or 18 years old. I can't seem to do anything right, and I too impacted by my social anxiety to even feel free. I just want to rot and die, maybe it will end all this pain.",Ideation,"Determine the level of suicide-related content for the individual who made the following statement.
- Answer with one of the following options:
  - ""Indicator""
  - ""Ideation""
  - ""Behavior""
  - ""Attempt""
Statement:"
 be worth it. I try to imagine a future for myself but I just can’t. Trying to love and forgive myself feels so impossible. I feel like a drag and like people/the world would be better off without me.,Ideation,"Determine the level of suicide-related content for the individual who made the following statement.
- Answer with one of the following options:
  - ""Indicator""
  - ""Ideation""
  - ""Behavior""
  - ""Attempt""
Statement:"
I'm writing my final will &amp; testament today. I tried. I just hope people know that.,Behavior,"Determine the level of suicide-related content for the individual who made the following statement.
- Answer with one of the following options:
  - ""Indicator""
  - ""Ideation""
  - ""Behavior""
  - ""Attempt""
Statement:"
"“I am going to put myself to sleep now for a bit longer than usual. Call it Eternity. -Kosinski, Jerzy.",Indicator,"Determine the level of suicide-related content for the individual who made the following statement.
- Answer with one of the following options:
  - ""Indicator""
  - ""Ideation""
  - ""Behavior""
  - ""Attempt""
Statement:"
"Fentanyl Xans I feel like this would be the best way to go , stress free for once in my life &lt;\3",Ideation,"Determine the level of suicide-related content for the individual who made the following statement.
- Answer with one of the following options:
  - ""Indicator""
  - ""Ideation""
  - ""Behavior""
  - ""Attempt""
Statement:"
Please fucking kill me already why keep on torturing me just fucking take my life ,Ideation,"Determine the level of suicide-related content for the individual who made the following statement.
- Answer with one of the following options:
  - ""Indicator""
  - ""Ideation""
  - ""Behavior""
  - ""Attempt""
Statement:"
 school and just want an escape. I’m tired of everything and don’t know what true happiness really feels like. No one supports me or believes in what I can accomplish. I just want to leave this world.,Ideation,"Determine the level of suicide-related content for the individual who made the following statement.
- Answer with one of the following options:
  - ""Indicator""
  - ""Ideation""
  - ""Behavior""
  - ""Attempt""
Statement:"
" she keeps staying on my mind reminding me how much I’m just done with everything. Today I kept picturing how I would kill myself, the only way I’m sure it would work. I don’t know what to do anymore.",Behavior,"Determine the level of suicide-related content for the individual who made the following statement.
- Answer with one of the following options:
  - ""Indicator""
  - ""Ideation""
  - ""Behavior""
  - ""Attempt""
Statement:"
Desperate I desperately want to kill myself. I just want to end it all. No more reason to live. Help me plunged myself to death.,Behavior,"Determine the level of suicide-related content for the individual who made the following statement.
- Answer with one of the following options:
  - ""Indicator""
  - ""Ideation""
  - ""Behavior""
  - ""Attempt""
Statement:"
Bridge Hi i live in houston tx am 26 done with everything etc does someone know of water bridges not golden gate bridge but others i look some up they have fences now uhhh ?,Behavior,"Determine the level of suicide-related content for the individual who made the following statement.
- Answer with one of the following options:
  - ""Indicator""
  - ""Ideation""
  - ""Behavior""
  - ""Attempt""
Statement:"
"orld, and I'm soon going to go to college, where I will no absolutely nobody. Its seems so terrifying. I just want to die and go to Heaven and be with Jesus. Thats what I want more than anything else.",Ideation,"Determine the level of suicide-related content for the individual who made the following statement.
- Answer with one of the following options:
  - ""Indicator""
  - ""Ideation""
  - ""Behavior""
  - ""Attempt""
Statement:"
I'm gonna do it again tonight if i failed again I'm going to stab myself to death ,Attempt,"Determine the level of suicide-related content for the individual who made the following statement.
- Answer with one of the following options:
  - ""Indicator""
  - ""Ideation""
  - ""Behavior""
  - ""Attempt""
Statement:"
Goodbye I'm gonna kms rn,Indicator,"Determine the level of suicide-related content for the individual who made the following statement.
- Answer with one of the following options:
  - ""Indicator""
  - ""Ideation""
  - ""Behavior""
  - ""Attempt""
Statement:"
"nyone either. I refuse to be sent back to a mental hospital against my will. 

The only thing that scares me is the pain if I go through with it. How much it will hurt and how long it’s going to last.",Indicator,"Determine the level of suicide-related content for the individual who made the following statement.
- Answer with one of the following options:
  - ""Indicator""
  - ""Ideation""
  - ""Behavior""
  - ""Attempt""
Statement:"
"I wake up. Reality slowly sets in. I remember I’m trapped The end

Fixing the present won’t fix my past",Indicator,"Determine the level of suicide-related content for the individual who made the following statement.
- Answer with one of the following options:
  - ""Indicator""
  - ""Ideation""
  - ""Behavior""
  - ""Attempt""
Statement:"
I decided today is going to be a good day. I hope you all decide the same. Stay strong friends.,Indicator,"Determine the level of suicide-related content for the individual who made the following statement.
- Answer with one of the following options:
  - ""Indicator""
  - ""Ideation""
  - ""Behavior""
  - ""Attempt""
Statement:"
 for about a week straight this anesthesia is the only thing keeping me from freaking out cause my situation is horrible and I think im gonna try again maybe Ill actually go through with it this time.,Ideation,"Determine the level of suicide-related content for the individual who made the following statement.
- Answer with one of the following options:
  - ""Indicator""
  - ""Ideation""
  - ""Behavior""
  - ""Attempt""
Statement:"
"I want to OD so bad I lost my job, I’m ugly and bulimic, and have been used. I don’t see any point in living anymore. It’s just causing me too much suffering",Ideation,"Determine the level of suicide-related content for the individual who made the following statement.
- Answer with one of the following options:
  - ""Indicator""
  - ""Ideation""
  - ""Behavior""
  - ""Attempt""
Statement:"
It will all be done after I die I want to die because I'm black and I have so much pressure from my skin color I'm just going to pull the trigger if a cop doesn't do it first.,Behavior,"Determine the level of suicide-related content for the individual who made the following statement.
- Answer with one of the following options:
  - ""Indicator""
  - ""Ideation""
  - ""Behavior""
  - ""Attempt""
Statement:"
" heads goes away and keeps coming back, I shake when he approaches.

I am basically a shut in now who plays video games, too scared to do anything. He won but you know what, FUCK HIM, FUCK MY FATHER!!",Ideation,"Determine the level of suicide-related content for the individual who made the following statement.
- Answer with one of the following options:
  - ""Indicator""
  - ""Ideation""
  - ""Behavior""
  - ""Attempt""
Statement:"
At this point I feel like those hopeful thoughts are just made up by my mind to be crushed by reality. ,Indicator,"Determine the level of suicide-related content for the individual who made the following statement.
- Answer with one of the following options:
  - ""Indicator""
  - ""Ideation""
  - ""Behavior""
  - ""Attempt""
Statement:"
"I don’t have that. 

I almost resent my kids for keeping me from leaving. 

Sorry about the rambling nature of this post. I’m just so tired, but there is no rest to be found in the foreseeable future.",Behavior,"Determine the level of suicide-related content for the individual who made the following statement.
- Answer with one of the following options:
  - ""Indicator""
  - ""Ideation""
  - ""Behavior""
  - ""Attempt""
Statement:"
"n why 6 weeks ago.
6 days ago, I was drugged and raped.

I don’t think I’ll be around to see my 30th birthday in April. 

I’m really starting to believe the only place I’ll find happiness is in death.",Behavior,"Determine the level of suicide-related content for the individual who made the following statement.
- Answer with one of the following options:
  - ""Indicator""
  - ""Ideation""
  - ""Behavior""
  - ""Attempt""
Statement:"
I’m so tired I’m so tired of existing in this pain lost rhe love of my life and my grandfather and I’m not even 30 but so exhausted,Indicator,"Determine the level of suicide-related content for the individual who made the following statement.
- Answer with one of the following options:
  - ""Indicator""
  - ""Ideation""
  - ""Behavior""
  - ""Attempt""
Statement:"
Envious of the dead Probably most people at least once have had this thought go thru their mind.  It’s just a problem for us who feel like they are forced into this fixation.,Ideation,"Determine the level of suicide-related content for the individual who made the following statement.
- Answer with one of the following options:
  - ""Indicator""
  - ""Ideation""
  - ""Behavior""
  - ""Attempt""
Statement:"
I had enough of this Everybody is a bunch of idiots. A bunch of psychos. Lizards everywhere. I'm drugging myself to death. Don't respond if you're a fuckin lizard.,Indicator,"Determine the level of suicide-related content for the individual who made the following statement.
- Answer with one of the following options:
  - ""Indicator""
  - ""Ideation""
  - ""Behavior""
  - ""Attempt""
Statement:"
"ured of what to do. i know when. i'm not trying to gain sympathy, cause people have it worse than me. 

i guess i just wanted to leave an imprint online, however small. 

im so tired. i wanna go home.",Ideation,"Determine the level of suicide-related content for the individual who made the following statement.
- Answer with one of the following options:
  - ""Indicator""
  - ""Ideation""
  - ""Behavior""
  - ""Attempt""
Statement:"
"Anyone out there that seems like they have it all but still wants to die? Just curious, tell me more.....",Indicator,"Determine the level of suicide-related content for the individual who made the following statement.
- Answer with one of the following options:
  - ""Indicator""
  - ""Ideation""
  - ""Behavior""
  - ""Attempt""
Statement:"
I don’t wanna do this anymore I dont,Indicator,"Determine the level of suicide-related content for the individual who made the following statement.
- Answer with one of the following options:
  - ""Indicator""
  - ""Ideation""
  - ""Behavior""
  - ""Attempt""
Statement:"
Why What’s the point? The world wouldn’t miss me and to be honest even closer family and friends would be better off without me I’m a useless nasty underhand scumbag,Indicator,"Determine the level of suicide-related content for the individual who made the following statement.
- Answer with one of the following options:
  - ""Indicator""
  - ""Ideation""
  - ""Behavior""
  - ""Attempt""
Statement:"
"Im just broken Im a no good waste of oxygen, i wish i die a horrible death suffering every second of it just so i can get what i fucking deserve",Ideation,"Determine the level of suicide-related content for the individual who made the following statement.
- Answer with one of the following options:
  - ""Indicator""
  - ""Ideation""
  - ""Behavior""
  - ""Attempt""
Statement:"
 God im such a fucking loser. i could really use someone to talk too. All my friends are judgmental assholes who wont understand me at all. I tried to end it once before. Sometimes i wish i succeeded.,Attempt,"Determine the level of suicide-related content for the individual who made the following statement.
- Answer with one of the following options:
  - ""Indicator""
  - ""Ideation""
  - ""Behavior""
  - ""Attempt""
Statement:"
I just wanna shoot myself ,Ideation,"Determine the level of suicide-related content for the individual who made the following statement.
- Answer with one of the following options:
  - ""Indicator""
  - ""Ideation""
  - ""Behavior""
  - ""Attempt""
Statement:"
"RE CHEEK! I AM DONE! DONE! DONE! DONE! DONE! DONE! I'VE HAD IT!

So, please. Just tell me how I should kill myself. I wanna do it soon before March. Your fake ""support"" won't help get rid of my curse.",Ideation,"Determine the level of suicide-related content for the individual who made the following statement.
- Answer with one of the following options:
  - ""Indicator""
  - ""Ideation""
  - ""Behavior""
  - ""Attempt""
Statement:"
"every night i count my pills and every day i wonder why i didnt take them all

why am i such a coward when im living a life nobody loves or cares for me in?",Indicator,"Determine the level of suicide-related content for the individual who made the following statement.
- Answer with one of the following options:
  - ""Indicator""
  - ""Ideation""
  - ""Behavior""
  - ""Attempt""
Statement:"
"ing badly, enjoying the view of the blood drip down, deserving of the scaring and pain. depression and suicidal thoughts are just getting too much now, i suppressed em too long without any help. fuck.",Attempt,"Determine the level of suicide-related content for the individual who made the following statement.
- Answer with one of the following options:
  - ""Indicator""
  - ""Ideation""
  - ""Behavior""
  - ""Attempt""
Statement:"
tell me I’m worth something ,Indicator,"Determine the level of suicide-related content for the individual who made the following statement.
- Answer with one of the following options:
  - ""Indicator""
  - ""Ideation""
  - ""Behavior""
  - ""Attempt""
Statement:"
"I hate myself That's it, that's all I have to say. I hope you're having a nicer day than me, you all deserve good things, everyone here deserves good things, and I mean that.",Indicator,"Determine the level of suicide-related content for the individual who made the following statement.
- Answer with one of the following options:
  - ""Indicator""
  - ""Ideation""
  - ""Behavior""
  - ""Attempt""
Statement:"
Nitrous oxide Is it possible to asphyixate from nitrous. I assume so right. Feels like a nice way to go,Behavior,"Determine the level of suicide-related content for the individual who made the following statement.
- Answer with one of the following options:
  - ""Indicator""
  - ""Ideation""
  - ""Behavior""
  - ""Attempt""
Statement:"
Would tying something tight around my neck and leaving it there cause me to remain passed out once I pass out? Just for educational purposes. ,Indicator,"Determine the level of suicide-related content for the individual who made the following statement.
- Answer with one of the following options:
  - ""Indicator""
  - ""Ideation""
  - ""Behavior""
  - ""Attempt""
Statement:"
hurt if I had just stayed down and let his heart be. I should’ve fucking died in 2015. Now I don’t even have the fucking balls. I’m a living disaster. I want to die. I hate everything so fucking much.,Ideation,"Determine the level of suicide-related content for the individual who made the following statement.
- Answer with one of the following options:
  - ""Indicator""
  - ""Ideation""
  - ""Behavior""
  - ""Attempt""
Statement:"
"t state they're in. Go and be nice to a stranger you never know how much you could make their day just by being nice/kind or even noticing them and giving them a warm smile. Thank you.

My name is Tom",Behavior,"Determine the level of suicide-related content for the individual who made the following statement.
- Answer with one of the following options:
  - ""Indicator""
  - ""Ideation""
  - ""Behavior""
  - ""Attempt""
Statement:"
hing out of me I'm always there I always help but whenever I need something out of someone they're never there they never help that's no way to live life miserable I want out of my Agony and suffering,Ideation,"Determine the level of suicide-related content for the individual who made the following statement.
- Answer with one of the following options:
  - ""Indicator""
  - ""Ideation""
  - ""Behavior""
  - ""Attempt""
Statement:"
"How would oxycodone kill me. What would happen if I OD, what does it do to the body, and what are effects before death. 
I plan to take the as many as possible in a few days.",Behavior,"Determine the level of suicide-related content for the individual who made the following statement.
- Answer with one of the following options:
  - ""Indicator""
  - ""Ideation""
  - ""Behavior""
  - ""Attempt""
Statement:"
"t doesn't. My father is a pedophile,  my family on both sides wants nothing to do with me.  And to top things off.. these influences and genetics I became an alcoholic and I just want this pain to end",Ideation,"Determine the level of suicide-related content for the individual who made the following statement.
- Answer with one of the following options:
  - ""Indicator""
  - ""Ideation""
  - ""Behavior""
  - ""Attempt""
Statement:"
"I am having suicidal thoughts, and I am in tears. I wish someone will understand and hug me. ",Ideation,"Determine the level of suicide-related content for the individual who made the following statement.
- Answer with one of the following options:
  - ""Indicator""
  - ""Ideation""
  - ""Behavior""
  - ""Attempt""
Statement:"
f five times last year I haven’t really told many people but it feels like I’m holding onto some big secret. I feel like people can just see it painted on me. I just wish I could do it right next time,Attempt,"Determine the level of suicide-related content for the individual who made the following statement.
- Answer with one of the following options:
  - ""Indicator""
  - ""Ideation""
  - ""Behavior""
  - ""Attempt""
Statement:"
I don’t know what to do I really need help My thoughts are overwhelming me like crazy. Living is so hard I just want to go.,Ideation,"Determine the level of suicide-related content for the individual who made the following statement.
- Answer with one of the following options:
  - ""Indicator""
  - ""Ideation""
  - ""Behavior""
  - ""Attempt""
Statement:"
"s going to finish us off. I don't know how the world got to be this way, but I was already depressed before that, and with the constant catastrophe unfolding outside I just don't want to *be* anymore.",Ideation,"Determine the level of suicide-related content for the individual who made the following statement.
- Answer with one of the following options:
  - ""Indicator""
  - ""Ideation""
  - ""Behavior""
  - ""Attempt""
Statement:"
" I'm wrong. It's my life and I know I don't want to live it alone. I'm so close to fucking ending it, I just need her so badly. She needs space and I don't know when she'll be back. I'm out of options",Ideation,"Determine the level of suicide-related content for the individual who made the following statement.
- Answer with one of the following options:
  - ""Indicator""
  - ""Ideation""
  - ""Behavior""
  - ""Attempt""
Statement:"
Today I just walked around looking at tree branches I could hang myself on Or I could buy a gun if I get enough courage to do that. I'm so close to ending it,Ideation,"Determine the level of suicide-related content for the individual who made the following statement.
- Answer with one of the following options:
  - ""Indicator""
  - ""Ideation""
  - ""Behavior""
  - ""Attempt""
Statement:"
"I’m in so much pain I think I’ve hit the last straw. 

There’s no getting over this. It has to be tonight. I can’t do this anymore. It’s time to fucking go.",Behavior,"Determine the level of suicide-related content for the individual who made the following statement.
- Answer with one of the following options:
  - ""Indicator""
  - ""Ideation""
  - ""Behavior""
  - ""Attempt""
Statement:"
"UPDATE: I bought pressed fent from the deepweb Package never arrived. The merchant isn’t responding anymore. I got scammed, lol. Fml.",Behavior,"Determine the level of suicide-related content for the individual who made the following statement.
- Answer with one of the following options:
  - ""Indicator""
  - ""Ideation""
  - ""Behavior""
  - ""Attempt""
Statement:"
" anymore 
Please someone love me 
Just love me, what I do wrong? To deserve all of this please please please save me 
Please save me it hurts all of it hurts hurts I can’t think anymore please help me",Ideation,"Determine the level of suicide-related content for the individual who made the following statement.
- Answer with one of the following options:
  - ""Indicator""
  - ""Ideation""
  - ""Behavior""
  - ""Attempt""
Statement:"
if you overdose sleeping pills will you die? if yes then how many do i need? filler filler filler filler filler filler filler filler filler fileer filler,Behavior,"Determine the level of suicide-related content for the individual who made the following statement.
- Answer with one of the following options:
  - ""Indicator""
  - ""Ideation""
  - ""Behavior""
  - ""Attempt""
Statement:"
" the inevitable? Will this help or will I just put myself into financial ruin without changing my mental circumstances? Not sure why I'm posting this. I guess I just needed to think ""out loud."" Sorry.",Behavior,"Determine the level of suicide-related content for the individual who made the following statement.
- Answer with one of the following options:
  - ""Indicator""
  - ""Ideation""
  - ""Behavior""
  - ""Attempt""
Statement:"
Im just so damn lonely I just want to get closer to people and get friends...but im so bad at talking...i hate myself.,Indicator,"Determine the level of suicide-related content for the individual who made the following statement.
- Answer with one of the following options:
  - ""Indicator""
  - ""Ideation""
  - ""Behavior""
  - ""Attempt""
Statement:"
The irony The irony of wearing a “world suicide prevention day” tshirt while indulging in suicidal ideation 😜,Ideation,"Determine the level of suicide-related content for the individual who made the following statement.
- Answer with one of the following options:
  - ""Indicator""
  - ""Ideation""
  - ""Behavior""
  - ""Attempt""
Statement:"
"e help im at my window right now with scissors, i feel like im about to cut the screen and jump out. i dont know what to do- im only a teen, my parents and siblings are asleep. i dont know what to do-",Attempt,"Determine the level of suicide-related content for the individual who made the following statement.
- Answer with one of the following options:
  - ""Indicator""
  - ""Ideation""
  - ""Behavior""
  - ""Attempt""
Statement:"
"ased from the psych ward a few days ago-
Know that love will outpour from my body as I leave this world and become one with the universe.  

I hope I rot beautifully. 

This is my only post on Reddit.",Attempt,"Determine the level of suicide-related content for the individual who made the following statement.
- Answer with one of the following options:
  - ""Indicator""
  - ""Ideation""
  - ""Behavior""
  - ""Attempt""
Statement:"
I feel like the pain will never end Everyday feels like hell being torn apart by my thoughts feeling completely useless and just feeling like it doesn't even matter if I'm alive or not,Ideation,"Determine the level of suicide-related content for the individual who made the following statement.
- Answer with one of the following options:
  - ""Indicator""
  - ""Ideation""
  - ""Behavior""
  - ""Attempt""
Statement:"
Where can you get nembutal(pentobarbital)and how is it made? ,Behavior,"Determine the level of suicide-related content for the individual who made the following statement.
- Answer with one of the following options:
  - ""Indicator""
  - ""Ideation""
  - ""Behavior""
  - ""Attempt""
Statement:"
I'm so done I try to reach out but there's no hope there's no one to help me. Everyone just throw me away seriously I just wish to have the courage to kill myself.,Ideation,"Determine the level of suicide-related content for the individual who made the following statement.
- Answer with one of the following options:
  - ""Indicator""
  - ""Ideation""
  - ""Behavior""
  - ""Attempt""
Statement:"
" as well
I want to kill myself and I'm collecting all meds they give to me to keep me kalm but i worry this will be not enough and also it's very slow process.
I don't know what to do and I'm helpless",Ideation,"Determine the level of suicide-related content for the individual who made the following statement.
- Answer with one of the following options:
  - ""Indicator""
  - ""Ideation""
  - ""Behavior""
  - ""Attempt""
Statement:"
better. There is no turning away from the fact that I was not supposed to be here and that my continued existence is nothing but an ever-opening wound. There is no fixing the thing that should not be.,Ideation,"Determine the level of suicide-related content for the individual who made the following statement.
- Answer with one of the following options:
  - ""Indicator""
  - ""Ideation""
  - ""Behavior""
  - ""Attempt""
Statement:"
" to convince me that I’m wrong  

Someone want to push me to go thru with it? It’s looking pretty good but I’m a coward and don’t know how to deal with end of life stuff (my belongings, my phone, etc)",Ideation,"Determine the level of suicide-related content for the individual who made the following statement.
- Answer with one of the following options:
  - ""Indicator""
  - ""Ideation""
  - ""Behavior""
  - ""Attempt""
Statement:"
n’t want to go to a ward(which is understandable) &amp; are struggling to talk to a therapist.despite feeling similarly i have no idea what to do or say (we live in different countries).what do i do? ,Indicator,"Determine the level of suicide-related content for the individual who made the following statement.
- Answer with one of the following options:
  - ""Indicator""
  - ""Ideation""
  - ""Behavior""
  - ""Attempt""
Statement:"
hat makes the human race so parasitic upon the earth? Nothing I'll ever do will improve the quality of life for myself or any others. What's the point in staying to watch this world go down in flames?,Ideation,"Determine the level of suicide-related content for the individual who made the following statement.
- Answer with one of the following options:
  - ""Indicator""
  - ""Ideation""
  - ""Behavior""
  - ""Attempt""
Statement:"
"ive you a hard time, and i am sorry that i am just a waste of soace for you. I love you. I just wanna kill my self. I’ve tried SEVERAL times but failed. Anyone know how to commit suicide less painful?",Attempt,"Determine the level of suicide-related content for the individual who made the following statement.
- Answer with one of the following options:
  - ""Indicator""
  - ""Ideation""
  - ""Behavior""
  - ""Attempt""
Statement:"
"Tonight is the night I mentioned in my previous post I would wait for night time, now it is. Thank you everyone, it was a pleasure to be here, but my time is done.",Indicator,"Determine the level of suicide-related content for the individual who made the following statement.
- Answer with one of the following options:
  - ""Indicator""
  - ""Ideation""
  - ""Behavior""
  - ""Attempt""
Statement:"
ience of dealing with my corpse. It's snowing now. I think maybe the view of the snow and the trees would be so peaceful that it wouldn't be so bad as a final thing to see. I've always loved the snow.,Ideation,"Determine the level of suicide-related content for the individual who made the following statement.
- Answer with one of the following options:
  - ""Indicator""
  - ""Ideation""
  - ""Behavior""
  - ""Attempt""
Statement:"
"how I'm watching and I want finish it before die. But once I'm done with it I'm probably just gonna do it.

Sorry if I seemed like I was rambling, I was just typing the first things that came to mind.",Behavior,"Determine the level of suicide-related content for the individual who made the following statement.
- Answer with one of the following options:
  - ""Indicator""
  - ""Ideation""
  - ""Behavior""
  - ""Attempt""
Statement:"
"ssion and anxiety? I know it’s seen it in articles before but I want to hear it from a real person. I need to know there’s something out there that can help me, because I’m on the verge of giving up. ",Indicator,"Determine the level of suicide-related content for the individual who made the following statement.
- Answer with one of the following options:
  - ""Indicator""
  - ""Ideation""
  - ""Behavior""
  - ""Attempt""
Statement:"
"Wish I could just melt away into nothing Nothing more, nothing less than that. But apparently, it's not an achievable request.",Ideation,"Determine the level of suicide-related content for the individual who made the following statement.
- Answer with one of the following options:
  - ""Indicator""
  - ""Ideation""
  - ""Behavior""
  - ""Attempt""
Statement:"
"id of doing it. But honestly no amount of apology or change in my behaviour will be good enough for me, none of that will change the fact I'm a selfish abusive bitch and hurt people. I deserve to die.",Ideation,"Determine the level of suicide-related content for the individual who made the following statement.
- Answer with one of the following options:
  - ""Indicator""
  - ""Ideation""
  - ""Behavior""
  - ""Attempt""
Statement:"
give me a good reason not to suffocate myself right now none of that “it’s gonna be ok” bullshit,Ideation,"Determine the level of suicide-related content for the individual who made the following statement.
- Answer with one of the following options:
  - ""Indicator""
  - ""Ideation""
  - ""Behavior""
  - ""Attempt""
Statement:"
Please i just need the pain to stop please ,Indicator,"Determine the level of suicide-related content for the individual who made the following statement.
- Answer with one of the following options:
  - ""Indicator""
  - ""Ideation""
  - ""Behavior""
  - ""Attempt""
Statement:"
"Looking for somebody just to talk to 22F. I just need somebody to talk to. My problems are banal but ending things seems like the only way out, strangely?",Indicator,"Determine the level of suicide-related content for the individual who made the following statement.
- Answer with one of the following options:
  - ""Indicator""
  - ""Ideation""
  - ""Behavior""
  - ""Attempt""
Statement:"
"r that, that it will pay off in the long run and I'll finally be happy, I just have to soldier on for a bit. But these moments never come. It's suffering all the way, and it's only going to get worse.",Ideation,"Determine the level of suicide-related content for the individual who made the following statement.
- Answer with one of the following options:
  - ""Indicator""
  - ""Ideation""
  - ""Behavior""
  - ""Attempt""
Statement:"
Everyone says therapy but... My family won't even care about therapy even if I go after 1 week things will turn back to normal nothing will ever change...,Ideation,"Determine the level of suicide-related content for the individual who made the following statement.
- Answer with one of the following options:
  - ""Indicator""
  - ""Ideation""
  - ""Behavior""
  - ""Attempt""
Statement:"
"Woke up and started crying instantly. I hate it here, I hate myself. I have no reason so there’s no point asking what’s wrong. Everything, nothing. I don’t know. Just so hopeless. ",Ideation,"Determine the level of suicide-related content for the individual who made the following statement.
- Answer with one of the following options:
  - ""Indicator""
  - ""Ideation""
  - ""Behavior""
  - ""Attempt""
Statement:"
hi i’m never talking to anyone ever again until i have the courage to finally shoot myself,Behavior,"Determine the level of suicide-related content for the individual who made the following statement.
- Answer with one of the following options:
  - ""Indicator""
  - ""Ideation""
  - ""Behavior""
  - ""Attempt""
Statement:"
"but I have yet to find a way. It’s not like anyone will care when I’m gone, they’ll just have less children to feed, and less bills to pay. I want to die but I’m scared of the consequences of failure.",Ideation,"Determine the level of suicide-related content for the individual who made the following statement.
- Answer with one of the following options:
  - ""Indicator""
  - ""Ideation""
  - ""Behavior""
  - ""Attempt""
Statement:"
So I fucked up again lol Gonna take my life now this time,Ideation,"Determine the level of suicide-related content for the individual who made the following statement.
- Answer with one of the following options:
  - ""Indicator""
  - ""Ideation""
  - ""Behavior""
  - ""Attempt""
Statement:"
Today I never wanted to live to see 25. That means it has to be today. I miss you dad. I miss you grandpa. I’m sorry.,Behavior,"Determine the level of suicide-related content for the individual who made the following statement.
- Answer with one of the following options:
  - ""Indicator""
  - ""Ideation""
  - ""Behavior""
  - ""Attempt""
Statement:"
If I took 10 clonidine mixed with 10 trazodone would it be a surefire death or would there be a chance of survival? ,Attempt,"Determine the level of suicide-related content for the individual who made the following statement.
- Answer with one of the following options:
  - ""Indicator""
  - ""Ideation""
  - ""Behavior""
  - ""Attempt""
Statement:"
" there is still a chance to get in to a college somewhere far, far away with a full scholarship and never see anyone from my past life again. but the chances of that are so slim so i dont even know...",Ideation,"Determine the level of suicide-related content for the individual who made the following statement.
- Answer with one of the following options:
  - ""Indicator""
  - ""Ideation""
  - ""Behavior""
  - ""Attempt""
Statement:"
jumpe from something high enough. Don’t try to change my mind. I’m going to (hopefully) kill myself 100%. No matter what you say. If you don’t want to answer the question above don’t comment anything.,Behavior,"Determine the level of suicide-related content for the individual who made the following statement.
- Answer with one of the following options:
  - ""Indicator""
  - ""Ideation""
  - ""Behavior""
  - ""Attempt""
Statement:"
"s
- no gf
- family doesn’t like me anymore
- video games don’t make me happy anymore
- all I want to do is train but don’t have the time
- no one fucking likes me. I hate it here
- just want to end it",Indicator,"Determine the level of suicide-related content for the individual who made the following statement.
- Answer with one of the following options:
  - ""Indicator""
  - ""Ideation""
  - ""Behavior""
  - ""Attempt""
Statement:"
"eep. I can't function. There is no reason for me to be alive anymore. I feel paranoid. I've been spiraling out of control and I can't stop it. I don't want to reach the bottom, I want off before that.",Ideation,"Determine the level of suicide-related content for the individual who made the following statement.
- Answer with one of the following options:
  - ""Indicator""
  - ""Ideation""
  - ""Behavior""
  - ""Attempt""
Statement:"
This date last year I tried to kill myself and I'm strongly considering at least making a proper plan on how to be more successful this time because literally nothing is better.,Attempt,"Determine the level of suicide-related content for the individual who made the following statement.
- Answer with one of the following options:
  - ""Indicator""
  - ""Ideation""
  - ""Behavior""
  - ""Attempt""
Statement:"
my life doesnt matter ,Ideation,"Determine the level of suicide-related content for the individual who made the following statement.
- Answer with one of the following options:
  - ""Indicator""
  - ""Ideation""
  - ""Behavior""
  - ""Attempt""
Statement:"
" I also don't want to. I'm bad that I know I'm going to kill myself, because I see the end of the tunnel and I enjoy some things. I love my family. I want to stay for them. But it's just too difficult",Behavior,"Determine the level of suicide-related content for the individual who made the following statement.
- Answer with one of the following options:
  - ""Indicator""
  - ""Ideation""
  - ""Behavior""
  - ""Attempt""
Statement:"
"Think I might do it tonight. It’s 8:57pm. I’m debating taking little bag of pills I have saved and my small hobby knife, saying bye to my family and going in my car somewhere.",Behavior,"Determine the level of suicide-related content for the individual who made the following statement.
- Answer with one of the following options:
  - ""Indicator""
  - ""Ideation""
  - ""Behavior""
  - ""Attempt""
Statement:"
"ly, I can't function as properly as I should. The exercise and great diet feels like it's only doing so much. 

This isn't a guarantee, but I am considering suicide if this worsens. Or if it keeps up.",Ideation,"Determine the level of suicide-related content for the individual who made the following statement.
- Answer with one of the following options:
  - ""Indicator""
  - ""Ideation""
  - ""Behavior""
  - ""Attempt""
Statement:"
"Death is an option Does thinking death is an option considered suicidal thought? Like, I won't commit, but if somehow I got an accident and die (not suffering). It's not the worst outcome.",Indicator,"Determine the level of suicide-related content for the individual who made the following statement.
- Answer with one of the following options:
  - ""Indicator""
  - ""Ideation""
  - ""Behavior""
  - ""Attempt""
Statement:"
"Thinking I want to go to an overpass, sit in the edge, and think. I need to feel closer to death to gain perspective. Maybe even jump. I dont know yet",Behavior,"Determine the level of suicide-related content for the individual who made the following statement.
- Answer with one of the following options:
  - ""Indicator""
  - ""Ideation""
  - ""Behavior""
  - ""Attempt""
Statement:"
"n, I know my death is gonna provide perspective to a lot of people, and I kinda hope it does.

If anybody took the time to read this, I hope God or fate or whatever the fuck this world is blesses you.",Attempt,"Determine the level of suicide-related content for the individual who made the following statement.
- Answer with one of the following options:
  - ""Indicator""
  - ""Ideation""
  - ""Behavior""
  - ""Attempt""
Statement:"
"Suicide only hope ?    Does anyone else feel like suicide is your only hope? Lately it's the only thing that makes me happy, knowing this suffering will end one day.",Ideation,"Determine the level of suicide-related content for the individual who made the following statement.
- Answer with one of the following options:
  - ""Indicator""
  - ""Ideation""
  - ""Behavior""
  - ""Attempt""
Statement:"
"se but i’m trying so hard to take just a few more steps forward. i’m weak, and i can’t even help myself. i feel pathetic, but i wanna be honest. i just want reassurance and for people to hear my pain.",Indicator,"Determine the level of suicide-related content for the individual who made the following statement.
- Answer with one of the following options:
  - ""Indicator""
  - ""Ideation""
  - ""Behavior""
  - ""Attempt""
Statement:"
rcle or friends. Nothing. The pain is unbearable I don't know what the fuck to do anymore. Can't believe this is actually my existence. Brutal. Thinking of ending it real soon it's just too much pain.,Indicator,"Determine the level of suicide-related content for the individual who made the following statement.
- Answer with one of the following options:
  - ""Indicator""
  - ""Ideation""
  - ""Behavior""
  - ""Attempt""
Statement:"
kill. I feel like I need to be punished for my weakness. It's been giving me anxiety and depression and I don't know what to do. I need help badly. I feel like I'm useless and worth absolutely nothing,Ideation,"Determine the level of suicide-related content for the individual who made the following statement.
- Answer with one of the following options:
  - ""Indicator""
  - ""Ideation""
  - ""Behavior""
  - ""Attempt""
Statement:"
"Considering Having those thoughts. Someone text me yesterday and told me to end my life. That’s not the first time someone told me to, either. I’m seriously thinking that I should.",Ideation,"Determine the level of suicide-related content for the individual who made the following statement.
- Answer with one of the following options:
  - ""Indicator""
  - ""Ideation""
  - ""Behavior""
  - ""Attempt""
Statement:"
 it feels like I can’t.  I want to have a healthy relationship and friendships. Things that make me happy never seem to last. Suicide sounds like a breath of fresh air. I don’t wanna be alone anymore.,Ideation,"Determine the level of suicide-related content for the individual who made the following statement.
- Answer with one of the following options:
  - ""Indicator""
  - ""Ideation""
  - ""Behavior""
  - ""Attempt""
Statement:"
Would taking Alcohol with Xanax kill me or just put me in a coma/vegetative state? ,Ideation,"Determine the level of suicide-related content for the individual who made the following statement.
- Answer with one of the following options:
  - ""Indicator""
  - ""Ideation""
  - ""Behavior""
  - ""Attempt""
Statement:"
"flamed and hot. And moving. 

So far I have found relief when I’m outside in extreme cold. Like snow, or just really cold. I take cold showers which make me feel good during but things just come back.",Ideation,"Determine the level of suicide-related content for the individual who made the following statement.
- Answer with one of the following options:
  - ""Indicator""
  - ""Ideation""
  - ""Behavior""
  - ""Attempt""
Statement:"
"ed to go through. I want to end it so bad but i'm scared I won't succeed. I can't afford another hospital bill, I can't afford to mess up cause i'll lose my job I just don't know what to do anymore...",Indicator,"Determine the level of suicide-related content for the individual who made the following statement.
- Answer with one of the following options:
  - ""Indicator""
  - ""Ideation""
  - ""Behavior""
  - ""Attempt""
Statement:"
" at 13-14. I was 15.


What is the point of anything? Actual love would have been the only last reason to remain, but even that is barely keeping me around. Especially when everyone is a fucking liar.",Ideation,"Determine the level of suicide-related content for the individual who made the following statement.
- Answer with one of the following options:
  - ""Indicator""
  - ""Ideation""
  - ""Behavior""
  - ""Attempt""
Statement:"
"19 to go out legitimately (I should go out hunting for it lol).  No future left - halfway done anyway.  Feel sad to have my life ended like this, but suicide will be an escape for what will come next.",Behavior,"Determine the level of suicide-related content for the individual who made the following statement.
- Answer with one of the following options:
  - ""Indicator""
  - ""Ideation""
  - ""Behavior""
  - ""Attempt""
Statement:"
"now, lucky me for being alive, yay being alive. Fuck being alive, if wanted to be alive I wouldn’t have tried to kill myself. I’ve only been alive for 16 years but I can’t imagine going on much longer",Ideation,"Determine the level of suicide-related content for the individual who made the following statement.
- Answer with one of the following options:
  - ""Indicator""
  - ""Ideation""
  - ""Behavior""
  - ""Attempt""
Statement:"
"Dark thoughts I’m having dark and dangerous thoughts again. I haven’t had these thoughts appear for a couple of years, yet now they are back in my head, and I don’t know how to get rid of them.",Ideation,"Determine the level of suicide-related content for the individual who made the following statement.
- Answer with one of the following options:
  - ""Indicator""
  - ""Ideation""
  - ""Behavior""
  - ""Attempt""
Statement:"
"nd I know, the more time goes by, the harder life will be. So, why not end it soon. And I know people will be sad, but I don’t care. I never do care. I just want out of this shitty hellhole of a life.",Ideation,"Determine the level of suicide-related content for the individual who made the following statement.
- Answer with one of the following options:
  - ""Indicator""
  - ""Ideation""
  - ""Behavior""
  - ""Attempt""
Statement:"
I just want to give up. I don't wanna strive for a good life anymore ,Indicator,"Determine the level of suicide-related content for the individual who made the following statement.
- Answer with one of the following options:
  - ""Indicator""
  - ""Ideation""
  - ""Behavior""
  - ""Attempt""
Statement:"
"'t be my reason to die. Much more likely that life doesn't make sense to me. Seriously, humans only exist to reproduce and they don't even help the planet. But actually I don't give a shit about that.",Ideation,"Determine the level of suicide-related content for the individual who made the following statement.
- Answer with one of the following options:
  - ""Indicator""
  - ""Ideation""
  - ""Behavior""
  - ""Attempt""
Statement:"
ant to do it on Christmas cause that’s kinda shitty so I think I’ll wait a bit but by February I think I’ll be gone just don’t see the point anymore to be honest I hope I believe behind something good,Behavior,"Determine the level of suicide-related content for the individual who made the following statement.
- Answer with one of the following options:
  - ""Indicator""
  - ""Ideation""
  - ""Behavior""
  - ""Attempt""
Statement:"
"Plan So I’m planning on killing myself on my 18th birthday and I have come up with putting my neck on the train tracks. 
My question is will this kill me and how fast",Ideation,"Determine the level of suicide-related content for the individual who made the following statement.
- Answer with one of the following options:
  - ""Indicator""
  - ""Ideation""
  - ""Behavior""
  - ""Attempt""
Statement:"
I feel like there is no point anymore. There is just no reason for me to live anymore. It feels like I am a massive burden to everyone I meet. Even the suicide hotline guy hung up on me.,Ideation,"Determine the level of suicide-related content for the individual who made the following statement.
- Answer with one of the following options:
  - ""Indicator""
  - ""Ideation""
  - ""Behavior""
  - ""Attempt""
Statement:"
"ide bag. But I couldn't find a list or a good how to. 

I don't wanna explain why I'm planing this, I just want to have your advice how it's done. 

Hope someone got the right answer. Have a nice day.",Behavior,"Determine the level of suicide-related content for the individual who made the following statement.
- Answer with one of the following options:
  - ""Indicator""
  - ""Ideation""
  - ""Behavior""
  - ""Attempt""
Statement:"
"try taking more vitamin D, and keep going. I've tried. Been trying. I can't keep up with these thoughts and the self loathing much longer. Every step I take I regret. Every breath I take is a mistake.",Indicator,"Determine the level of suicide-related content for the individual who made the following statement.
- Answer with one of the following options:
  - ""Indicator""
  - ""Ideation""
  - ""Behavior""
  - ""Attempt""
Statement:"
s all. I'm not really expecting advice. I've grown doubtful of others' advice to my struggles. Not for a lack of understanding on their part but for my inability to accurately articulate my situation.,Ideation,"Determine the level of suicide-related content for the individual who made the following statement.
- Answer with one of the following options:
  - ""Indicator""
  - ""Ideation""
  - ""Behavior""
  - ""Attempt""
Statement:"
"Trauma is making it impossible for me to move on with my life Meds and therapy won’t erase my painful memories
What’s the point of living",Ideation,"Determine the level of suicide-related content for the individual who made the following statement.
- Answer with one of the following options:
  - ""Indicator""
  - ""Ideation""
  - ""Behavior""
  - ""Attempt""
Statement:"
Want to put a gun against my head so I can feel like I have some control ,Ideation,"Determine the level of suicide-related content for the individual who made the following statement.
- Answer with one of the following options:
  - ""Indicator""
  - ""Ideation""
  - ""Behavior""
  - ""Attempt""
Statement:"
"If people say you're not as important as you think you are in the grand scheme of things, then why do people who've never met you grieve your suicide? ",Ideation,"Determine the level of suicide-related content for the individual who made the following statement.
- Answer with one of the following options:
  - ""Indicator""
  - ""Ideation""
  - ""Behavior""
  - ""Attempt""
Statement:"
Need someone. I'm very suicidal and need someone to talk to please.,Ideation,"Determine the level of suicide-related content for the individual who made the following statement.
- Answer with one of the following options:
  - ""Indicator""
  - ""Ideation""
  - ""Behavior""
  - ""Attempt""
Statement:"
"et closer to ending it. 
he told me i should write about my life and feelings here, so that i am at least “talking” to someone about it. so here’s a generalized first part of the hell ive been living.",Attempt,"Determine the level of suicide-related content for the individual who made the following statement.
- Answer with one of the following options:
  - ""Indicator""
  - ""Ideation""
  - ""Behavior""
  - ""Attempt""
Statement:"
"elf. I started cutting again. I would do almost anything if it meant I could have the right body. It’s all I’ve ever wanted.

I just wish the pain would just fucking stop. I wish everything would end.",Behavior,"Determine the level of suicide-related content for the individual who made the following statement.
- Answer with one of the following options:
  - ""Indicator""
  - ""Ideation""
  - ""Behavior""
  - ""Attempt""
Statement:"
I HATE YOU ALL HAVE A SHIT DAY SUCK MY DICK AND CHOKE bottom bitch,Indicator,"Determine the level of suicide-related content for the individual who made the following statement.
- Answer with one of the following options:
  - ""Indicator""
  - ""Ideation""
  - ""Behavior""
  - ""Attempt""
Statement:"
"I don’t see a future I’ve been depressed since I was a kid, 26 now. Eh. I wish I could vanish without hurting anyone.",Ideation,"Determine the level of suicide-related content for the individual who made the following statement.
- Answer with one of the following options:
  - ""Indicator""
  - ""Ideation""
  - ""Behavior""
  - ""Attempt""
Statement:"
"elves or are in the process of doing so, what do you hope to gain by posting that information here? In my opinion everyone that does so is looking for help and isn’t really wanting to hurt themselves.",Indicator,"Determine the level of suicide-related content for the individual who made the following statement.
- Answer with one of the following options:
  - ""Indicator""
  - ""Ideation""
  - ""Behavior""
  - ""Attempt""
Statement:"
"king my own depression"", wanting to die, but being scared of death (or, basically the lack of anything after). I'm a mess and I'm sorry if someone out there actually wasted their time on reading this.",Ideation,"Determine the level of suicide-related content for the individual who made the following statement.
- Answer with one of the following options:
  - ""Indicator""
  - ""Ideation""
  - ""Behavior""
  - ""Attempt""
Statement:"
i really want to slit my wrist will it kill me if i slit one wrist open how long would it take i dont care about how painful it is will i pass out before i die what will happen,Ideation,"Determine the level of suicide-related content for the individual who made the following statement.
- Answer with one of the following options:
  - ""Indicator""
  - ""Ideation""
  - ""Behavior""
  - ""Attempt""
Statement:"
" would not change at all if I were gone, I am already just a fading memory to everyone I have ever known. the reason I stay now is that I try to find worth in the present even in all the endless pain.",Ideation,"Determine the level of suicide-related content for the individual who made the following statement.
- Answer with one of the following options:
  - ""Indicator""
  - ""Ideation""
  - ""Behavior""
  - ""Attempt""
Statement:"
"ages, calling out across the Internet, saying goodbye to a bunch of people who don't know me and never will.

I lost my life's savings and my home. I can't go on anymore, I really can't. I'm so sorry.",Indicator,"Determine the level of suicide-related content for the individual who made the following statement.
- Answer with one of the following options:
  - ""Indicator""
  - ""Ideation""
  - ""Behavior""
  - ""Attempt""
Statement:"
" see in my future is being dead, I cannot see a future for myself, i;m a horrible person who deserves to die and I will never be the same as I use to be. I have no talents I cannot fucking do anything",Ideation,"Determine the level of suicide-related content for the individual who made the following statement.
- Answer with one of the following options:
  - ""Indicator""
  - ""Ideation""
  - ""Behavior""
  - ""Attempt""
Statement:"
"Arizona ,USA Anyone have bpd resources in Arizona ? 
Trying my best not to slip",Indicator,"Determine the level of suicide-related content for the individual who made the following statement.
- Answer with one of the following options:
  - ""Indicator""
  - ""Ideation""
  - ""Behavior""
  - ""Attempt""
Statement:"
I don't want to be alive anymore I don't know what else to say.,Ideation,"Determine the level of suicide-related content for the individual who made the following statement.
- Answer with one of the following options:
  - ""Indicator""
  - ""Ideation""
  - ""Behavior""
  - ""Attempt""
Statement:"
"ath in a cradle. Those ones made for babies. 
But I’d never get such a pleasure as dying somewhere alone safe and warm

So I have to think and commit to something before next week 

What am I gonna do",Attempt,"Determine the level of suicide-related content for the individual who made the following statement.
- Answer with one of the following options:
  - ""Indicator""
  - ""Ideation""
  - ""Behavior""
  - ""Attempt""
Statement:"
done for real killing myself once schools done i tried. its just not worth it. i tried changing myself.. it never works.. i just hope i can rest peacefully.,Attempt,"Determine the level of suicide-related content for the individual who made the following statement.
- Answer with one of the following options:
  - ""Indicator""
  - ""Ideation""
  - ""Behavior""
  - ""Attempt""
Statement:"
"ind just went on autopilot, walked out of work and got in my car and contemplated the easiest way to drive into oncoming traffic. Sat in my car for half an hour crying and no one even knew where I was",Ideation,"Determine the level of suicide-related content for the individual who made the following statement.
- Answer with one of the following options:
  - ""Indicator""
  - ""Ideation""
  - ""Behavior""
  - ""Attempt""
Statement:"
It's impossible for me to reach out for help because I'm unable to put my feelings into text no matter how hard I try and I'm too scared to tell a real person my issues. I want to die,Ideation,"Determine the level of suicide-related content for the individual who made the following statement.
- Answer with one of the following options:
  - ""Indicator""
  - ""Ideation""
  - ""Behavior""
  - ""Attempt""
Statement:"
"lready doing that. There's not even anything he can do, I don't know how that'd change anything. But for some reason I fell like if I keep getting worse he has to know, at the very least as a warning.",Behavior,"Determine the level of suicide-related content for the individual who made the following statement.
- Answer with one of the following options:
  - ""Indicator""
  - ""Ideation""
  - ""Behavior""
  - ""Attempt""
Statement:"
" but this is the one. this year has been such a beautiful downward spiral it would be an amazing way to end it, no? 

i’m just so tired of failing everyone in my life. i can’t fucking do another year.",Behavior,"Determine the level of suicide-related content for the individual who made the following statement.
- Answer with one of the following options:
  - ""Indicator""
  - ""Ideation""
  - ""Behavior""
  - ""Attempt""
Statement:"
"I need advice I am planning to kill myself. Everyone hates me and they keep bullying me every day. Death is the only way out of this life and pain. How should I do it? Jump, hang up, pills, etc.?",Behavior,"Determine the level of suicide-related content for the individual who made the following statement.
- Answer with one of the following options:
  - ""Indicator""
  - ""Ideation""
  - ""Behavior""
  - ""Attempt""
Statement:"
I'm done Can't deal with this anymore. It's not getting better.,Indicator,"Determine the level of suicide-related content for the individual who made the following statement.
- Answer with one of the following options:
  - ""Indicator""
  - ""Ideation""
  - ""Behavior""
  - ""Attempt""
Statement:"
"ther my friends having to hear my complaining or my family having to deal with a trans child. I just feel like an embarrassment for everyone and don’t deserve anything, from friends to family to love.",Ideation,"Determine the level of suicide-related content for the individual who made the following statement.
- Answer with one of the following options:
  - ""Indicator""
  - ""Ideation""
  - ""Behavior""
  - ""Attempt""
Statement:"
"re about their emotional state?

i've been thinking i could just drive out into the mountains and hike as long as i can from paths and find a nice little spot to hang myself. then i can rest in peace.",Ideation,"Determine the level of suicide-related content for the individual who made the following statement.
- Answer with one of the following options:
  - ""Indicator""
  - ""Ideation""
  - ""Behavior""
  - ""Attempt""
Statement:"
n’t get why I’m plagued with this. I’m doing all the same things. Its so hard to have any hope or motivation to go on when I dont even know what else to try at this point. I'm just tired of all of it.,Ideation,"Determine the level of suicide-related content for the individual who made the following statement.
- Answer with one of the following options:
  - ""Indicator""
  - ""Ideation""
  - ""Behavior""
  - ""Attempt""
Statement:"
It's a sad world we live in. That's all.,Indicator,"Determine the level of suicide-related content for the individual who made the following statement.
- Answer with one of the following options:
  - ""Indicator""
  - ""Ideation""
  - ""Behavior""
  - ""Attempt""
Statement:"
"I don’t want to die but sometimes I can’t see my future anymore Everything feels out of reach, I’m just floating in a dark abyss without direction",Indicator,"Determine the level of suicide-related content for the individual who made the following statement.
- Answer with one of the following options:
  - ""Indicator""
  - ""Ideation""
  - ""Behavior""
  - ""Attempt""
Statement:"
Cant handle this painful pain Imma about to grab a knife and go upstairs to sleep deciding when Im about to slice my veins or just few hitting strikes i had enough,Behavior,"Determine the level of suicide-related content for the individual who made the following statement.
- Answer with one of the following options:
  - ""Indicator""
  - ""Ideation""
  - ""Behavior""
  - ""Attempt""
Statement:"
I know it's daunting folks but try and force yourself out your comfort zone My anxiety is crippling but the times i do force myself to do things you get some joy out of life,Indicator,"Determine the level of suicide-related content for the individual who made the following statement.
- Answer with one of the following options:
  - ""Indicator""
  - ""Ideation""
  - ""Behavior""
  - ""Attempt""
Statement:"
" least then they can grieve and get over it instead of worrying about it all the time. Nothing will work out, if I do continue i'm just gonna kinda get by in misery until I die of natural causes. Fuck",Behavior,"Determine the level of suicide-related content for the individual who made the following statement.
- Answer with one of the following options:
  - ""Indicator""
  - ""Ideation""
  - ""Behavior""
  - ""Attempt""
Statement:"
"Someone give ideas dos suicide I’m done with this place, I justa want to finish myself but don’t know a way. Please someone give me ideas",Behavior,"Determine the level of suicide-related content for the individual who made the following statement.
- Answer with one of the following options:
  - ""Indicator""
  - ""Ideation""
  - ""Behavior""
  - ""Attempt""
Statement:"
"intense fear and sense of responsibility to get married, have kids, and be successful enough in life.

I feel there's too little distractions to keep me away from thinking of ending my own life again.",Ideation,"Determine the level of suicide-related content for the individual who made the following statement.
- Answer with one of the following options:
  - ""Indicator""
  - ""Ideation""
  - ""Behavior""
  - ""Attempt""
Statement:"
I feel so alone today. How much longer do I have to go on?,Ideation,"Determine the level of suicide-related content for the individual who made the following statement.
- Answer with one of the following options:
  - ""Indicator""
  - ""Ideation""
  - ""Behavior""
  - ""Attempt""
Statement:"
"I’m so numb and today might be the day I don’t know, my dad has work so I can just pretend to go missing or some shit. I don’t even know if I’m suicidal or depressed, I just want to die",Ideation,"Determine the level of suicide-related content for the individual who made the following statement.
- Answer with one of the following options:
  - ""Indicator""
  - ""Ideation""
  - ""Behavior""
  - ""Attempt""
Statement:"
I plan to take most of my clothes off and handcuff myself to a tree overnight in the freezing cold It's gonna be hard but it's going to be so worth it.,Ideation,"Determine the level of suicide-related content for the individual who made the following statement.
- Answer with one of the following options:
  - ""Indicator""
  - ""Ideation""
  - ""Behavior""
  - ""Attempt""
Statement:"
Catching the bus Does anyone know where the catching the bus subreddit moved after it was banned by Reddit?,Indicator,"Determine the level of suicide-related content for the individual who made the following statement.
- Answer with one of the following options:
  - ""Indicator""
  - ""Ideation""
  - ""Behavior""
  - ""Attempt""
Statement:"
How I Feel Empty - Olivia O’Brien,Indicator,"Determine the level of suicide-related content for the individual who made the following statement.
- Answer with one of the following options:
  - ""Indicator""
  - ""Ideation""
  - ""Behavior""
  - ""Attempt""
Statement:"
Dehydration Can your close ones notice on you that you stopped eating and drinking just by looks? Im probably gonna go this way so i was just wondering about this cause i dont want them stopping me.,Behavior,"Determine the level of suicide-related content for the individual who made the following statement.
- Answer with one of the following options:
  - ""Indicator""
  - ""Ideation""
  - ""Behavior""
  - ""Attempt""
Statement:"
"I have a question I've been severely depressed for nearly 2 years, sometimes suicidal, but if i was really suffering, why haven't i killed myself yet?",Indicator,"Determine the level of suicide-related content for the individual who made the following statement.
- Answer with one of the following options:
  - ""Indicator""
  - ""Ideation""
  - ""Behavior""
  - ""Attempt""
Statement:"
Everyone is falsely accusing me of so much bullshit that im literally done with people ,Indicator,"Determine the level of suicide-related content for the individual who made the following statement.
- Answer with one of the following options:
  - ""Indicator""
  - ""Ideation""
  - ""Behavior""
  - ""Attempt""
Statement:"
want to end up in the hospital. i just need someone to tell me if it gets better or not. i need to know if i should keep going or just give up. i don't know how much my heart can take anymore. please.,Attempt,"Determine the level of suicide-related content for the individual who made the following statement.
- Answer with one of the following options:
  - ""Indicator""
  - ""Ideation""
  - ""Behavior""
  - ""Attempt""
Statement:"
"Life just seems so boring and hard, with nothing special to live for &amp;#x200B;

&amp;#x200B;

So why should I stay here?",Ideation,"Determine the level of suicide-related content for the individual who made the following statement.
- Answer with one of the following options:
  - ""Indicator""
  - ""Ideation""
  - ""Behavior""
  - ""Attempt""
Statement:"
've lost all will to live. It's kind of freeing to think that it will all be over tomorrow. Don't know why I'm posting this other than to just let a shot in the dark ring out before I go. Goodbye now.,Behavior,"Determine the level of suicide-related content for the individual who made the following statement.
- Answer with one of the following options:
  - ""Indicator""
  - ""Ideation""
  - ""Behavior""
  - ""Attempt""
Statement:"
"If I deeply hurt my boyfriend, he wont feel that bad if I kill myself Any thoughts?",Ideation,"Determine the level of suicide-related content for the individual who made the following statement.
- Answer with one of the following options:
  - ""Indicator""
  - ""Ideation""
  - ""Behavior""
  - ""Attempt""
Statement:"
"round. 

&amp;#x200B;

i’m so lonely, i dont want to do this any,more

&amp;#x200B;

i have ptsd too from SA and watching someone die and lol “therapy is stupid, you arent ill, you just want attention",Indicator,"Determine the level of suicide-related content for the individual who made the following statement.
- Answer with one of the following options:
  - ""Indicator""
  - ""Ideation""
  - ""Behavior""
  - ""Attempt""
Statement:"
"n't want therapy anymore, I don't want to wait for better days. I want to die.  


Does anyone have some advice what to do next? Deep down I want to live, but I want to live the life of somebody else.",Ideation,"Determine the level of suicide-related content for the individual who made the following statement.
- Answer with one of the following options:
  - ""Indicator""
  - ""Ideation""
  - ""Behavior""
  - ""Attempt""
Statement:"
I need help. I dont know what to do ,Indicator,"Determine the level of suicide-related content for the individual who made the following statement.
- Answer with one of the following options:
  - ""Indicator""
  - ""Ideation""
  - ""Behavior""
  - ""Attempt""
Statement:"
"i lied about alexander raped me now that i’ve admitted it i think i can finally take the plunge

now you guys see why alex told me to kill myself—i’m the monster here",Ideation,"Determine the level of suicide-related content for the individual who made the following statement.
- Answer with one of the following options:
  - ""Indicator""
  - ""Ideation""
  - ""Behavior""
  - ""Attempt""
Statement:"
I wish I could be happy ,Indicator,"Determine the level of suicide-related content for the individual who made the following statement.
- Answer with one of the following options:
  - ""Indicator""
  - ""Ideation""
  - ""Behavior""
  - ""Attempt""
Statement:"
"ago that she had tried to kill herself and she is now on restrictions at home 
She hasn't posted anything in 2 days and isn't answering my messages 
I'm scared pls tell me how do I know if she is ok ?",Indicator,"Determine the level of suicide-related content for the individual who made the following statement.
- Answer with one of the following options:
  - ""Indicator""
  - ""Ideation""
  - ""Behavior""
  - ""Attempt""
Statement:"
"ke I've been stuck in quicksand my entire life.

I don't know when I'll do it, but I know that I will eventually. There are a few things I want to do first, but I won't stick around once they're done.",Behavior,"Determine the level of suicide-related content for the individual who made the following statement.
- Answer with one of the following options:
  - ""Indicator""
  - ""Ideation""
  - ""Behavior""
  - ""Attempt""
Statement:"
ok me long to build up and destroyed it in an instant. You can remove this post or even ban me again as you like. I just wanted to know that you choose your words very carefully because WORDS DO HURT.,Ideation,"Determine the level of suicide-related content for the individual who made the following statement.
- Answer with one of the following options:
  - ""Indicator""
  - ""Ideation""
  - ""Behavior""
  - ""Attempt""
Statement:"
" haven’t been afraid of dying in a long time. I don’t think I’m gonna deliberately make it happen. But I don’t see a way out, and I often feel things would be better if I didn’t have to try anymore :/",Ideation,"Determine the level of suicide-related content for the individual who made the following statement.
- Answer with one of the following options:
  - ""Indicator""
  - ""Ideation""
  - ""Behavior""
  - ""Attempt""
Statement:"
"Soon I’ve been taking 5000mg doses of acetaminophen every few hours for the past few days. Soon enough I’ll be sick enough to be hospitalized, and soon after that it’ll be over",Attempt,"Determine the level of suicide-related content for the individual who made the following statement.
- Answer with one of the following options:
  - ""Indicator""
  - ""Ideation""
  - ""Behavior""
  - ""Attempt""
Statement:"
Preparations? Anyone else plan to pack/organize their belongings before going through with it? I don’t want to make it any more difficult for my parents than it has to be.,Indicator,"Determine the level of suicide-related content for the individual who made the following statement.
- Answer with one of the following options:
  - ""Indicator""
  - ""Ideation""
  - ""Behavior""
  - ""Attempt""
Statement:"
oking and self harming in order to cope with everything but those things only help for a little while. Everything just feels so overwhelming. I also feel really guilty and ashame for feeling this way.,Ideation,"Determine the level of suicide-related content for the individual who made the following statement.
- Answer with one of the following options:
  - ""Indicator""
  - ""Ideation""
  - ""Behavior""
  - ""Attempt""
Statement:"
Help I need reasons to live. Somebody please help,Ideation,"Determine the level of suicide-related content for the individual who made the following statement.
- Answer with one of the following options:
  - ""Indicator""
  - ""Ideation""
  - ""Behavior""
  - ""Attempt""
Statement:"
"Anyone available that I can rant to? There’s a lot on my mind, and I have no one to open up to about it",Indicator,"Determine the level of suicide-related content for the individual who made the following statement.
- Answer with one of the following options:
  - ""Indicator""
  - ""Ideation""
  - ""Behavior""
  - ""Attempt""
Statement:"
I need urgent help please I really need to chat to someone. I'm so incredibly alone,Indicator,"Determine the level of suicide-related content for the individual who made the following statement.
- Answer with one of the following options:
  - ""Indicator""
  - ""Ideation""
  - ""Behavior""
  - ""Attempt""
Statement:"
About to turn 21 Got a lot more pain to sit through!,Indicator,"Determine the level of suicide-related content for the individual who made the following statement.
- Answer with one of the following options:
  - ""Indicator""
  - ""Ideation""
  - ""Behavior""
  - ""Attempt""
Statement:"
 fear about going through with it and about repercussions but I am now emotionless and know the attempt will succeed. If you have any last words for me before I go speak now or forever hold your peace,Behavior,"Determine the level of suicide-related content for the individual who made the following statement.
- Answer with one of the following options:
  - ""Indicator""
  - ""Ideation""
  - ""Behavior""
  - ""Attempt""
Statement:"
"Really tired of suppressing my emotions. I just want to hug someone and cry for a long time and then die. I am tired of everything, it's too difficult to handle everything anymore.",Ideation,"Determine the level of suicide-related content for the individual who made the following statement.
- Answer with one of the following options:
  - ""Indicator""
  - ""Ideation""
  - ""Behavior""
  - ""Attempt""
Statement:"
What things you do when you're bored? I only play video games too lazy and tired to do stuff,Indicator,"Determine the level of suicide-related content for the individual who made the following statement.
- Answer with one of the following options:
  - ""Indicator""
  - ""Ideation""
  - ""Behavior""
  - ""Attempt""
Statement:"
I’m doing it tonight. I’m doing it. I’m walking downtown to a parking structure and jumping. I can’t take it. I can’t stay alive.,Behavior,"Determine the level of suicide-related content for the individual who made the following statement.
- Answer with one of the following options:
  - ""Indicator""
  - ""Ideation""
  - ""Behavior""
  - ""Attempt""
Statement:"
Friends anyone? Lonely and just need someone to chat to about anything. Need to get through this tough time x,Indicator,"Determine the level of suicide-related content for the individual who made the following statement.
- Answer with one of the following options:
  - ""Indicator""
  - ""Ideation""
  - ""Behavior""
  - ""Attempt""
Statement:"
". I want to cry. I want to take a knife and drag it across my wrists hundreds and hundreds of times. I want to feel the pain I deserve.

I want to be gone.",Behavior,"Determine the level of suicide-related content for the individual who made the following statement.
- Answer with one of the following options:
  - ""Indicator""
  - ""Ideation""
  - ""Behavior""
  - ""Attempt""
Statement:"
ve thing ive heard in a while. i cant believe that thought alone made me want to die even more anyways just wanted to share how much i want to die of embarrassment and cuz im really so so so tired :)),Ideation,"Determine the level of suicide-related content for the individual who made the following statement.
- Answer with one of the following options:
  - ""Indicator""
  - ""Ideation""
  - ""Behavior""
  - ""Attempt""
Statement:"
mily’s heart. People say when they die that they just want to be forgotten. I don’t want to be forgotten but I also just want to die. This is my first ever post on Reddit so I guess I just end it here,Ideation,"Determine the level of suicide-related content for the individual who made the following statement.
- Answer with one of the following options:
  - ""Indicator""
  - ""Ideation""
  - ""Behavior""
  - ""Attempt""
Statement:"
"on my doorknob? Or if I can’t, any tips for running away? I wanna take my phone but apparently they can track it. All I know it’s either killing myself or running away. I can’t deal with this anymore.",Ideation,"Determine the level of suicide-related content for the individual who made the following statement.
- Answer with one of the following options:
  - ""Indicator""
  - ""Ideation""
  - ""Behavior""
  - ""Attempt""
Statement:"
"ciating but I have a class I'm probably going to fail in a bit yet I'm laying on the floor, breaking down and thinking about how I could technically put a cutter to my throat and end it all right now.",Ideation,"Determine the level of suicide-related content for the individual who made the following statement.
- Answer with one of the following options:
  - ""Indicator""
  - ""Ideation""
  - ""Behavior""
  - ""Attempt""
Statement:"
How long would it take for me to completely suffocate and die using a plastic bag over my head? Just answer the question.,Behavior,"Determine the level of suicide-related content for the individual who made the following statement.
- Answer with one of the following options:
  - ""Indicator""
  - ""Ideation""
  - ""Behavior""
  - ""Attempt""
Statement:"
School makes me wanna kms Anyone else?,Ideation,"Determine the level of suicide-related content for the individual who made the following statement.
- Answer with one of the following options:
  - ""Indicator""
  - ""Ideation""
  - ""Behavior""
  - ""Attempt""
Statement:"
"ness, or they feel like they just won’t make it anyways? They won’t find joy or happiness? Something to be passionate about.
I know this sounds awful, but I just need people I can relate to right now.",Indicator,"Determine the level of suicide-related content for the individual who made the following statement.
- Answer with one of the following options:
  - ""Indicator""
  - ""Ideation""
  - ""Behavior""
  - ""Attempt""
Statement:"
"12 years old Cant stop self harming fuckin porn addict fuckin smokes weed and does molly, lean to im goddamn useless just like my family says im better off dead",Ideation,"Determine the level of suicide-related content for the individual who made the following statement.
- Answer with one of the following options:
  - ""Indicator""
  - ""Ideation""
  - ""Behavior""
  - ""Attempt""
Statement:"
How can i get a gun as a minor (12m) in the state of lousiana? ,Behavior,"Determine the level of suicide-related content for the individual who made the following statement.
- Answer with one of the following options:
  - ""Indicator""
  - ""Ideation""
  - ""Behavior""
  - ""Attempt""
Statement:"
I want to die but I'm too much of a coward to do it Thats it I want to die but I'm too much of a coward to do it simple as that,Ideation,"Determine the level of suicide-related content for the individual who made the following statement.
- Answer with one of the following options:
  - ""Indicator""
  - ""Ideation""
  - ""Behavior""
  - ""Attempt""
Statement:"
Melatonin to avoid thoughts Taking sleep aids to fall asleep sooner and be done with fighting these thoughts today. Tired of fighting with this desire.,Indicator,"Determine the level of suicide-related content for the individual who made the following statement.
- Answer with one of the following options:
  - ""Indicator""
  - ""Ideation""
  - ""Behavior""
  - ""Attempt""
Statement:"
"I'm going outside right now, I'm gonna throw myself off a bridge This is it I'm done",Behavior,"Determine the level of suicide-related content for the individual who made the following statement.
- Answer with one of the following options:
  - ""Indicator""
  - ""Ideation""
  - ""Behavior""
  - ""Attempt""
Statement:"
How old are all my suicidal pals? I'll be 38 next week,Ideation,"Determine the level of suicide-related content for the individual who made the following statement.
- Answer with one of the following options:
  - ""Indicator""
  - ""Ideation""
  - ""Behavior""
  - ""Attempt""
Statement:"
" moving on but I realise when I stop doing everything and sit alone, I still want to die. The only thing stopping me is the thought of my parents going through the loss of another child :/ please help",Ideation,"Determine the level of suicide-related content for the individual who made the following statement.
- Answer with one of the following options:
  - ""Indicator""
  - ""Ideation""
  - ""Behavior""
  - ""Attempt""
Statement:"
 my looks. I don’t think I’ll ever find my soulmate and I’ve lost all will to live. I know it sounds so stupid to want to die over not having a boyfriend but it’s seriously affecting my mental health.,Ideation,"Determine the level of suicide-related content for the individual who made the following statement.
- Answer with one of the following options:
  - ""Indicator""
  - ""Ideation""
  - ""Behavior""
  - ""Attempt""
Statement:"
"k!” Ever since i ruined my friendship with my best friend im ready to officially die. Get me the gun baby. Get me the gun. I’m usually not this bitter, always miserable, but I’m resenting being alive.",Ideation,"Determine the level of suicide-related content for the individual who made the following statement.
- Answer with one of the following options:
  - ""Indicator""
  - ""Ideation""
  - ""Behavior""
  - ""Attempt""
Statement:"
t but my instincts took over I tried jumping from the highest roof but I got scared and stabbing myself would be messy and painful I keep thinking about my friends and family it's so painful I hate it,Ideation,"Determine the level of suicide-related content for the individual who made the following statement.
- Answer with one of the following options:
  - ""Indicator""
  - ""Ideation""
  - ""Behavior""
  - ""Attempt""
Statement:"
"to leave.

My day count for life is 8,000 days, isn't that crazy? 8,000 fucking days of this shithole. 

8,000 days and I can't take no more.

What a joke.

See you all on the other side. 

Take care.",Ideation,"Determine the level of suicide-related content for the individual who made the following statement.
- Answer with one of the following options:
  - ""Indicator""
  - ""Ideation""
  - ""Behavior""
  - ""Attempt""
Statement:"
"After two suicide attempts and anti dep therapy ,the urge is still strong to die I messsed up man , should have just died back then",Attempt,"Determine the level of suicide-related content for the individual who made the following statement.
- Answer with one of the following options:
  - ""Indicator""
  - ""Ideation""
  - ""Behavior""
  - ""Attempt""
Statement:"
makes me feel like a bad person to want to be mean and reject the people who love me because I know that would hurt them too... then feeling like a bad person makes me want to kms more -idk what to do,Ideation,"Determine the level of suicide-related content for the individual who made the following statement.
- Answer with one of the following options:
  - ""Indicator""
  - ""Ideation""
  - ""Behavior""
  - ""Attempt""
Statement:"
Can't I just go back in time? I actually had the will to live before I made one too many mistakes.,Ideation,"Determine the level of suicide-related content for the individual who made the following statement.
- Answer with one of the following options:
  - ""Indicator""
  - ""Ideation""
  - ""Behavior""
  - ""Attempt""
Statement:"
" but I am more depressed than I have ever been. I had to write it here because I didn't think it would be appropriate to tell random strangers on the buss. 

Now with social distancing and everything.",Ideation,"Determine the level of suicide-related content for the individual who made the following statement.
- Answer with one of the following options:
  - ""Indicator""
  - ""Ideation""
  - ""Behavior""
  - ""Attempt""
Statement:"
" rest of my life with a destroyed liver. Plus I'll have to endure the looks &amp; considerations of my relatives.

I weigh 132lb and I'm 5 foot 8 inches tall.

Is it enough to kill myself efficiently?",Behavior,"Determine the level of suicide-related content for the individual who made the following statement.
- Answer with one of the following options:
  - ""Indicator""
  - ""Ideation""
  - ""Behavior""
  - ""Attempt""
Statement:"
I just realized Im not steong enough to survive this year. ,Ideation,"Determine the level of suicide-related content for the individual who made the following statement.
- Answer with one of the following options:
  - ""Indicator""
  - ""Ideation""
  - ""Behavior""
  - ""Attempt""
Statement:"
"t always be hurt by the knowledge I'm dead, but in five years or so I'd just be a painful memory that bugs them every once and awhile, no major effects, nothing. Life would move on and that'd be that.",Ideation,"Determine the level of suicide-related content for the individual who made the following statement.
- Answer with one of the following options:
  - ""Indicator""
  - ""Ideation""
  - ""Behavior""
  - ""Attempt""
Statement:"
pear Sometimes i feel like the worl is better off without me idk i just feel like no one really ever wants to be with me and i always mess up but every time i do i just want to dissapear more and more,Ideation,"Determine the level of suicide-related content for the individual who made the following statement.
- Answer with one of the following options:
  - ""Indicator""
  - ""Ideation""
  - ""Behavior""
  - ""Attempt""
Statement:"
tw// alcohol death i just want to drink myself to death i hate it here,Behavior,"Determine the level of suicide-related content for the individual who made the following statement.
- Answer with one of the following options:
  - ""Indicator""
  - ""Ideation""
  - ""Behavior""
  - ""Attempt""
Statement:"
"inty, the burden that I am putting on everyone.  I am at my the end of my rope and the bottom is no where to be seen.  Sorry. Really guessing I need to vent, but I don't really have anyone to vent to.",Attempt,"Determine the level of suicide-related content for the individual who made the following statement.
- Answer with one of the following options:
  - ""Indicator""
  - ""Ideation""
  - ""Behavior""
  - ""Attempt""
Statement:"
"utter one day and get cremated like all the other nameless homeless people out there. But I don't care. If it happens it happens. 

My name's Ava. And this will probably be my last post ever. Goodbye.",Behavior,"Determine the level of suicide-related content for the individual who made the following statement.
- Answer with one of the following options:
  - ""Indicator""
  - ""Ideation""
  - ""Behavior""
  - ""Attempt""
Statement:"
I honestly don't want to be a part of this sh*t world. It makes no sense why make such nasty creatures and I don't want to be a part of it. What's even the point?,Indicator,"Determine the level of suicide-related content for the individual who made the following statement.
- Answer with one of the following options:
  - ""Indicator""
  - ""Ideation""
  - ""Behavior""
  - ""Attempt""
Statement:"
I can't live with myself. I have to end it soon. ,Indicator,"Determine the level of suicide-related content for the individual who made the following statement.
- Answer with one of the following options:
  - ""Indicator""
  - ""Ideation""
  - ""Behavior""
  - ""Attempt""
Statement:"
"s you when you start to think about it. I don't know what to do. This feels like such an easy decision but I'm a coward. 

I wish things were different but here I am at almost 1am sobbing in bed again",Ideation,"Determine the level of suicide-related content for the individual who made the following statement.
- Answer with one of the following options:
  - ""Indicator""
  - ""Ideation""
  - ""Behavior""
  - ""Attempt""
Statement:"
"uck it. No note, nothing. Fuck em all, they shouldn’t even get to pretend to care after when they never cared now. 

I just felt like it should be said somewhere where. life is just too fucking tough.",Ideation,"Determine the level of suicide-related content for the individual who made the following statement.
- Answer with one of the following options:
  - ""Indicator""
  - ""Ideation""
  - ""Behavior""
  - ""Attempt""
Statement:"
"rt, and give you cookies and the following songs to listen to, my favorite songs.
 
https://www.youtube.com/watch?v=rz69OtTL-W8

https://www.youtube.com/watch?v=Q2p4q_nGDpo

Lots of love and Stardust!",Behavior,"Determine the level of suicide-related content for the individual who made the following statement.
- Answer with one of the following options:
  - ""Indicator""
  - ""Ideation""
  - ""Behavior""
  - ""Attempt""
Statement:"
Whether I kill myself tomorrow or die of natural causes when I'm 80 I will say that I went through life hating it and wished I died sooner ,Ideation,"Determine the level of suicide-related content for the individual who made the following statement.
- Answer with one of the following options:
  - ""Indicator""
  - ""Ideation""
  - ""Behavior""
  - ""Attempt""
Statement:"
"It’s official. I have a plan to kill myself. I’m not going to go into specific details, but just know that I’m going to have to wait patiently until I turn 18.",Behavior,"Determine the level of suicide-related content for the individual who made the following statement.
- Answer with one of the following options:
  - ""Indicator""
  - ""Ideation""
  - ""Behavior""
  - ""Attempt""
Statement:"
"I don’t like life. Never have. It’s not for me. I don’t know why we have to be here. I should be able to go to the doctor, ask to be euthanized, sign the paper and be done with it. ",Ideation,"Determine the level of suicide-related content for the individual who made the following statement.
- Answer with one of the following options:
  - ""Indicator""
  - ""Ideation""
  - ""Behavior""
  - ""Attempt""
Statement:"
 family can know I did think about them for Christmas this year and put some thought into their gifts. Wouldnt have benn able to supply their gifts without Meth tho. Big shoutout to meth for this one.,Attempt,"Determine the level of suicide-related content for the individual who made the following statement.
- Answer with one of the following options:
  - ""Indicator""
  - ""Ideation""
  - ""Behavior""
  - ""Attempt""
Statement:"
"s at fucking 22?  What the fuck is wrong with me?  

It's been over 3 months since I had a conversation with anyone.  The loneliness is so painful.  I just want connection.  I can't take this anymore.",Ideation,"Determine the level of suicide-related content for the individual who made the following statement.
- Answer with one of the following options:
  - ""Indicator""
  - ""Ideation""
  - ""Behavior""
  - ""Attempt""
Statement:"
"d 1 attempt they don't know about, with alcohol. 

I just want my parents to be proud of me. Not because I wanna feel special, but because I really want them to feel happy and proud of their daughter.",Ideation,"Determine the level of suicide-related content for the individual who made the following statement.
- Answer with one of the following options:
  - ""Indicator""
  - ""Ideation""
  - ""Behavior""
  - ""Attempt""
Statement:"
"Boy, i sure do love being woken up at around 7am cause of fighting. Totally doesn't make my anxiety and depression worse and give me a big headache. :) ",Indicator,"Determine the level of suicide-related content for the individual who made the following statement.
- Answer with one of the following options:
  - ""Indicator""
  - ""Ideation""
  - ""Behavior""
  - ""Attempt""
Statement:"
I need someone to talk to. I want to die. Had a bad day. Wanna get better. It’s impossible tho.,Indicator,"Determine the level of suicide-related content for the individual who made the following statement.
- Answer with one of the following options:
  - ""Indicator""
  - ""Ideation""
  - ""Behavior""
  - ""Attempt""
Statement:"
"ave OCD bc people see it as a joke. Sorry if you struggle to read this, I’m usually super articulate but I don’t wanna be rn I just wanna ramble, I don’t wanna get bad again this is my first post here",Ideation,"Determine the level of suicide-related content for the individual who made the following statement.
- Answer with one of the following options:
  - ""Indicator""
  - ""Ideation""
  - ""Behavior""
  - ""Attempt""
Statement:"
"I'm just letting everyone down. I'm so broken and lifeless now. I can't seem to figure out how to socialize. I don't know anyone who has the same interests. I'm ready to say goodbye, but I'm also not.",Ideation,"Determine the level of suicide-related content for the individual who made the following statement.
- Answer with one of the following options:
  - ""Indicator""
  - ""Ideation""
  - ""Behavior""
  - ""Attempt""
Statement:"
Kill yourself already you fucking ugly pathetic loser Your a fucking freak,Ideation,"Determine the level of suicide-related content for the individual who made the following statement.
- Answer with one of the following options:
  - ""Indicator""
  - ""Ideation""
  - ""Behavior""
  - ""Attempt""
Statement:"
I'm on my way Sorry I'm just really scared and hurt. I want someone to talk to,Indicator,"Determine the level of suicide-related content for the individual who made the following statement.
- Answer with one of the following options:
  - ""Indicator""
  - ""Ideation""
  - ""Behavior""
  - ""Attempt""
Statement:"
Im fucking done Im a joke to the universe litterly,Indicator,"Determine the level of suicide-related content for the individual who made the following statement.
- Answer with one of the following options:
  - ""Indicator""
  - ""Ideation""
  - ""Behavior""
  - ""Attempt""
Statement:"
Feeling suicidal I'm feeling suicidal,Ideation,"Determine the level of suicide-related content for the individual who made the following statement.
- Answer with one of the following options:
  - ""Indicator""
  - ""Ideation""
  - ""Behavior""
  - ""Attempt""
Statement:"
"June will be one of the best and worst months.. So Yeah, I know im 17 and I have still a life to live but I've decided that June will be my last month to live.. Just too many problems.. Too many..",Behavior,"Determine the level of suicide-related content for the individual who made the following statement.
- Answer with one of the following options:
  - ""Indicator""
  - ""Ideation""
  - ""Behavior""
  - ""Attempt""
Statement:"
No one will ever be able to even think of calling me weak if they know I've gone through with a suicide attempt. ,Attempt,"Determine the level of suicide-related content for the individual who made the following statement.
- Answer with one of the following options:
  - ""Indicator""
  - ""Ideation""
  - ""Behavior""
  - ""Attempt""
Statement:"
Things are getting bad again. I’m in so much pain and I can’t reach anyone. either I’m going to bother or I simply deserve this.,Indicator,"Determine the level of suicide-related content for the individual who made the following statement.
- Answer with one of the following options:
  - ""Indicator""
  - ""Ideation""
  - ""Behavior""
  - ""Attempt""
Statement:"
Imma kill myself so my thoughts shut up Imma give my thoughts what they want so they leave me alone,Ideation,"Determine the level of suicide-related content for the individual who made the following statement.
- Answer with one of the following options:
  - ""Indicator""
  - ""Ideation""
  - ""Behavior""
  - ""Attempt""
Statement:"
"what's hurting me. None of them really care. So i guess this is a suicide note, i can't fucking take it anymore. I hope you all burn in hell for what you've done to me and my trans siblings. Fuck you.",Behavior,"Determine the level of suicide-related content for the individual who made the following statement.
- Answer with one of the following options:
  - ""Indicator""
  - ""Ideation""
  - ""Behavior""
  - ""Attempt""
Statement:"
How can I successfully hang myself with a belt in the closet? I’m so so so so tired of life.,Ideation,"Determine the level of suicide-related content for the individual who made the following statement.
- Answer with one of the following options:
  - ""Indicator""
  - ""Ideation""
  - ""Behavior""
  - ""Attempt""
Statement:"
"fortunately never being able to, because you have to do this soul-draining chore known as ""living"".

I'm ending my life in July (finally). I'm so fucking tired of being treated like society's ragdoll.",Ideation,"Determine the level of suicide-related content for the individual who made the following statement.
- Answer with one of the following options:
  - ""Indicator""
  - ""Ideation""
  - ""Behavior""
  - ""Attempt""
Statement:"
"Easiest way to die (NY) Been looking everywhere for the painless way to die, Idk why I’m such a coward to jump off a building I just can’t stand this life anymore",Behavior,"Determine the level of suicide-related content for the individual who made the following statement.
- Answer with one of the following options:
  - ""Indicator""
  - ""Ideation""
  - ""Behavior""
  - ""Attempt""
Statement:"
 a career where i know there is no future for me. As i'm writing this my mind is becoming more worse and the suicidal thoughts are like eating me up. There is no one that i can share my problems with.,Ideation,"Determine the level of suicide-related content for the individual who made the following statement.
- Answer with one of the following options:
  - ""Indicator""
  - ""Ideation""
  - ""Behavior""
  - ""Attempt""
Statement:"
"it hurts when you're far from being alone, yet you feel so alone. i feel like a burden for my friends when i'm down. it's hard to always pretend i'm fine.",Indicator,"Determine the level of suicide-related content for the individual who made the following statement.
- Answer with one of the following options:
  - ""Indicator""
  - ""Ideation""
  - ""Behavior""
  - ""Attempt""
Statement:"
failed attempt in hospital cuz i tried to slit my wrists and someone found me . low-key feel embarrassed why didn’t it go king work,Attempt,"Determine the level of suicide-related content for the individual who made the following statement.
- Answer with one of the following options:
  - ""Indicator""
  - ""Ideation""
  - ""Behavior""
  - ""Attempt""
Statement:"
"one at all, mostly because people around me don’t interact with me or take me seriously. I always just have this feeling of depression and suicidal thoughts, maybe I should just end my life this week?",Behavior,"Determine the level of suicide-related content for the individual who made the following statement.
- Answer with one of the following options:
  - ""Indicator""
  - ""Ideation""
  - ""Behavior""
  - ""Attempt""
Statement:"
ems... so many things are a complete catastrophe in my life. I feel like I've never met somebody with so many damn problems before. I'm so damaged and all I do is try and it's never enough. I'm tired.,Indicator,"Determine the level of suicide-related content for the individual who made the following statement.
- Answer with one of the following options:
  - ""Indicator""
  - ""Ideation""
  - ""Behavior""
  - ""Attempt""
Statement:"
" if I'm just wasting my time going through the next sixty, seventy, eighty years of my life like this.

People say ""it gets better."" I think it's just as bad now as it was ten years ago, if not worse.",Ideation,"Determine the level of suicide-related content for the individual who made the following statement.
- Answer with one of the following options:
  - ""Indicator""
  - ""Ideation""
  - ""Behavior""
  - ""Attempt""
Statement:"
thinking about it again i want to leave,Indicator,"Determine the level of suicide-related content for the individual who made the following statement.
- Answer with one of the following options:
  - ""Indicator""
  - ""Ideation""
  - ""Behavior""
  - ""Attempt""
Statement:"
" a friend, I’m feeling that it’s wrong to be telling him life is worth it when I don’t want to keep going myself. Is it better to be honest or is keeping quiet, potentially for his own health, better?",Indicator,"Determine the level of suicide-related content for the individual who made the following statement.
- Answer with one of the following options:
  - ""Indicator""
  - ""Ideation""
  - ""Behavior""
  - ""Attempt""
Statement:"
"teem. I told the headteacher about it and he had a few talks with him, otherwise he did nothing. And people just say “just ignore them” WHICH I HAVE TRIED, and let me tell you, IT DOESNT FUCKING HELP.",Ideation,"Determine the level of suicide-related content for the individual who made the following statement.
- Answer with one of the following options:
  - ""Indicator""
  - ""Ideation""
  - ""Behavior""
  - ""Attempt""
Statement:"
"In death Even in the brink of death, i still think of what people would say after i hang myself.",Ideation,"Determine the level of suicide-related content for the individual who made the following statement.
- Answer with one of the following options:
  - ""Indicator""
  - ""Ideation""
  - ""Behavior""
  - ""Attempt""
Statement:"
i wish i didn’t have to do it life is just too hard,Indicator,"Determine the level of suicide-related content for the individual who made the following statement.
- Answer with one of the following options:
  - ""Indicator""
  - ""Ideation""
  - ""Behavior""
  - ""Attempt""
Statement:"
" to accept this, but I'm gonna do it soon. i'm not sure when exactly, and I'm a bit scared, but it'll be okay. i know no ones gonna see this anyway, so it's okay. yeah just getting it off my chest ig.",Indicator,"Determine the level of suicide-related content for the individual who made the following statement.
- Answer with one of the following options:
  - ""Indicator""
  - ""Ideation""
  - ""Behavior""
  - ""Attempt""
Statement:"
Please someone help me I'm going to do it soon I feel so devastated and scared like I've been stabbed in the heart and I just dont knowcwhat to do I feel awful,Indicator,"Determine the level of suicide-related content for the individual who made the following statement.
- Answer with one of the following options:
  - ""Indicator""
  - ""Ideation""
  - ""Behavior""
  - ""Attempt""
Statement:"
"nutes. For over the course of a year I've been having some thoughts in the back of my head telling me to end it all. Like I'm feeling doomed, as if something worse was coming to me if I kept existing.",Ideation,"Determine the level of suicide-related content for the individual who made the following statement.
- Answer with one of the following options:
  - ""Indicator""
  - ""Ideation""
  - ""Behavior""
  - ""Attempt""
Statement:"
"I'm so alone I have no one around me , no close family, no close friends, no one I cant get a gf I just cant take it anymore please help me",Indicator,"Determine the level of suicide-related content for the individual who made the following statement.
- Answer with one of the following options:
  - ""Indicator""
  - ""Ideation""
  - ""Behavior""
  - ""Attempt""
Statement:"
"so many poor suffering people die every day and here i am wishing to die this is so sad

they all deserve better

i love you mom, rip",Ideation,"Determine the level of suicide-related content for the individual who made the following statement.
- Answer with one of the following options:
  - ""Indicator""
  - ""Ideation""
  - ""Behavior""
  - ""Attempt""
Statement:"
I just don't have a choice I'm a socially awkward loser and there's no point in going on just to suffer more. There's no point in just getting through the day I just wish I was brave enough to do it.,Ideation,"Determine the level of suicide-related content for the individual who made the following statement.
- Answer with one of the following options:
  - ""Indicator""
  - ""Ideation""
  - ""Behavior""
  - ""Attempt""
Statement:"
"a good job. I wish I was brave like one of my family friends who hung himself a few months ago, but I'm too much of a pussy. 

Sorry for all the cussing, I'm super stressed out and I have just had it.",Ideation,"Determine the level of suicide-related content for the individual who made the following statement.
- Answer with one of the following options:
  - ""Indicator""
  - ""Ideation""
  - ""Behavior""
  - ""Attempt""
Statement:"
wanna die i wanna i wanna i wanna dieee 🔪🎶 My head is filled with the thought of killing myself that I just started to sing it all loudl. Whatever lyric and tune comes to mind I WANNA DIE DIE DIEEEEEE,Ideation,"Determine the level of suicide-related content for the individual who made the following statement.
- Answer with one of the following options:
  - ""Indicator""
  - ""Ideation""
  - ""Behavior""
  - ""Attempt""
Statement:"
 I'll never come back to the time where she was trusting me. I can't handle the fact that she thinks I'm worthless. I can't have this life it's too painful. Everytime I try I fail. It's just too hard.,Ideation,"Determine the level of suicide-related content for the individual who made the following statement.
- Answer with one of the following options:
  - ""Indicator""
  - ""Ideation""
  - ""Behavior""
  - ""Attempt""
Statement:"
 from suicide watchers idk maybe i just need attention yes its all a ruse for attention. People dying is funny hope that asshole dies hope i die maybe then ill get a good chuckle fuck me fuck da world,Ideation,"Determine the level of suicide-related content for the individual who made the following statement.
- Answer with one of the following options:
  - ""Indicator""
  - ""Ideation""
  - ""Behavior""
  - ""Attempt""
Statement:"
My uncle died today Just one more reason to down those pills,Behavior,"Determine the level of suicide-related content for the individual who made the following statement.
- Answer with one of the following options:
  - ""Indicator""
  - ""Ideation""
  - ""Behavior""
  - ""Attempt""
Statement:"
weigh down my family and friends. sometimes i wonder if i should just do it now because if i wait for later it will just hurt them more. For now i guess i will just sit here and wish i was never born.,Ideation,"Determine the level of suicide-related content for the individual who made the following statement.
- Answer with one of the following options:
  - ""Indicator""
  - ""Ideation""
  - ""Behavior""
  - ""Attempt""
Statement:"
Is this weird? When I think of how I want to kill myself I always become happier and less depressed after I’ve thought of a way to do it that I think for sure would work.,Ideation,"Determine the level of suicide-related content for the individual who made the following statement.
- Answer with one of the following options:
  - ""Indicator""
  - ""Ideation""
  - ""Behavior""
  - ""Attempt""
Statement:"
Are friends supposed to help with depression? Because people just piss me off.,Indicator,"Determine the level of suicide-related content for the individual who made the following statement.
- Answer with one of the following options:
  - ""Indicator""
  - ""Ideation""
  - ""Behavior""
  - ""Attempt""
Statement:"
Death or pain? No reason to live in pain and wait for death to come if I can just simply skip the pain without any reason not to.,Ideation,"Determine the level of suicide-related content for the individual who made the following statement.
- Answer with one of the following options:
  - ""Indicator""
  - ""Ideation""
  - ""Behavior""
  - ""Attempt""
Statement:"
". , i just wanna feel my moms love again one more time after i end everything",Ideation,"Determine the level of suicide-related content for the individual who made the following statement.
- Answer with one of the following options:
  - ""Indicator""
  - ""Ideation""
  - ""Behavior""
  - ""Attempt""
Statement:"
"works would be ok, I guess. I wish they hadnt lied to me though. I wish they had at least fucking helped me if they really wanted me to stay alive. But I think it might be too late now. I've given up.",Ideation,"Determine the level of suicide-related content for the individual who made the following statement.
- Answer with one of the following options:
  - ""Indicator""
  - ""Ideation""
  - ""Behavior""
  - ""Attempt""
Statement:"
I feel so bad I cant control my urges to self harm idk what to do,Ideation,"Determine the level of suicide-related content for the individual who made the following statement.
- Answer with one of the following options:
  - ""Indicator""
  - ""Ideation""
  - ""Behavior""
  - ""Attempt""
Statement:"
"Fuck it I’m just to lazy to end myself, and I can’t hurt my friends, or my parents. It hurts to live but I gotta do it for them",Indicator,"Determine the level of suicide-related content for the individual who made the following statement.
- Answer with one of the following options:
  - ""Indicator""
  - ""Ideation""
  - ""Behavior""
  - ""Attempt""
Statement:"
e had therapists and treatment for depression and I realized none of that will change reality. If you are an unattractive person no one likes no amount of anything can help with how everyone sees you.,Behavior,"Determine the level of suicide-related content for the individual who made the following statement.
- Answer with one of the following options:
  - ""Indicator""
  - ""Ideation""
  - ""Behavior""
  - ""Attempt""
Statement:"
I keep wanting to die.. I don't know what I want to do with my life anymore being close to 30 and losing a job I held for 9 years...I keep going to bed wanting to die lately...,Ideation,"Determine the level of suicide-related content for the individual who made the following statement.
- Answer with one of the following options:
  - ""Indicator""
  - ""Ideation""
  - ""Behavior""
  - ""Attempt""
Statement:"
ing worth living for. All dreams I had for the future are gone and all I feel is pain. I’m not here asking for attention. I just don’t know how to get out of this pit. I’ve never felt like this before,Ideation,"Determine the level of suicide-related content for the individual who made the following statement.
- Answer with one of the following options:
  - ""Indicator""
  - ""Ideation""
  - ""Behavior""
  - ""Attempt""
Statement:"
"I can’t even afford to kill myself So I pray for death 💀 wish to sell my soul to the devil. 
Pointless anyway. Just like my life.",Ideation,"Determine the level of suicide-related content for the individual who made the following statement.
- Answer with one of the following options:
  - ""Indicator""
  - ""Ideation""
  - ""Behavior""
  - ""Attempt""
Statement:"
