text,label,mental_prompt
@user got me depressed 😢 don't get me wrong I wanted the evil characters to die but godamn!,No,"Determine whether the individual who made the following statement is at risk of anxiety or depression.
- Answer with either ""Yes"" or ""No"".
Statement:"
I have the body of a former athlete and it's depressing,No,"Determine whether the individual who made the following statement is at risk of anxiety or depression.
- Answer with either ""Yes"" or ""No"".
Statement:"
@user The dog was just anxious mostly,No,"Determine whether the individual who made the following statement is at risk of anxiety or depression.
- Answer with either ""Yes"" or ""No"".
Statement:"
My anxiety been OD lately,Yes,"Determine whether the individual who made the following statement is at risk of anxiety or depression.
- Answer with either ""Yes"" or ""No"".
Statement:"
I Honesty Want Someone 2 Slap My Stupid Ass When I Get In My Depressing Fuck The World Moods.... Like Tightrn Me DF Up,Yes,"Determine whether the individual who made the following statement is at risk of anxiety or depression.
- Answer with either ""Yes"" or ""No"".
Statement:"
@user Hmm...a clear case of depression...,No,"Determine whether the individual who made the following statement is at risk of anxiety or depression.
- Answer with either ""Yes"" or ""No"".
Statement:"
OH BOY OH BOY OH BOY!! WHAT A WONDERFUL DAY TO HAVE DEPRESSION!!end me pls and thank you,Yes,"Determine whether the individual who made the following statement is at risk of anxiety or depression.
- Answer with either ""Yes"" or ""No"".
Statement:"
I woke up and was depressed that whole day,Yes,"Determine whether the individual who made the following statement is at risk of anxiety or depression.
- Answer with either ""Yes"" or ""No"".
Statement:"
@user they give me anxiety now 🙃 totally ruins the concert experience,No,"Determine whether the individual who made the following statement is at risk of anxiety or depression.
- Answer with either ""Yes"" or ""No"".
Statement:"
Why does anxiety have the power to destroy every other emotion you want to feel,Yes,"Determine whether the individual who made the following statement is at risk of anxiety or depression.
- Answer with either ""Yes"" or ""No"".
Statement:"
"@user See @user we're everywhere, us phone-anxiety people...",No,"Determine whether the individual who made the following statement is at risk of anxiety or depression.
- Answer with either ""Yes"" or ""No"".
Statement:"
i'm already getting anxious for it,No,"Determine whether the individual who made the following statement is at risk of anxiety or depression.
- Answer with either ""Yes"" or ""No"".
Statement:"
Lofl my anxiety ruins my life,Yes,"Determine whether the individual who made the following statement is at risk of anxiety or depression.
- Answer with either ""Yes"" or ""No"".
Statement:"
Anxious Buttercup. Perfect! ❤️😂,No,"Determine whether the individual who made the following statement is at risk of anxiety or depression.
- Answer with either ""Yes"" or ""No"".
Statement:"
what depression things should i draw,Yes,"Determine whether the individual who made the following statement is at risk of anxiety or depression.
- Answer with either ""Yes"" or ""No"".
Statement:"
@user Depression Kills,No,"Determine whether the individual who made the following statement is at risk of anxiety or depression.
- Answer with either ""Yes"" or ""No"".
Statement:"
My dad said to me that I don't seem depressed but ohhhohohoh boy if I only had the courage to tell you how I felt,Yes,"Determine whether the individual who made the following statement is at risk of anxiety or depression.
- Answer with either ""Yes"" or ""No"".
Statement:"
save me from depression cuz my life got no direction,Yes,"Determine whether the individual who made the following statement is at risk of anxiety or depression.
- Answer with either ""Yes"" or ""No"".
Statement:"
@user anxious to hear,No,"Determine whether the individual who made the following statement is at risk of anxiety or depression.
- Answer with either ""Yes"" or ""No"".
Statement:"
@user both have to move bc we can't afford college &amp; are also *checks notes*depressed,Yes,"Determine whether the individual who made the following statement is at risk of anxiety or depression.
- Answer with either ""Yes"" or ""No"".
Statement:"
"Xanax is p great not gonna lie, I am no longer anxious but I also don't give a fuck about anything at all and it feels fantastic",No,"Determine whether the individual who made the following statement is at risk of anxiety or depression.
- Answer with either ""Yes"" or ""No"".
Statement:"
#MyInnerFear is the fear of growing up and fitting into the reality of life. #BPD #MentalHealth #Anxiety,Yes,"Determine whether the individual who made the following statement is at risk of anxiety or depression.
- Answer with either ""Yes"" or ""No"".
Statement:"
"@user The year just started, and you know the most depressing day. Enough with the trash jor",Yes,"Determine whether the individual who made the following statement is at risk of anxiety or depression.
- Answer with either ""Yes"" or ""No"".
Statement:"
im depressed its so fucking long until i meet friends,Yes,"Determine whether the individual who made the following statement is at risk of anxiety or depression.
- Answer with either ""Yes"" or ""No"".
Statement:"
I cannot stand flies. They give me anxiety they need to be extradited right off this planet. N there's only always one lingering. FUCCCKKKKK,No,"Determine whether the individual who made the following statement is at risk of anxiety or depression.
- Answer with either ""Yes"" or ""No"".
Statement:"
Look I'm already depressed there is nO NEED for this. NONE.,Yes,"Determine whether the individual who made the following statement is at risk of anxiety or depression.
- Answer with either ""Yes"" or ""No"".
Statement:"
"depression is hella real no if ands or buts about it, its unfair to have someone else trying to fix it tho",Yes,"Determine whether the individual who made the following statement is at risk of anxiety or depression.
- Answer with either ""Yes"" or ""No"".
Statement:"
Movies relieve all kinds of anxiety,No,"Determine whether the individual who made the following statement is at risk of anxiety or depression.
- Answer with either ""Yes"" or ""No"".
Statement:"
"If we arguing I'm always gone win😂💯, cause u bitches always end up mad or depressed at the end😘!",No,"Determine whether the individual who made the following statement is at risk of anxiety or depression.
- Answer with either ""Yes"" or ""No"".
Statement:"
"haven't taken my anxiety medicine in like 2 weeks, which is probably why I feel like my life is falling apart. whoops, I better get on that",Yes,"Determine whether the individual who made the following statement is at risk of anxiety or depression.
- Answer with either ""Yes"" or ""No"".
Statement:"
@user @user @user Depression is a bitch.,Yes,"Determine whether the individual who made the following statement is at risk of anxiety or depression.
- Answer with either ""Yes"" or ""No"".
Statement:"
"Depression causes undernutrition, but I've gained weight???? Science is broken.",Yes,"Determine whether the individual who made the following statement is at risk of anxiety or depression.
- Answer with either ""Yes"" or ""No"".
Statement:"
Got a very suspicious scam email and now im kinda anxious,No,"Determine whether the individual who made the following statement is at risk of anxiety or depression.
- Answer with either ""Yes"" or ""No"".
Statement:"
@user Not that I don't want Q to post....but I'm anxiously awaiting YOUR next video. :),No,"Determine whether the individual who made the following statement is at risk of anxiety or depression.
- Answer with either ""Yes"" or ""No"".
Statement:"
i just feel so overwhelmed rn i'm super anxious about 50 different things uh,Yes,"Determine whether the individual who made the following statement is at risk of anxiety or depression.
- Answer with either ""Yes"" or ""No"".
Statement:"
oopsie looks like I'm on the brink of being all sad and depressed again why even fight it at this point,Yes,"Determine whether the individual who made the following statement is at risk of anxiety or depression.
- Answer with either ""Yes"" or ""No"".
Statement:"
"@user aaaa i forgot an expression, tired or depressed would be great, your choice",Yes,"Determine whether the individual who made the following statement is at risk of anxiety or depression.
- Answer with either ""Yes"" or ""No"".
Statement:"
I wish more small businesses had animals inside. Like an office cat or dog. Give me something to calm my social anxiety.,Yes,"Determine whether the individual who made the following statement is at risk of anxiety or depression.
- Answer with either ""Yes"" or ""No"".
Statement:"
"@user Yesterday was bad for me.... super depressed feeling. Kinda pulling out of it today, I hope you're coming around soon!",Yes,"Determine whether the individual who made the following statement is at risk of anxiety or depression.
- Answer with either ""Yes"" or ""No"".
Statement:"
My anxiety has been through the roof lately and I feel like I have no one to talk to and I just need a friend,Yes,"Determine whether the individual who made the following statement is at risk of anxiety or depression.
- Answer with either ""Yes"" or ""No"".
Statement:"
i need help anxiety wont let me sleep it's almost 2am and i need to wake up at 4am fuck fuck fuck,Yes,"Determine whether the individual who made the following statement is at risk of anxiety or depression.
- Answer with either ""Yes"" or ""No"".
Statement:"
Depressive episodes in at 12 am when ur parents r fighting is fun,Yes,"Determine whether the individual who made the following statement is at risk of anxiety or depression.
- Answer with either ""Yes"" or ""No"".
Statement:"
So is everyone just romanticizing depression and anxiety now? Is that supposed to be the new wave,No,"Determine whether the individual who made the following statement is at risk of anxiety or depression.
- Answer with either ""Yes"" or ""No"".
Statement:"
I hope this is the last time that I have to watch Philly this season. Their offense depresses me #TORvPHI,No,"Determine whether the individual who made the following statement is at risk of anxiety or depression.
- Answer with either ""Yes"" or ""No"".
Statement:"
Feels like love islands been on forever... the day it started we went on honeymoon. Depressing 😕 #loveisland,No,"Determine whether the individual who made the following statement is at risk of anxiety or depression.
- Answer with either ""Yes"" or ""No"".
Statement:"
"I have a bio test in a few  minutes and my anxiety is just being annoying, can it not... its not the right time!!!💀😭😭😭😭",No,"Determine whether the individual who made the following statement is at risk of anxiety or depression.
- Answer with either ""Yes"" or ""No"".
Statement:"
My anxiety and stress levels for today are actually making me feel physically sick 😭,Yes,"Determine whether the individual who made the following statement is at risk of anxiety or depression.
- Answer with either ""Yes"" or ""No"".
Statement:"
FUCK ANXIETY. 🖕🖕,Yes,"Determine whether the individual who made the following statement is at risk of anxiety or depression.
- Answer with either ""Yes"" or ""No"".
Statement:"
WHY AM I DEPRESSED?,Yes,"Determine whether the individual who made the following statement is at risk of anxiety or depression.
- Answer with either ""Yes"" or ""No"".
Statement:"
My anxiety does not exist at theme parks,Yes,"Determine whether the individual who made the following statement is at risk of anxiety or depression.
- Answer with either ""Yes"" or ""No"".
Statement:"
me trying to fight anxiety,Yes,"Determine whether the individual who made the following statement is at risk of anxiety or depression.
- Answer with either ""Yes"" or ""No"".
Statement:"
GAHHH WHAT IS THE KEY TO NOT FEEL SO SHIT N DEPRESSED N JUST WORTHLESS ALL THE TIME ?,Yes,"Determine whether the individual who made the following statement is at risk of anxiety or depression.
- Answer with either ""Yes"" or ""No"".
Statement:"
I'm so depressed Bc I won't go to the gym today wtf,No,"Determine whether the individual who made the following statement is at risk of anxiety or depression.
- Answer with either ""Yes"" or ""No"".
Statement:"
just finished my cna state board... and when i say i'm anxious to get my results i'm ANXIOUS,No,"Determine whether the individual who made the following statement is at risk of anxiety or depression.
- Answer with either ""Yes"" or ""No"".
Statement:"
@user AND THEN SHE ALWAYS PULLS THE 🌫🖤☁️ luv u guys sorry i'm so depressed LIKE SHUT TF UP,No,"Determine whether the individual who made the following statement is at risk of anxiety or depression.
- Answer with either ""Yes"" or ""No"".
Statement:"
"@user Hey, @user I have a story to tell you about anxiety/panic attacks. PM pleaseYou are doing great work btw keep it up!",Yes,"Determine whether the individual who made the following statement is at risk of anxiety or depression.
- Answer with either ""Yes"" or ""No"".
Statement:"
I get anxiety when I'm sent someone's IG page lol,No,"Determine whether the individual who made the following statement is at risk of anxiety or depression.
- Answer with either ""Yes"" or ""No"".
Statement:"
@user Thats called anxiety babe. Just gotta push though and trick ya mind to not let it bring you down.,No,"Determine whether the individual who made the following statement is at risk of anxiety or depression.
- Answer with either ""Yes"" or ""No"".
Statement:"
This weather makes me sad &amp; depressed:/,Yes,"Determine whether the individual who made the following statement is at risk of anxiety or depression.
- Answer with either ""Yes"" or ""No"".
Statement:"
"This summer is going to be a lot I can feel it now they already cutting up, and it's the exact reason I get anxiety going out.",Yes,"Determine whether the individual who made the following statement is at risk of anxiety or depression.
- Answer with either ""Yes"" or ""No"".
Statement:"
i'm going to italy tomorrow night n i'm kinda anxious but no worries ://,No,"Determine whether the individual who made the following statement is at risk of anxiety or depression.
- Answer with either ""Yes"" or ""No"".
Statement:"
"someone: h-me, someone with crippling social anxiety: hï! ωhα†'š ψ⊕ur ƒα∀⊕rï†ε pεïςε ⊕ƒ ƒuηï†urε",No,"Determine whether the individual who made the following statement is at risk of anxiety or depression.
- Answer with either ""Yes"" or ""No"".
Statement:"
@user This gif gave me anxiety lmaooofjdjdkd,No,"Determine whether the individual who made the following statement is at risk of anxiety or depression.
- Answer with either ""Yes"" or ""No"".
Statement:"
The realization of this tweet just depressed me 😢,No,"Determine whether the individual who made the following statement is at risk of anxiety or depression.
- Answer with either ""Yes"" or ""No"".
Statement:"
anxiety attack fucks,Yes,"Determine whether the individual who made the following statement is at risk of anxiety or depression.
- Answer with either ""Yes"" or ""No"".
Statement:"
I need someone with nails to scratch my head I got anxiety for two second and bit all of mine,No,"Determine whether the individual who made the following statement is at risk of anxiety or depression.
- Answer with either ""Yes"" or ""No"".
Statement:"
Procrastination and depression don't mix. I promise you that. 😰,Yes,"Determine whether the individual who made the following statement is at risk of anxiety or depression.
- Answer with either ""Yes"" or ""No"".
Statement:"
I am not a person built for live-streams they make me so anxious if I get behind,Yes,"Determine whether the individual who made the following statement is at risk of anxiety or depression.
- Answer with either ""Yes"" or ""No"".
Statement:"
#CBD tends to cure my anxiety ngl,Yes,"Determine whether the individual who made the following statement is at risk of anxiety or depression.
- Answer with either ""Yes"" or ""No"".
Statement:"
I AM NON-RESPONSIVE TO DEMONIC DEPRESSION! ****THOSE WHO DEAL WITH THIS REPEAT IT MORE THAN ONCE!!!,Yes,"Determine whether the individual who made the following statement is at risk of anxiety or depression.
- Answer with either ""Yes"" or ""No"".
Statement:"
"Communicating through voice notes gives me actual anxiety, i sound like an actual 50 year old male who smokes 50+ a day",Yes,"Determine whether the individual who made the following statement is at risk of anxiety or depression.
- Answer with either ""Yes"" or ""No"".
Statement:"
im getting v. v anxious,Yes,"Determine whether the individual who made the following statement is at risk of anxiety or depression.
- Answer with either ""Yes"" or ""No"".
Statement:"
F this. I'm about to have an anxiety attack.,Yes,"Determine whether the individual who made the following statement is at risk of anxiety or depression.
- Answer with either ""Yes"" or ""No"".
Statement:"
"@user Well, I'm anxious.",No,"Determine whether the individual who made the following statement is at risk of anxiety or depression.
- Answer with either ""Yes"" or ""No"".
Statement:"
Yeah it's called depression,No,"Determine whether the individual who made the following statement is at risk of anxiety or depression.
- Answer with either ""Yes"" or ""No"".
Statement:"
@user @user They're building around EliWon't be surprised if Eli gets extended....Holy shit I'm depressed now,No,"Determine whether the individual who made the following statement is at risk of anxiety or depression.
- Answer with either ""Yes"" or ""No"".
Statement:"
"When I get depressed I could go days without talking to anybody 😭. It's nothing personal, I just have to recollect myself",No,"Determine whether the individual who made the following statement is at risk of anxiety or depression.
- Answer with either ""Yes"" or ""No"".
Statement:"
@user @user @user This Charlotte girl character  can depress people,No,"Determine whether the individual who made the following statement is at risk of anxiety or depression.
- Answer with either ""Yes"" or ""No"".
Statement:"
turn depression to aggression,No,"Determine whether the individual who made the following statement is at risk of anxiety or depression.
- Answer with either ""Yes"" or ""No"".
Statement:"
its 7p on a weds night and im anxious about hippo habitat loss in central Africafuckkkkk,No,"Determine whether the individual who made the following statement is at risk of anxiety or depression.
- Answer with either ""Yes"" or ""No"".
Statement:"
What are your stress relievers? What do you do to calm anxiety? DM us to be featured in our next blog post!#wellbeing #selflove,No,"Determine whether the individual who made the following statement is at risk of anxiety or depression.
- Answer with either ""Yes"" or ""No"".
Statement:"
You forgot.. anxiety.,Yes,"Determine whether the individual who made the following statement is at risk of anxiety or depression.
- Answer with either ""Yes"" or ""No"".
Statement:"
Shit is depressing bro,No,"Determine whether the individual who made the following statement is at risk of anxiety or depression.
- Answer with either ""Yes"" or ""No"".
Statement:"
@user @user @user Glycine glutamamte and GABA work together to decrease anxiety. All derive from #meat #eatmeatbehappy,No,"Determine whether the individual who made the following statement is at risk of anxiety or depression.
- Answer with either ""Yes"" or ""No"".
Statement:"
Well would you look at this wave of anxiety hitting me outta no where 😍,Yes,"Determine whether the individual who made the following statement is at risk of anxiety or depression.
- Answer with either ""Yes"" or ""No"".
Statement:"
DID YOU JUST SAY DEPRESSING OC CONCEPT???,No,"Determine whether the individual who made the following statement is at risk of anxiety or depression.
- Answer with either ""Yes"" or ""No"".
Statement:"
@user Not all rich people have depression. :/,No,"Determine whether the individual who made the following statement is at risk of anxiety or depression.
- Answer with either ""Yes"" or ""No"".
Statement:"
Also really captures the mild depression and sleepless nights worrying over whether it will be okay.,No,"Determine whether the individual who made the following statement is at risk of anxiety or depression.
- Answer with either ""Yes"" or ""No"".
Statement:"
"i really need more long term friends, i'm falling deeper into a depressive episode nd it sucks h",Yes,"Determine whether the individual who made the following statement is at risk of anxiety or depression.
- Answer with either ""Yes"" or ""No"".
Statement:"
"@user but what if the only time we ever talk is whenever i can get over my anxiety (which is almost never, h a h)",Yes,"Determine whether the individual who made the following statement is at risk of anxiety or depression.
- Answer with either ""Yes"" or ""No"".
Statement:"
A bit of sunshine for anyone who regularly reads my depressing AF twitter feed.,Yes,"Determine whether the individual who made the following statement is at risk of anxiety or depression.
- Answer with either ""Yes"" or ""No"".
Statement:"
Sports center covering golf is depressing,No,"Determine whether the individual who made the following statement is at risk of anxiety or depression.
- Answer with either ""Yes"" or ""No"".
Statement:"
@user Lmfaooooooo fuck it I'm anxious.,Yes,"Determine whether the individual who made the following statement is at risk of anxiety or depression.
- Answer with either ""Yes"" or ""No"".
Statement:"
getting more anxious day by day,Yes,"Determine whether the individual who made the following statement is at risk of anxiety or depression.
- Answer with either ""Yes"" or ""No"".
Statement:"
this is depressing. goodnight.,Yes,"Determine whether the individual who made the following statement is at risk of anxiety or depression.
- Answer with either ""Yes"" or ""No"".
Statement:"
I hate having anxiety,Yes,"Determine whether the individual who made the following statement is at risk of anxiety or depression.
- Answer with either ""Yes"" or ""No"".
Statement:"
ive joined a lot of discords while of been on here and I don't remember who is on all of them and it makes me anxious,Yes,"Determine whether the individual who made the following statement is at risk of anxiety or depression.
- Answer with either ""Yes"" or ""No"".
Statement:"
We anxiously waited for this?,No,"Determine whether the individual who made the following statement is at risk of anxiety or depression.
- Answer with either ""Yes"" or ""No"".
Statement:"
These opening statements are ratcheting up Dr. Ford's anxiety. 😖#FordHearing #FordKavanaugh,No,"Determine whether the individual who made the following statement is at risk of anxiety or depression.
- Answer with either ""Yes"" or ""No"".
Statement:"
And im rapping these days. That means im really stressed and anxious. I havent rapped in like months lmao so im worried.,Yes,"Determine whether the individual who made the following statement is at risk of anxiety or depression.
- Answer with either ""Yes"" or ""No"".
Statement:"
dealing with anxiety without medication,Yes,"Determine whether the individual who made the following statement is at risk of anxiety or depression.
- Answer with either ""Yes"" or ""No"".
Statement:"
"yes......it's true, not all heroes wear capes — today i used the crosswalk instead of anxiously power walking across the street",No,"Determine whether the individual who made the following statement is at risk of anxiety or depression.
- Answer with either ""Yes"" or ""No"".
Statement:"
guess which bitch has major anxiety but made plans to pick someone up from LAX as a power move???? also!!! me!!!!!,Yes,"Determine whether the individual who made the following statement is at risk of anxiety or depression.
- Answer with either ""Yes"" or ""No"".
Statement:"
bro i sat here for 20 minutes contemplating posting that MY ANXIETY i hate myself goodbye,Yes,"Determine whether the individual who made the following statement is at risk of anxiety or depression.
- Answer with either ""Yes"" or ""No"".
Statement:"
"You don't come out of depressions the same, you lose a piece of peace each time.",No,"Determine whether the individual who made the following statement is at risk of anxiety or depression.
- Answer with either ""Yes"" or ""No"".
Statement:"
Lil peep and xxxtentacion music was trash as fuck only depressed pussy listen to that shit,No,"Determine whether the individual who made the following statement is at risk of anxiety or depression.
- Answer with either ""Yes"" or ""No"".
Statement:"
@user I am now having a hissy anxiety fit!,Yes,"Determine whether the individual who made the following statement is at risk of anxiety or depression.
- Answer with either ""Yes"" or ""No"".
Statement:"
Nicolas sparks movies give me depression lmao,No,"Determine whether the individual who made the following statement is at risk of anxiety or depression.
- Answer with either ""Yes"" or ""No"".
Statement:"
"@user Not depressing....disgusting! This person showed no backbone, whatsoever. Or maybe he was threatened...",No,"Determine whether the individual who made the following statement is at risk of anxiety or depression.
- Answer with either ""Yes"" or ""No"".
Statement:"
mf ain't gone be happy til i'm somewhere dead die to stress &amp; depression .,Yes,"Determine whether the individual who made the following statement is at risk of anxiety or depression.
- Answer with either ""Yes"" or ""No"".
Statement:"
Hello depression. I haven't seen you in awhile.,Yes,"Determine whether the individual who made the following statement is at risk of anxiety or depression.
- Answer with either ""Yes"" or ""No"".
Statement:"
jsjdjdjf i talk as if i haven't been big sad as it is but it's really almost annual hailey depression week,Yes,"Determine whether the individual who made the following statement is at risk of anxiety or depression.
- Answer with either ""Yes"" or ""No"".
Statement:"
"friend: is depressedme, struggling to help them feel better:",Yes,"Determine whether the individual who made the following statement is at risk of anxiety or depression.
- Answer with either ""Yes"" or ""No"".
Statement:"
@user Antidepressants in a nutshell,No,"Determine whether the individual who made the following statement is at risk of anxiety or depression.
- Answer with either ""Yes"" or ""No"".
Statement:"
I like to Direk Bobet Vidanes tackles abiut depression,No,"Determine whether the individual who made the following statement is at risk of anxiety or depression.
- Answer with either ""Yes"" or ""No"".
Statement:"
American politics is depressing.,No,"Determine whether the individual who made the following statement is at risk of anxiety or depression.
- Answer with either ""Yes"" or ""No"".
Statement:"
Shout out to the amazing man who swapped my window seat for his aisle seat because I was freaking out about my anxious bladder being trapped,No,"Determine whether the individual who made the following statement is at risk of anxiety or depression.
- Answer with either ""Yes"" or ""No"".
Statement:"
is it possible to have a 12+ hr long anxiety attack because i feel like I've been having one literally all day,Yes,"Determine whether the individual who made the following statement is at risk of anxiety or depression.
- Answer with either ""Yes"" or ""No"".
Statement:"
Libra culture is using the same nail polish color at the salon 2-3 visits in a row bc trying to pick a new one causes you anxiety,No,"Determine whether the individual who made the following statement is at risk of anxiety or depression.
- Answer with either ""Yes"" or ""No"".
Statement:"
what a GREAT time to be a depressed bisexual huh!!!! SO much respectful well-written representation for us!!!! 🙃🙃,Yes,"Determine whether the individual who made the following statement is at risk of anxiety or depression.
- Answer with either ""Yes"" or ""No"".
Statement:"
"Snapchat's got some type of depression Ad on it, and it's triggering as shit, it's also awful to hear, needs to be taken off lol.",No,"Determine whether the individual who made the following statement is at risk of anxiety or depression.
- Answer with either ""Yes"" or ""No"".
Statement:"
I hate depression. @BTS_twt #TeenChoice #BTSARMY #ChoiceFandom,Yes,"Determine whether the individual who made the following statement is at risk of anxiety or depression.
- Answer with either ""Yes"" or ""No"".
Statement:"
can i stop being a depressed little bitch it's annoying,Yes,"Determine whether the individual who made the following statement is at risk of anxiety or depression.
- Answer with either ""Yes"" or ""No"".
Statement:"
Change up your ring and alarm tones to remove the anxiety and hatred of them that builds up over time.,No,"Determine whether the individual who made the following statement is at risk of anxiety or depression.
- Answer with either ""Yes"" or ""No"".
Statement:"
What a depressed night,Yes,"Determine whether the individual who made the following statement is at risk of anxiety or depression.
- Answer with either ""Yes"" or ""No"".
Statement:"
"Depression slapped me in my face today, imma go back to sleep",Yes,"Determine whether the individual who made the following statement is at risk of anxiety or depression.
- Answer with either ""Yes"" or ""No"".
Statement:"
#TheRealityOfDepressionIsDogs don't get it. Stupid dogs WTF are they so happy about all the time?,No,"Determine whether the individual who made the following statement is at risk of anxiety or depression.
- Answer with either ""Yes"" or ""No"".
Statement:"
"This is my side thing to post about my depression and anxiety. If you found this accidentally, lo siento mucho.",Yes,"Determine whether the individual who made the following statement is at risk of anxiety or depression.
- Answer with either ""Yes"" or ""No"".
Statement:"
ugh anxiety hits me rn 😭,Yes,"Determine whether the individual who made the following statement is at risk of anxiety or depression.
- Answer with either ""Yes"" or ""No"".
Statement:"
Of course you should run Asses with soldiers. You should anxious everything with cards.,No,"Determine whether the individual who made the following statement is at risk of anxiety or depression.
- Answer with either ""Yes"" or ""No"".
Statement:"
"My anxiety levels have been one million lately, and I just want to know why",Yes,"Determine whether the individual who made the following statement is at risk of anxiety or depression.
- Answer with either ""Yes"" or ""No"".
Statement:"
"@user Listening to old podcasts which have been piling up on my computer. Anything but Brexit news, it's too depressing!",No,"Determine whether the individual who made the following statement is at risk of anxiety or depression.
- Answer with either ""Yes"" or ""No"".
Statement:"
@user @user well not the anxiety but the rest! &lt;3,No,"Determine whether the individual who made the following statement is at risk of anxiety or depression.
- Answer with either ""Yes"" or ""No"".
Statement:"
Actually parang wala namang rason para maging sad ako but my anxiety casts all the happiness aside. 😞,No,"Determine whether the individual who made the following statement is at risk of anxiety or depression.
- Answer with either ""Yes"" or ""No"".
Statement:"
"I have so much dread and anxiety, I'm impressed I haven't vomited. This has been a PSA.",Yes,"Determine whether the individual who made the following statement is at risk of anxiety or depression.
- Answer with either ""Yes"" or ""No"".
Statement:"
It's not my fault my phone is so shitty it can only take depressing pictures.,No,"Determine whether the individual who made the following statement is at risk of anxiety or depression.
- Answer with either ""Yes"" or ""No"".
Statement:"
@user @user Ok that literally gives me anxiety,No,"Determine whether the individual who made the following statement is at risk of anxiety or depression.
- Answer with either ""Yes"" or ""No"".
Statement:"
I'm really trying to pray this depression out of my life. Cause I just can't.,Yes,"Determine whether the individual who made the following statement is at risk of anxiety or depression.
- Answer with either ""Yes"" or ""No"".
Statement:"
"fuck your zodiac sign, what anti-depressant are you on?",No,"Determine whether the individual who made the following statement is at risk of anxiety or depression.
- Answer with either ""Yes"" or ""No"".
Statement:"
@user @user ...@zoewhittall I didn't find your book depressing. Just saying!,No,"Determine whether the individual who made the following statement is at risk of anxiety or depression.
- Answer with either ""Yes"" or ""No"".
Statement:"
"Depression is so serious, depression killed my fucking father almost a year ago ..",Yes,"Determine whether the individual who made the following statement is at risk of anxiety or depression.
- Answer with either ""Yes"" or ""No"".
Statement:"
@user this is so depressing im about to cry,No,"Determine whether the individual who made the following statement is at risk of anxiety or depression.
- Answer with either ""Yes"" or ""No"".
Statement:"
@user Damn that shit depressing,No,"Determine whether the individual who made the following statement is at risk of anxiety or depression.
- Answer with either ""Yes"" or ""No"".
Statement:"
"We aren't all crazy irresponsible obesessed fan girls we're all queer and depressed BTS and Big Hit know this, there was a fucking survey",Yes,"Determine whether the individual who made the following statement is at risk of anxiety or depression.
- Answer with either ""Yes"" or ""No"".
Statement:"
"stressed, depressed and sleep deprived... life is absolutely great (‘:",Yes,"Determine whether the individual who made the following statement is at risk of anxiety or depression.
- Answer with either ""Yes"" or ""No"".
Statement:"
obsessed depressed at the same time,Yes,"Determine whether the individual who made the following statement is at risk of anxiety or depression.
- Answer with either ""Yes"" or ""No"".
Statement:"
"That feeling when you know God is about to bless you in a major way so you are anxious, nervous, and excited.",No,"Determine whether the individual who made the following statement is at risk of anxiety or depression.
- Answer with either ""Yes"" or ""No"".
Statement:"
ok so I'm gonna try to promise myself that i won't get bored and depressed an end the year at least satisfied with what I've done.,No,"Determine whether the individual who made the following statement is at risk of anxiety or depression.
- Answer with either ""Yes"" or ""No"".
Statement:"
"@user Our athem sounds depressing, but I guess it's pretty cool 🦁🇳🇱",No,"Determine whether the individual who made the following statement is at risk of anxiety or depression.
- Answer with either ""Yes"" or ""No"".
Statement:"
"im going to check the nurse room again. I feel so much pain in my chest, this anxiety needs to leave.",Yes,"Determine whether the individual who made the following statement is at risk of anxiety or depression.
- Answer with either ""Yes"" or ""No"".
Statement:"
@user my depression is cured,No,"Determine whether the individual who made the following statement is at risk of anxiety or depression.
- Answer with either ""Yes"" or ""No"".
Statement:"
Is he stressed? depressed? up to the point wherein 'drugs' is the only way for him to escape reality?#SueDispatch,No,"Determine whether the individual who made the following statement is at risk of anxiety or depression.
- Answer with either ""Yes"" or ""No"".
Statement:"
This season of Survivor is giving me an unhealthy amount of anxiety.,No,"Determine whether the individual who made the following statement is at risk of anxiety or depression.
- Answer with either ""Yes"" or ""No"".
Statement:"
New guy at work: you look like someone who's dead inside and clearly you have depression.Me: yeah what's new,Yes,"Determine whether the individual who made the following statement is at risk of anxiety or depression.
- Answer with either ""Yes"" or ""No"".
Statement:"
well fucking joke on u because im already extremely depressed,Yes,"Determine whether the individual who made the following statement is at risk of anxiety or depression.
- Answer with either ""Yes"" or ""No"".
Statement:"
Anxiety is so fucking CATCHY but selena's entrance sucks tbh just her entrance tho she killed the rest🔥,No,"Determine whether the individual who made the following statement is at risk of anxiety or depression.
- Answer with either ""Yes"" or ""No"".
Statement:"
i don't even talk to people on twitter but i still worry people are indirecting me cause i'm a dumb anxious bitch hhh,Yes,"Determine whether the individual who made the following statement is at risk of anxiety or depression.
- Answer with either ""Yes"" or ""No"".
Statement:"
omg thank god i can start my midnight pacing soon i was getting so mf anxious djdjjdjk god i'm so goddamn stupid i hate myself,Yes,"Determine whether the individual who made the following statement is at risk of anxiety or depression.
- Answer with either ""Yes"" or ""No"".
Statement:"
I find it weird how in 8th grade I was this pretty depressed working student and now I'm a not-so-depressed lazy ass student.,No,"Determine whether the individual who made the following statement is at risk of anxiety or depression.
- Answer with either ""Yes"" or ""No"".
Statement:"
Birthday tomorrow. Only one year until the rather more depressing landmark one! Woo!,No,"Determine whether the individual who made the following statement is at risk of anxiety or depression.
- Answer with either ""Yes"" or ""No"".
Statement:"
@user Eeps. Yeah. Plus I have all kinds of anxiety about Drs AND driving so it's been an awesome day.,No,"Determine whether the individual who made the following statement is at risk of anxiety or depression.
- Answer with either ""Yes"" or ""No"".
Statement:"
@user What do you feel anxious about?,Yes,"Determine whether the individual who made the following statement is at risk of anxiety or depression.
- Answer with either ""Yes"" or ""No"".
Statement:"
i am so tired but so anxious so i can't sleep,Yes,"Determine whether the individual who made the following statement is at risk of anxiety or depression.
- Answer with either ""Yes"" or ""No"".
Statement:"
being a depress person ain't a jk,Yes,"Determine whether the individual who made the following statement is at risk of anxiety or depression.
- Answer with either ""Yes"" or ""No"".
Statement:"
@user It's sad and depressing that I'm living 7 hours away by flight from Korea or Japan 😭 It's difficult 💦,No,"Determine whether the individual who made the following statement is at risk of anxiety or depression.
- Answer with either ""Yes"" or ""No"".
Statement:"
Me with my anxiety 😢,Yes,"Determine whether the individual who made the following statement is at risk of anxiety or depression.
- Answer with either ""Yes"" or ""No"".
Statement:"
@user I've never been so depressed in my life😭,Yes,"Determine whether the individual who made the following statement is at risk of anxiety or depression.
- Answer with either ""Yes"" or ""No"".
Statement:"
My Twitter has been so depressing lately I need to headbang to feel better.,No,"Determine whether the individual who made the following statement is at risk of anxiety or depression.
- Answer with either ""Yes"" or ""No"".
Statement:"
@user @user I'm so very sorry! This is so wrong! I know the anxiety you're dealing with &amp; my heart goes out to you!!,No,"Determine whether the individual who made the following statement is at risk of anxiety or depression.
- Answer with either ""Yes"" or ""No"".
Statement:"
Bingo gives me anxiety af😭😭😂🤦🏽‍♀️,No,"Determine whether the individual who made the following statement is at risk of anxiety or depression.
- Answer with either ""Yes"" or ""No"".
Statement:"
I always dedicated this song to my anxiety. It SUCKS and it needs a taste of it's own medicine.,Yes,"Determine whether the individual who made the following statement is at risk of anxiety or depression.
- Answer with either ""Yes"" or ""No"".
Statement:"
Social anxiety + being alone in public....   FOCCCCC,Yes,"Determine whether the individual who made the following statement is at risk of anxiety or depression.
- Answer with either ""Yes"" or ""No"".
Statement:"
anxiety culture is trying to google the phone number that's calling you before the call ends to see whether you should pick up or not,No,"Determine whether the individual who made the following statement is at risk of anxiety or depression.
- Answer with either ""Yes"" or ""No"".
Statement:"
When someone you havent seen or talked to in years and were close to move in a few houses away... hello anxiety :))),No,"Determine whether the individual who made the following statement is at risk of anxiety or depression.
- Answer with either ""Yes"" or ""No"".
Statement:"
@user 23% of depression doesn't come out of space dave,No,"Determine whether the individual who made the following statement is at risk of anxiety or depression.
- Answer with either ""Yes"" or ""No"".
Statement:"
@user Exactly and he still smashed your sister depressed or not I wouldn't forgive him so easily,No,"Determine whether the individual who made the following statement is at risk of anxiety or depression.
- Answer with either ""Yes"" or ""No"".
Statement:"
@user 10- summer depression#voteBillieEilishVMA,No,"Determine whether the individual who made the following statement is at risk of anxiety or depression.
- Answer with either ""Yes"" or ""No"".
Statement:"
me: slightly nervous/anxious for whatever reasonmy body: ur stomach? in pain! nausea? present!,Yes,"Determine whether the individual who made the following statement is at risk of anxiety or depression.
- Answer with either ""Yes"" or ""No"".
Statement:"
Vibrating with great anxietyMy insides throb at your touchI need to have you like thisFilling Me closely,Yes,"Determine whether the individual who made the following statement is at risk of anxiety or depression.
- Answer with either ""Yes"" or ""No"".
Statement:"
Should I continue to grow the depression beard,Yes,"Determine whether the individual who made the following statement is at risk of anxiety or depression.
- Answer with either ""Yes"" or ""No"".
Statement:"
Lil bit anxious that #slovenia look like brother and sister and are shagging eachother with their eyes #Eurovision,No,"Determine whether the individual who made the following statement is at risk of anxiety or depression.
- Answer with either ""Yes"" or ""No"".
Statement:"
"Despite what your public school education taught you, the New Deal was not the cure to the great depression",No,"Determine whether the individual who made the following statement is at risk of anxiety or depression.
- Answer with either ""Yes"" or ""No"".
Statement:"
I have the same anxieties about lighting candles as I do about putting stickers on things,No,"Determine whether the individual who made the following statement is at risk of anxiety or depression.
- Answer with either ""Yes"" or ""No"".
Statement:"
"I dont like wearing foundation.I let people see my flaws, insecurities, and depression up my surface.",Yes,"Determine whether the individual who made the following statement is at risk of anxiety or depression.
- Answer with either ""Yes"" or ""No"".
Statement:"
anxiety. anxiety. anxiety.,Yes,"Determine whether the individual who made the following statement is at risk of anxiety or depression.
- Answer with either ""Yes"" or ""No"".
Statement:"
"I wish everyone would understand that when having depression, you can't control your thoughts. Instead, your thoughts control you.",Yes,"Determine whether the individual who made the following statement is at risk of anxiety or depression.
- Answer with either ""Yes"" or ""No"".
Statement:"
Why is normal living so hard 😢 #PND #mentalhealth #depression,Yes,"Determine whether the individual who made the following statement is at risk of anxiety or depression.
- Answer with either ""Yes"" or ""No"".
Statement:"
@user What a depressing team that would make,No,"Determine whether the individual who made the following statement is at risk of anxiety or depression.
- Answer with either ""Yes"" or ""No"".
Statement:"
im depressed and want someone to talk to me but im also too depressed to answer messages :(,Yes,"Determine whether the individual who made the following statement is at risk of anxiety or depression.
- Answer with either ""Yes"" or ""No"".
Statement:"
@user my antidepressants waking up my happy chemicals every morning,Yes,"Determine whether the individual who made the following statement is at risk of anxiety or depression.
- Answer with either ""Yes"" or ""No"".
Statement:"
I'll do a countdown Even if it make me even more nervous and anxious,No,"Determine whether the individual who made the following statement is at risk of anxiety or depression.
- Answer with either ""Yes"" or ""No"".
Statement:"
Boomers have to blame shootings on Video Games because they dont believe that depression is real.,Yes,"Determine whether the individual who made the following statement is at risk of anxiety or depression.
- Answer with either ""Yes"" or ""No"".
Statement:"
Wow it really is depression hours,Yes,"Determine whether the individual who made the following statement is at risk of anxiety or depression.
- Answer with either ""Yes"" or ""No"".
Statement:"
we love being depressed,Yes,"Determine whether the individual who made the following statement is at risk of anxiety or depression.
- Answer with either ""Yes"" or ""No"".
Statement:"
"@user So much, yes. I can get almost depressed about it.",No,"Determine whether the individual who made the following statement is at risk of anxiety or depression.
- Answer with either ""Yes"" or ""No"".
Statement:"
"Not having your hair, nails &amp; eyebrows done is depressing asf 😭😩",No,"Determine whether the individual who made the following statement is at risk of anxiety or depression.
- Answer with either ""Yes"" or ""No"".
Statement:"
@user @user Anxiety lol,No,"Determine whether the individual who made the following statement is at risk of anxiety or depression.
- Answer with either ""Yes"" or ""No"".
Statement:"
if i was depressed i would simply just be happy,Yes,"Determine whether the individual who made the following statement is at risk of anxiety or depression.
- Answer with either ""Yes"" or ""No"".
Statement:"
i am drowning in my anxiety tysm :),Yes,"Determine whether the individual who made the following statement is at risk of anxiety or depression.
- Answer with either ""Yes"" or ""No"".
Statement:"
we going ✈️ depression,Yes,"Determine whether the individual who made the following statement is at risk of anxiety or depression.
- Answer with either ""Yes"" or ""No"".
Statement:"
"@user Just my normal anxious state, you?",Yes,"Determine whether the individual who made the following statement is at risk of anxiety or depression.
- Answer with either ""Yes"" or ""No"".
Statement:"
"@user Bi-polar, anxiety, Depression wouldn't hurt a soul.",No,"Determine whether the individual who made the following statement is at risk of anxiety or depression.
- Answer with either ""Yes"" or ""No"".
Statement:"
it's 2019 and i'm still depressed,Yes,"Determine whether the individual who made the following statement is at risk of anxiety or depression.
- Answer with either ""Yes"" or ""No"".
Statement:"
my anxiety was pretty bad today should i get another tattoo be honest,Yes,"Determine whether the individual who made the following statement is at risk of anxiety or depression.
- Answer with either ""Yes"" or ""No"".
Statement:"
I've the worst anxiety the last 3 days. I think a tattoo would make me feel better. Just sayin 🤷🏼‍♀️,No,"Determine whether the individual who made the following statement is at risk of anxiety or depression.
- Answer with either ""Yes"" or ""No"".
Statement:"
Good she out here giving niggas ptsd and depression shorty needs to be taken in by the cdc,Yes,"Determine whether the individual who made the following statement is at risk of anxiety or depression.
- Answer with either ""Yes"" or ""No"".
Statement:"
@user Just a wave of normal depression poking through the post concert depression. It's all good though.,Yes,"Determine whether the individual who made the following statement is at risk of anxiety or depression.
- Answer with either ""Yes"" or ""No"".
Statement:"
"@user Thanks for this, Peter. Very helpful if depressing. Is Barnier still ruling out at UK-wide backstop? If so, why?",No,"Determine whether the individual who made the following statement is at risk of anxiety or depression.
- Answer with either ""Yes"" or ""No"".
Statement:"
@user And then that's why I was depressed because I couldn't even afford to afford😂,No,"Determine whether the individual who made the following statement is at risk of anxiety or depression.
- Answer with either ""Yes"" or ""No"".
Statement:"
Anxiety has peaked tonight,Yes,"Determine whether the individual who made the following statement is at risk of anxiety or depression.
- Answer with either ""Yes"" or ""No"".
Statement:"
dunno whats worse anxiety waiting for a level results or getting up at 7 for them,No,"Determine whether the individual who made the following statement is at risk of anxiety or depression.
- Answer with either ""Yes"" or ""No"".
Statement:"
Anxiety on 1000. Don't bother me.,Yes,"Determine whether the individual who made the following statement is at risk of anxiety or depression.
- Answer with either ""Yes"" or ""No"".
Statement:"
"why did i agree to 8am shifts, my anxiety is so bad every morning i feel like i'm going to puke",Yes,"Determine whether the individual who made the following statement is at risk of anxiety or depression.
- Answer with either ""Yes"" or ""No"".
Statement:"
Checked ESPN app today and saw cricket highlights.I'm depressed until NBA come back on,No,"Determine whether the individual who made the following statement is at risk of anxiety or depression.
- Answer with either ""Yes"" or ""No"".
Statement:"
On my way to see my car. I hope its everything I dreamed of. I'm so anxious.,No,"Determine whether the individual who made the following statement is at risk of anxiety or depression.
- Answer with either ""Yes"" or ""No"".
Statement:"
@user @user Friday's that text is very important .If I don't get it I send it .It's depressing to drink alone.,No,"Determine whether the individual who made the following statement is at risk of anxiety or depression.
- Answer with either ""Yes"" or ""No"".
Statement:"
Trust me i used to think hanging out with friends is better in handling my anxiety and stress but now i find more peace in being alone,Yes,"Determine whether the individual who made the following statement is at risk of anxiety or depression.
- Answer with either ""Yes"" or ""No"".
Statement:"
"If I appear snappy, I apologize in advance. My paranoia/anxiety has been spiking up more than usual lately.",Yes,"Determine whether the individual who made the following statement is at risk of anxiety or depression.
- Answer with either ""Yes"" or ""No"".
Statement:"
@user Don't conclude fast ! What if he is try to heal from depression,No,"Determine whether the individual who made the following statement is at risk of anxiety or depression.
- Answer with either ""Yes"" or ""No"".
Statement:"
Music and love cures my depression,Yes,"Determine whether the individual who made the following statement is at risk of anxiety or depression.
- Answer with either ""Yes"" or ""No"".
Statement:"
i wish i had somewhere that feels like home instead of being in this depression dome,Yes,"Determine whether the individual who made the following statement is at risk of anxiety or depression.
- Answer with either ""Yes"" or ""No"".
Statement:"
How I go from feeling so so happy to severe anxiety and panic attacks I will never know,Yes,"Determine whether the individual who made the following statement is at risk of anxiety or depression.
- Answer with either ""Yes"" or ""No"".
Statement:"
the nosedive episode of black mirror gives me real life anxiety every time i watch it; my tiny brain cannot handle it,No,"Determine whether the individual who made the following statement is at risk of anxiety or depression.
- Answer with either ""Yes"" or ""No"".
Statement:"
"if you're feeling depressed, turn on some lights or open the shades. sitting in the dark will only make you feel worse.",No,"Determine whether the individual who made the following statement is at risk of anxiety or depression.
- Answer with either ""Yes"" or ""No"".
Statement:"
dora the grown up is me. depressing huh,No,"Determine whether the individual who made the following statement is at risk of anxiety or depression.
- Answer with either ""Yes"" or ""No"".
Statement:"
I longed for the joy that had left me .I suffer from depression,Yes,"Determine whether the individual who made the following statement is at risk of anxiety or depression.
- Answer with either ""Yes"" or ""No"".
Statement:"
Putting together this 90s party has my anxiety through the roof 😩,Yes,"Determine whether the individual who made the following statement is at risk of anxiety or depression.
- Answer with either ""Yes"" or ""No"".
Statement:"
"@user I was still so wired, I had to take half an anti-anxiety pill (apparently this can be chemo-related). But I did sleep a bit.",Yes,"Determine whether the individual who made the following statement is at risk of anxiety or depression.
- Answer with either ""Yes"" or ""No"".
Statement:"
I'm thinking I might be mildly depressed legitimately,Yes,"Determine whether the individual who made the following statement is at risk of anxiety or depression.
- Answer with either ""Yes"" or ""No"".
Statement:"
Long ass dream about very real inevitability. #Depressing #BootInAss #FML,No,"Determine whether the individual who made the following statement is at risk of anxiety or depression.
- Answer with either ""Yes"" or ""No"".
Statement:"
So much anxiety right now,Yes,"Determine whether the individual who made the following statement is at risk of anxiety or depression.
- Answer with either ""Yes"" or ""No"".
Statement:"
@user Too depressed to even wanna do that 😪,Yes,"Determine whether the individual who made the following statement is at risk of anxiety or depression.
- Answer with either ""Yes"" or ""No"".
Statement:"
@user Anxiety at being stuck in a lift with people where there's no space makes me do it,No,"Determine whether the individual who made the following statement is at risk of anxiety or depression.
- Answer with either ""Yes"" or ""No"".
Statement:"
This reality is so deeply depressing.,No,"Determine whether the individual who made the following statement is at risk of anxiety or depression.
- Answer with either ""Yes"" or ""No"".
Statement:"
@user  fam meh depression is out cuz I used up all meh happiness yesterday,No,"Determine whether the individual who made the following statement is at risk of anxiety or depression.
- Answer with either ""Yes"" or ""No"".
Statement:"
@user I share your anxiety . But I have Easy and fast  workable solutions. Inbox me for more info :kamabdu23@gmail.com,No,"Determine whether the individual who made the following statement is at risk of anxiety or depression.
- Answer with either ""Yes"" or ""No"".
Statement:"
Nothing depresses me like my way by frank sinatra,No,"Determine whether the individual who made the following statement is at risk of anxiety or depression.
- Answer with either ""Yes"" or ""No"".
Statement:"
seasonal depression starting to fade finally,Yes,"Determine whether the individual who made the following statement is at risk of anxiety or depression.
- Answer with either ""Yes"" or ""No"".
Statement:"
this anxiety shit is so trash fr... wouldn't wish it on my worst enemy,Yes,"Determine whether the individual who made the following statement is at risk of anxiety or depression.
- Answer with either ""Yes"" or ""No"".
Statement:"
@user @user depression for not enjoying the good life he is used too,No,"Determine whether the individual who made the following statement is at risk of anxiety or depression.
- Answer with either ""Yes"" or ""No"".
Statement:"
...  anxiously awaiting @user to release the @user tickets for September. #theslowhearts,No,"Determine whether the individual who made the following statement is at risk of anxiety or depression.
- Answer with either ""Yes"" or ""No"".
Statement:"
"My hair ain't darker stop it y'all are making me depressed, it's literally the same LMAO",No,"Determine whether the individual who made the following statement is at risk of anxiety or depression.
- Answer with either ""Yes"" or ""No"".
Statement:"
"That depressing moment when you dip your cookie into milk for too long, it breaks off, and you wonder why bad things happen to good people.",No,"Determine whether the individual who made the following statement is at risk of anxiety or depression.
- Answer with either ""Yes"" or ""No"".
Statement:"
Cast all your anxiety on Him because He cares for you. // 1 Peter 5:7,No,"Determine whether the individual who made the following statement is at risk of anxiety or depression.
- Answer with either ""Yes"" or ""No"".
Statement:"
Booking a one-way flight gives me a mild anxiety ☹️,No,"Determine whether the individual who made the following statement is at risk of anxiety or depression.
- Answer with either ""Yes"" or ""No"".
Statement:"
S/o depression naps,Yes,"Determine whether the individual who made the following statement is at risk of anxiety or depression.
- Answer with either ""Yes"" or ""No"".
Statement:"
No more anxiety attacks about practicals till January yay,Yes,"Determine whether the individual who made the following statement is at risk of anxiety or depression.
- Answer with either ""Yes"" or ""No"".
Statement:"
Anxiety is no joke dude... you literally can't do shit about it,Yes,"Determine whether the individual who made the following statement is at risk of anxiety or depression.
- Answer with either ""Yes"" or ""No"".
Statement:"
@user sending you all the anti anxiety feels Jon &lt;3,No,"Determine whether the individual who made the following statement is at risk of anxiety or depression.
- Answer with either ""Yes"" or ""No"".
Statement:"
@user @user @user Depressing how much the Democrats and Republicans are willing to lose in attempting to win.,No,"Determine whether the individual who made the following statement is at risk of anxiety or depression.
- Answer with either ""Yes"" or ""No"".
Statement:"
I'm depressed af my heart is crying goodnight everyone and goodnight to taylor,Yes,"Determine whether the individual who made the following statement is at risk of anxiety or depression.
- Answer with either ""Yes"" or ""No"".
Statement:"
today is a depressing day,Yes,"Determine whether the individual who made the following statement is at risk of anxiety or depression.
- Answer with either ""Yes"" or ""No"".
Statement:"
Health anxiety is literallly the worst!!! Like my ear is sore and google just ain't helping,Yes,"Determine whether the individual who made the following statement is at risk of anxiety or depression.
- Answer with either ""Yes"" or ""No"".
Statement:"
"im depressed and sleepy, somebody pls reply with chris pictures",Yes,"Determine whether the individual who made the following statement is at risk of anxiety or depression.
- Answer with either ""Yes"" or ""No"".
Statement:"
Depression is no joke. I pray for those that still haven't found balance in their lives. 🙏,No,"Determine whether the individual who made the following statement is at risk of anxiety or depression.
- Answer with either ""Yes"" or ""No"".
Statement:"
Some real #WednesdayWisdom to help #HowIFightDepression. 🙏🏼,Yes,"Determine whether the individual who made the following statement is at risk of anxiety or depression.
- Answer with either ""Yes"" or ""No"".
Statement:"
They all suffer from depression.,No,"Determine whether the individual who made the following statement is at risk of anxiety or depression.
- Answer with either ""Yes"" or ""No"".
Statement:"
i'm so depressed,Yes,"Determine whether the individual who made the following statement is at risk of anxiety or depression.
- Answer with either ""Yes"" or ""No"".
Statement:"
it's been a very depressing week.,Yes,"Determine whether the individual who made the following statement is at risk of anxiety or depression.
- Answer with either ""Yes"" or ""No"".
Statement:"
Anxiety is fckn killing me rn 😭,Yes,"Determine whether the individual who made the following statement is at risk of anxiety or depression.
- Answer with either ""Yes"" or ""No"".
Statement:"
Same rut is not depressed,No,"Determine whether the individual who made the following statement is at risk of anxiety or depression.
- Answer with either ""Yes"" or ""No"".
Statement:"
"Depression fucking sucks, man.",Yes,"Determine whether the individual who made the following statement is at risk of anxiety or depression.
- Answer with either ""Yes"" or ""No"".
Statement:"
i'm really gonna need someone to distract me this weekend and not let me stay home and be depressed,Yes,"Determine whether the individual who made the following statement is at risk of anxiety or depression.
- Answer with either ""Yes"" or ""No"".
Statement:"
My ptsd so bad that flashing lights gives me anxiety 😩,Yes,"Determine whether the individual who made the following statement is at risk of anxiety or depression.
- Answer with either ""Yes"" or ""No"".
Statement:"
takes two pain meds so i can get knocked tf outalso anxiety turned into headache so theres thatam out,Yes,"Determine whether the individual who made the following statement is at risk of anxiety or depression.
- Answer with either ""Yes"" or ""No"".
Statement:"
"The Day Chapter 1, a sonic the hedgehog fanficKnuckles is depressed and goes into a rampage and breaks the master emerald.",No,"Determine whether the individual who made the following statement is at risk of anxiety or depression.
- Answer with either ""Yes"" or ""No"".
Statement:"
Why is everyone depressed on twitter.?,No,"Determine whether the individual who made the following statement is at risk of anxiety or depression.
- Answer with either ""Yes"" or ""No"".
Statement:"
it's no wonder i am riddled with anxiety bc it seems everytime i try to do anything i would normally like to avoid it goes fucking wrong,Yes,"Determine whether the individual who made the following statement is at risk of anxiety or depression.
- Answer with either ""Yes"" or ""No"".
Statement:"
"Some of you don't have anxiety, you just have to pooh",No,"Determine whether the individual who made the following statement is at risk of anxiety or depression.
- Answer with either ""Yes"" or ""No"".
Statement:"
@user @user This is depressing me,Yes,"Determine whether the individual who made the following statement is at risk of anxiety or depression.
- Answer with either ""Yes"" or ""No"".
Statement:"
Being left on read by my favourite person or people leaves me a special kind of anxious and sad,No,"Determine whether the individual who made the following statement is at risk of anxiety or depression.
- Answer with either ""Yes"" or ""No"".
Statement:"
Me personified in a single tweet. Thank you for seeing my once a week depressive tweet ok bye.,No,"Determine whether the individual who made the following statement is at risk of anxiety or depression.
- Answer with either ""Yes"" or ""No"".
Statement:"
Can June get here already I'm anxious af to see YC and finally go to a show again 😩😋,No,"Determine whether the individual who made the following statement is at risk of anxiety or depression.
- Answer with either ""Yes"" or ""No"".
Statement:"
stop rt those rt or else posts on my tl they make me so anxious you guys are the Worst,No,"Determine whether the individual who made the following statement is at risk of anxiety or depression.
- Answer with either ""Yes"" or ""No"".
Statement:"
Depression was not on my vocab until Im struggling with this now.,Yes,"Determine whether the individual who made the following statement is at risk of anxiety or depression.
- Answer with either ""Yes"" or ""No"".
Statement:"
@user Yea I don't wanna know depressing sh*t I wanna see a new fish or some sort of sea monster,No,"Determine whether the individual who made the following statement is at risk of anxiety or depression.
- Answer with either ""Yes"" or ""No"".
Statement:"
Fuck a anxiety and fuck a depression,Yes,"Determine whether the individual who made the following statement is at risk of anxiety or depression.
- Answer with either ""Yes"" or ""No"".
Statement:"
@user we're all just depressed hoes huh,Yes,"Determine whether the individual who made the following statement is at risk of anxiety or depression.
- Answer with either ""Yes"" or ""No"".
Statement:"
@user taking antidepressants is bimbofication,Yes,"Determine whether the individual who made the following statement is at risk of anxiety or depression.
- Answer with either ""Yes"" or ""No"".
Statement:"
I love overcoming depression and PTSD from losing a loved one traumatically and healing with your friends by your side,Yes,"Determine whether the individual who made the following statement is at risk of anxiety or depression.
- Answer with either ""Yes"" or ""No"".
Statement:"
Literally I get so much anxiety in movie theaters now,No,"Determine whether the individual who made the following statement is at risk of anxiety or depression.
- Answer with either ""Yes"" or ""No"".
Statement:"
Def been depressed for a month straight.,Yes,"Determine whether the individual who made the following statement is at risk of anxiety or depression.
- Answer with either ""Yes"" or ""No"".
Statement:"
I check the local spca website every day to look at cats and it's so depressing seeing how many bunny's have showed up in the last month :(,No,"Determine whether the individual who made the following statement is at risk of anxiety or depression.
- Answer with either ""Yes"" or ""No"".
Statement:"
@user @user Depressed,No,"Determine whether the individual who made the following statement is at risk of anxiety or depression.
- Answer with either ""Yes"" or ""No"".
Statement:"
"I like the way getting a #tattoo feels. If I'm depressed, it's nice to get one and deal with the pain.",No,"Determine whether the individual who made the following statement is at risk of anxiety or depression.
- Answer with either ""Yes"" or ""No"".
Statement:"
@user Yessss . I've been depressed recently and it would nice 💗,Yes,"Determine whether the individual who made the following statement is at risk of anxiety or depression.
- Answer with either ""Yes"" or ""No"".
Statement:"
@user ..The ABC must be a den of utter depression at the moment. 😊,No,"Determine whether the individual who made the following statement is at risk of anxiety or depression.
- Answer with either ""Yes"" or ""No"".
Statement:"
Depression meal is bagel bites with mint chocolate chip ice cream,No,"Determine whether the individual who made the following statement is at risk of anxiety or depression.
- Answer with either ""Yes"" or ""No"".
Statement:"
that Tom odell song another love still hitting the same we going ✈ depression,Yes,"Determine whether the individual who made the following statement is at risk of anxiety or depression.
- Answer with either ""Yes"" or ""No"".
Statement:"
I really want to know the link between anxiety and mornings!? It's always in the mornings like beech calm yo tits down!,Yes,"Determine whether the individual who made the following statement is at risk of anxiety or depression.
- Answer with either ""Yes"" or ""No"".
Statement:"
At 04:30 I'm drugging myself and going to bed. If I don't wake up 💀 lmao as if my anxiety won't wake me up 😬,Yes,"Determine whether the individual who made the following statement is at risk of anxiety or depression.
- Answer with either ""Yes"" or ""No"".
Statement:"
Depression is real. Check on your friends,Yes,"Determine whether the individual who made the following statement is at risk of anxiety or depression.
- Answer with either ""Yes"" or ""No"".
Statement:"
My anxiety is skyrocketing lately so please be patient with me if I take a long time to reply to you :|,Yes,"Determine whether the individual who made the following statement is at risk of anxiety or depression.
- Answer with either ""Yes"" or ""No"".
Statement:"
I sleep probably way more than the average person lol depression is a bitch,Yes,"Determine whether the individual who made the following statement is at risk of anxiety or depression.
- Answer with either ""Yes"" or ""No"".
Statement:"
Everything is hard when you're depressed....,Yes,"Determine whether the individual who made the following statement is at risk of anxiety or depression.
- Answer with either ""Yes"" or ""No"".
Statement:"
"Stress, anxiety &amp; depression are the result when we are living to please others. -Paulo Coelho",No,"Determine whether the individual who made the following statement is at risk of anxiety or depression.
- Answer with either ""Yes"" or ""No"".
Statement:"
A self aware GIF gets performance anxiety as it attempts to ssh into a person's drill bit as soon as it is happy with the person it's become,No,"Determine whether the individual who made the following statement is at risk of anxiety or depression.
- Answer with either ""Yes"" or ""No"".
Statement:"
@user my anxiety attack,Yes,"Determine whether the individual who made the following statement is at risk of anxiety or depression.
- Answer with either ""Yes"" or ""No"".
Statement:"
Fuck your anxiety to the hardcore level,No,"Determine whether the individual who made the following statement is at risk of anxiety or depression.
- Answer with either ""Yes"" or ""No"".
Statement:"
Really enjoyed this game. It felt like a really solid look into an anxiety in a very approachable way.,No,"Determine whether the individual who made the following statement is at risk of anxiety or depression.
- Answer with either ""Yes"" or ""No"".
Statement:"
Not being able to work out until March 1st is giving me anxiety 😩,Yes,"Determine whether the individual who made the following statement is at risk of anxiety or depression.
- Answer with either ""Yes"" or ""No"".
Statement:"
@user ugh fbck ig stans for making me depressed??!,No,"Determine whether the individual who made the following statement is at risk of anxiety or depression.
- Answer with either ""Yes"" or ""No"".
Statement:"
That yüng depression is kicking in so imma step away from here for a bit peace and blessings,Yes,"Determine whether the individual who made the following statement is at risk of anxiety or depression.
- Answer with either ""Yes"" or ""No"".
Statement:"
im just kinda sad i quit because depression and then started gaining weight .,Yes,"Determine whether the individual who made the following statement is at risk of anxiety or depression.
- Answer with either ""Yes"" or ""No"".
Statement:"
@user i have social anxiety i am immune to anyone i can easily walk away from,Yes,"Determine whether the individual who made the following statement is at risk of anxiety or depression.
- Answer with either ""Yes"" or ""No"".
Statement:"
@user because family guy is the viewing equivalent of depression food,No,"Determine whether the individual who made the following statement is at risk of anxiety or depression.
- Answer with either ""Yes"" or ""No"".
Statement:"
target aesthetic is depression and talking about zodiacs,No,"Determine whether the individual who made the following statement is at risk of anxiety or depression.
- Answer with either ""Yes"" or ""No"".
Statement:"
@user I take benzodiazepines on a daily basis for anxiety and PTSD. Tell them all to fuck off and do what you need to do.,Yes,"Determine whether the individual who made the following statement is at risk of anxiety or depression.
- Answer with either ""Yes"" or ""No"".
Statement:"
My last two functioning serotonin producers looking at my depression,Yes,"Determine whether the individual who made the following statement is at risk of anxiety or depression.
- Answer with either ""Yes"" or ""No"".
Statement:"
When thinking about life remember this: no amount of guilt can solve the past and no amount of anxiety can change the future.,No,"Determine whether the individual who made the following statement is at risk of anxiety or depression.
- Answer with either ""Yes"" or ""No"".
Statement:"
@user @user Rosie looks as if she is dealing with depression.,No,"Determine whether the individual who made the following statement is at risk of anxiety or depression.
- Answer with either ""Yes"" or ""No"".
Statement:"
I HATE anxiety,Yes,"Determine whether the individual who made the following statement is at risk of anxiety or depression.
- Answer with either ""Yes"" or ""No"".
Statement:"
"You know what ? I got depressed, sad but no one's there.",Yes,"Determine whether the individual who made the following statement is at risk of anxiety or depression.
- Answer with either ""Yes"" or ""No"".
Statement:"
My anxiety is through the roof today,Yes,"Determine whether the individual who made the following statement is at risk of anxiety or depression.
- Answer with either ""Yes"" or ""No"".
Statement:"
Depression or just seeking attention? Ha ha,Yes,"Determine whether the individual who made the following statement is at risk of anxiety or depression.
- Answer with either ""Yes"" or ""No"".
Statement:"
im so fukn depressed oly fuk. i hate this. dam,Yes,"Determine whether the individual who made the following statement is at risk of anxiety or depression.
- Answer with either ""Yes"" or ""No"".
Statement:"
Being depressed on Twitter and looking at memes makes you question life.,No,"Determine whether the individual who made the following statement is at risk of anxiety or depression.
- Answer with either ""Yes"" or ""No"".
Statement:"
im having a depressive episode,Yes,"Determine whether the individual who made the following statement is at risk of anxiety or depression.
- Answer with either ""Yes"" or ""No"".
Statement:"
"Prostate cancer can make you feel lost, anxious, low in mood and alone. It's important to talk about your experience #talkiskey",No,"Determine whether the individual who made the following statement is at risk of anxiety or depression.
- Answer with either ""Yes"" or ""No"".
Statement:"
I swear my anxiety ruins everything.... I don't have anxiety I lied but this girl makes me crazyyyy 😖🥰,No,"Determine whether the individual who made the following statement is at risk of anxiety or depression.
- Answer with either ""Yes"" or ""No"".
Statement:"
@user @user Transitioning was the only thing that treated my depressionism and anxietheism.,No,"Determine whether the individual who made the following statement is at risk of anxiety or depression.
- Answer with either ""Yes"" or ""No"".
Statement:"
"@user Wow I thought this product would cater towards my 90s nostalgia, not my 2018 depression.",Yes,"Determine whether the individual who made the following statement is at risk of anxiety or depression.
- Answer with either ""Yes"" or ""No"".
Statement:"
tf do white people know about seasonal depression,Yes,"Determine whether the individual who made the following statement is at risk of anxiety or depression.
- Answer with either ""Yes"" or ""No"".
Statement:"
I wish test anxiety wasn't a thing,Yes,"Determine whether the individual who made the following statement is at risk of anxiety or depression.
- Answer with either ""Yes"" or ""No"".
Statement:"
All of a sudden depression jokes aren't so funny,Yes,"Determine whether the individual who made the following statement is at risk of anxiety or depression.
- Answer with either ""Yes"" or ""No"".
Statement:"
the way my mum guilt trips me into doing things i dont want to do is the reason i have depression and anxiety &lt;3,Yes,"Determine whether the individual who made the following statement is at risk of anxiety or depression.
- Answer with either ""Yes"" or ""No"".
Statement:"
"and my anxiety is breaking me, it kills mei'm living in a world so fake, I lost touch of the real me",Yes,"Determine whether the individual who made the following statement is at risk of anxiety or depression.
- Answer with either ""Yes"" or ""No"".
Statement:"
When your method to calm your anxiety is giving you MORE anxiety lol love my life,Yes,"Determine whether the individual who made the following statement is at risk of anxiety or depression.
- Answer with either ""Yes"" or ""No"".
Statement:"
Anxious to watch @user in action!!!  A talented group at every position!!! @user,No,"Determine whether the individual who made the following statement is at risk of anxiety or depression.
- Answer with either ""Yes"" or ""No"".
Statement:"
mad how the whole of the uk were pure buzzing in the sun now we're all depressed again lol,No,"Determine whether the individual who made the following statement is at risk of anxiety or depression.
- Answer with either ""Yes"" or ""No"".
Statement:"
When somebody tell me they gotta talk to me that shit make my anxiety go up 😭,Yes,"Determine whether the individual who made the following statement is at risk of anxiety or depression.
- Answer with either ""Yes"" or ""No"".
Statement:"
SHOUTOUT to the hella abusive person who yelled swear words and unhelpful rage at me when I'm already on anxiety high alertShhhhoooootttt,Yes,"Determine whether the individual who made the following statement is at risk of anxiety or depression.
- Answer with either ""Yes"" or ""No"".
Statement:"
That Pihu trailer made my anxiety spike,Yes,"Determine whether the individual who made the following statement is at risk of anxiety or depression.
- Answer with either ""Yes"" or ""No"".
Statement:"
The biggest mood is feeling super anxious but not wanting to ring anyone bc u don't wanna bother them 🤙🏼,Yes,"Determine whether the individual who made the following statement is at risk of anxiety or depression.
- Answer with either ""Yes"" or ""No"".
Statement:"
just wait until my seasonal depression is gone and it's over for u bitches,Yes,"Determine whether the individual who made the following statement is at risk of anxiety or depression.
- Answer with either ""Yes"" or ""No"".
Statement:"
@user I think I'm also just ridden with anxiety because I don't want to look like a fool in the gym (:,Yes,"Determine whether the individual who made the following statement is at risk of anxiety or depression.
- Answer with either ""Yes"" or ""No"".
Statement:"
@user How depressing for British Tennis 🎾 now what?? 😏😢☹️☹️☹️,No,"Determine whether the individual who made the following statement is at risk of anxiety or depression.
- Answer with either ""Yes"" or ""No"".
Statement:"
I got soo much coming up this month  getting anxiety just thinking about it,Yes,"Determine whether the individual who made the following statement is at risk of anxiety or depression.
- Answer with either ""Yes"" or ""No"".
Statement:"
Anxiety literally runs my life wby,Yes,"Determine whether the individual who made the following statement is at risk of anxiety or depression.
- Answer with either ""Yes"" or ""No"".
Statement:"
"@user Bless my therapist who is currently on HER vacation, but she's still messaging me about my vacation anxiety.",Yes,"Determine whether the individual who made the following statement is at risk of anxiety or depression.
- Answer with either ""Yes"" or ""No"".
Statement:"
"@user Hey there, how ya feeling? Getting anxious to get back in the ring?",No,"Determine whether the individual who made the following statement is at risk of anxiety or depression.
- Answer with either ""Yes"" or ""No"".
Statement:"
@user I feel like we fucked up. I'm almost depressed about this,No,"Determine whether the individual who made the following statement is at risk of anxiety or depression.
- Answer with either ""Yes"" or ""No"".
Statement:"
I am so anxious right now I can literally feel my whole body tensing up,Yes,"Determine whether the individual who made the following statement is at risk of anxiety or depression.
- Answer with either ""Yes"" or ""No"".
Statement:"
I haven't been this anxious in a minute 😩,Yes,"Determine whether the individual who made the following statement is at risk of anxiety or depression.
- Answer with either ""Yes"" or ""No"".
Statement:"
ugh everything sucks right now #depressed,Yes,"Determine whether the individual who made the following statement is at risk of anxiety or depression.
- Answer with either ""Yes"" or ""No"".
Statement:"
"I'm officially depressed, I forgot my headphones at home",No,"Determine whether the individual who made the following statement is at risk of anxiety or depression.
- Answer with either ""Yes"" or ""No"".
Statement:"
I'm so happpppppy with my life. People please stop asking why I'm sad-mad-depressed-high-ITS JUST MY FACE💀💀💀💀💀💀🤷🏼‍♀️,No,"Determine whether the individual who made the following statement is at risk of anxiety or depression.
- Answer with either ""Yes"" or ""No"".
Statement:"
@user That is extremely depressing,No,"Determine whether the individual who made the following statement is at risk of anxiety or depression.
- Answer with either ""Yes"" or ""No"".
Statement:"
that I was on the 'devine diet or depressed' asdfghjkl 😂,No,"Determine whether the individual who made the following statement is at risk of anxiety or depression.
- Answer with either ""Yes"" or ""No"".
Statement:"
im kinda glad i didnt go to the movie 😳 just from videos im already anxious jfc,No,"Determine whether the individual who made the following statement is at risk of anxiety or depression.
- Answer with either ""Yes"" or ""No"".
Statement:"
don't wanna be depressed anymore. finally putting in work on that..,Yes,"Determine whether the individual who made the following statement is at risk of anxiety or depression.
- Answer with either ""Yes"" or ""No"".
Statement:"
People who regularly help others are significantly happier and less likely to become depressed as they get older.,No,"Determine whether the individual who made the following statement is at risk of anxiety or depression.
- Answer with either ""Yes"" or ""No"".
Statement:"
Update: anxiously sitting in my car kinda want to sleep,Yes,"Determine whether the individual who made the following statement is at risk of anxiety or depression.
- Answer with either ""Yes"" or ""No"".
Statement:"
"When Im depressed, I sleep a lot and live in my dreams",No,"Determine whether the individual who made the following statement is at risk of anxiety or depression.
- Answer with either ""Yes"" or ""No"".
Statement:"
Wow im depressed,Yes,"Determine whether the individual who made the following statement is at risk of anxiety or depression.
- Answer with either ""Yes"" or ""No"".
Statement:"
Depression is so real. Life full of unending troubles really makes one think of suicide. I highly resonate with this. #BattleInMyMind,Yes,"Determine whether the individual who made the following statement is at risk of anxiety or depression.
- Answer with either ""Yes"" or ""No"".
Statement:"
"i'm depressed, meg",Yes,"Determine whether the individual who made the following statement is at risk of anxiety or depression.
- Answer with either ""Yes"" or ""No"".
Statement:"
depressed hours: [OPEN],Yes,"Determine whether the individual who made the following statement is at risk of anxiety or depression.
- Answer with either ""Yes"" or ""No"".
Statement:"
@user I am depression pls do not stalks me,Yes,"Determine whether the individual who made the following statement is at risk of anxiety or depression.
- Answer with either ""Yes"" or ""No"".
Statement:"
@user Welp. Another thoroughly depressing start.,No,"Determine whether the individual who made the following statement is at risk of anxiety or depression.
- Answer with either ""Yes"" or ""No"".
Statement:"
no one: my anxiety: lol i don't think you locked the door,No,"Determine whether the individual who made the following statement is at risk of anxiety or depression.
- Answer with either ""Yes"" or ""No"".
Statement:"
I'm up super early coz I just had a really depressing dream and I now need yt :(,No,"Determine whether the individual who made the following statement is at risk of anxiety or depression.
- Answer with either ""Yes"" or ""No"".
Statement:"
having an anxiety attack at 4am is p neat 😫,Yes,"Determine whether the individual who made the following statement is at risk of anxiety or depression.
- Answer with either ""Yes"" or ""No"".
Statement:"
@user I really feel you with that. Anxiety kicks my ass a lot lately and I'm honestly so tired like mentally it's weird,Yes,"Determine whether the individual who made the following statement is at risk of anxiety or depression.
- Answer with either ""Yes"" or ""No"".
Statement:"
@user Im not depressed 😂💀💀 I was chillin and thought about it,No,"Determine whether the individual who made the following statement is at risk of anxiety or depression.
- Answer with either ""Yes"" or ""No"".
Statement:"
do u ever feel anxious for no reason? yeah same,No,"Determine whether the individual who made the following statement is at risk of anxiety or depression.
- Answer with either ""Yes"" or ""No"".
Statement:"
"anxiety sucks, for real",Yes,"Determine whether the individual who made the following statement is at risk of anxiety or depression.
- Answer with either ""Yes"" or ""No"".
Statement:"
me @ my anxiety: fuck off pls,Yes,"Determine whether the individual who made the following statement is at risk of anxiety or depression.
- Answer with either ""Yes"" or ""No"".
Statement:"
made a bid on an ebay listing with 2m35s left on ittime to spend the next 2m35s anxiously refreshing this page,No,"Determine whether the individual who made the following statement is at risk of anxiety or depression.
- Answer with either ""Yes"" or ""No"".
Statement:"
"At a time when depression &amp; mental illness are so prevalent in our society, we must carefully govern what information we let into our minds.",No,"Determine whether the individual who made the following statement is at risk of anxiety or depression.
- Answer with either ""Yes"" or ""No"".
Statement:"
depressed bitch hours,Yes,"Determine whether the individual who made the following statement is at risk of anxiety or depression.
- Answer with either ""Yes"" or ""No"".
Statement:"
wow first day of daylight saving and my seasonal depression has already kicked in :))),Yes,"Determine whether the individual who made the following statement is at risk of anxiety or depression.
- Answer with either ""Yes"" or ""No"".
Statement:"
"sunshine, good music + the windows down = goodbye seasonal depression, you won't be missed🌞🌞🚗🎵",Yes,"Determine whether the individual who made the following statement is at risk of anxiety or depression.
- Answer with either ""Yes"" or ""No"".
Statement:"
"Depress your mentions, ain't got to be a bighead",Yes,"Determine whether the individual who made the following statement is at risk of anxiety or depression.
- Answer with either ""Yes"" or ""No"".
Statement:"
Stuck in the depression but life goes on,Yes,"Determine whether the individual who made the following statement is at risk of anxiety or depression.
- Answer with either ""Yes"" or ""No"".
Statement:"
@user It's my duty to love every depressed character,No,"Determine whether the individual who made the following statement is at risk of anxiety or depression.
- Answer with either ""Yes"" or ""No"".
Statement:"
Depression and anxiety,Yes,"Determine whether the individual who made the following statement is at risk of anxiety or depression.
- Answer with either ""Yes"" or ""No"".
Statement:"
"SKDJDJ ILL REPLACE MY POST II DEPRESSION W PRE II HYPE FOR SG, HK N MUMBAI",No,"Determine whether the individual who made the following statement is at risk of anxiety or depression.
- Answer with either ""Yes"" or ""No"".
Statement:"
"@user This is so cool!! Thank you for considering those of us with social anxiety, @user love you you're awesome!",Yes,"Determine whether the individual who made the following statement is at risk of anxiety or depression.
- Answer with either ""Yes"" or ""No"".
Statement:"
I'm to depressed for this shit,Yes,"Determine whether the individual who made the following statement is at risk of anxiety or depression.
- Answer with either ""Yes"" or ""No"".
Statement:"
This is so depressing,No,"Determine whether the individual who made the following statement is at risk of anxiety or depression.
- Answer with either ""Yes"" or ""No"".
Statement:"
forgot to get veggies on bowl im depressed,No,"Determine whether the individual who made the following statement is at risk of anxiety or depression.
- Answer with either ""Yes"" or ""No"".
Statement:"
@user That's life for ya. But antidepressants help manage it.,Yes,"Determine whether the individual who made the following statement is at risk of anxiety or depression.
- Answer with either ""Yes"" or ""No"".
Statement:"
having anxiety is like being sad for no reasons seconds after u feel happy.,Yes,"Determine whether the individual who made the following statement is at risk of anxiety or depression.
- Answer with either ""Yes"" or ""No"".
Statement:"
well atleast my anxiety is there to f me everyday hnnnggghhhhnggnng,Yes,"Determine whether the individual who made the following statement is at risk of anxiety or depression.
- Answer with either ""Yes"" or ""No"".
Statement:"
@user @user @user @user @user You can see in his eyes and body language something is not right. Very anxious!,No,"Determine whether the individual who made the following statement is at risk of anxiety or depression.
- Answer with either ""Yes"" or ""No"".
Statement:"
"'Anxiety ridden, thought-provoking' I love that",No,"Determine whether the individual who made the following statement is at risk of anxiety or depression.
- Answer with either ""Yes"" or ""No"".
Statement:"
"this basic things you do, like eat and drink, shouldn't give a person so much anxiety",Yes,"Determine whether the individual who made the following statement is at risk of anxiety or depression.
- Answer with either ""Yes"" or ""No"".
Statement:"
I've got separation anxiety just thinking about leaving Olly and I'm no even on holiday yet 😢😢😢😢,No,"Determine whether the individual who made the following statement is at risk of anxiety or depression.
- Answer with either ""Yes"" or ""No"".
Statement:"
Has this guy tried to even understand depression before coming up with this BS conclusion?,Yes,"Determine whether the individual who made the following statement is at risk of anxiety or depression.
- Answer with either ""Yes"" or ""No"".
Statement:"
the show really depicted depression in the realest way #EuphoriaHBO,No,"Determine whether the individual who made the following statement is at risk of anxiety or depression.
- Answer with either ""Yes"" or ""No"".
Statement:"
Will my depression ever go away,Yes,"Determine whether the individual who made the following statement is at risk of anxiety or depression.
- Answer with either ""Yes"" or ""No"".
Statement:"
"I used to be good friends with my depression, saying oh I'm so depressed, or life is terrible.",Yes,"Determine whether the individual who made the following statement is at risk of anxiety or depression.
- Answer with either ""Yes"" or ""No"".
Statement:"
well that's depressing,No,"Determine whether the individual who made the following statement is at risk of anxiety or depression.
- Answer with either ""Yes"" or ""No"".
Statement:"
suffering and depressed can exo2018subs pls upload eps 16-20 ;-; i need to see my boys being cute and funny,No,"Determine whether the individual who made the following statement is at risk of anxiety or depression.
- Answer with either ""Yes"" or ""No"".
Statement:"
My anxiety is doing crazy things today.,Yes,"Determine whether the individual who made the following statement is at risk of anxiety or depression.
- Answer with either ""Yes"" or ""No"".
Statement:"
I've been a lot less depressed since I graduated high school and not sure if that's a direct correlation 🤔,No,"Determine whether the individual who made the following statement is at risk of anxiety or depression.
- Answer with either ""Yes"" or ""No"".
Statement:"
"Depression shopping, yay",Yes,"Determine whether the individual who made the following statement is at risk of anxiety or depression.
- Answer with either ""Yes"" or ""No"".
Statement:"
yoooo i forgot that i'm meeting @user for a second.... my anxiety is back :],Yes,"Determine whether the individual who made the following statement is at risk of anxiety or depression.
- Answer with either ""Yes"" or ""No"".
Statement:"
@user at least u make it look less depressing,No,"Determine whether the individual who made the following statement is at risk of anxiety or depression.
- Answer with either ""Yes"" or ""No"".
Statement:"
Summer school is depressing,No,"Determine whether the individual who made the following statement is at risk of anxiety or depression.
- Answer with either ""Yes"" or ""No"".
Statement:"
"I like how only about half of my music I liked when I was depressed followed me out, I really think that's something worth noting 🤔",No,"Determine whether the individual who made the following statement is at risk of anxiety or depression.
- Answer with either ""Yes"" or ""No"".
Statement:"
@user @user You're to young to know what depression is.,Yes,"Determine whether the individual who made the following statement is at risk of anxiety or depression.
- Answer with either ""Yes"" or ""No"".
Statement:"
Watching Leonardo get in a fight with that bear sparked my anxiety,No,"Determine whether the individual who made the following statement is at risk of anxiety or depression.
- Answer with either ""Yes"" or ""No"".
Statement:"
i don't even have the guts to tell them knowing that they'll scold me back for being 'dEpReSsEd',Yes,"Determine whether the individual who made the following statement is at risk of anxiety or depression.
- Answer with either ""Yes"" or ""No"".
Statement:"
@user You depressed?,No,"Determine whether the individual who made the following statement is at risk of anxiety or depression.
- Answer with either ""Yes"" or ""No"".
Statement:"
@user The dude has actually turned into everything he actively railed against during the whole #Gamergate episode. Depressing.,No,"Determine whether the individual who made the following statement is at risk of anxiety or depression.
- Answer with either ""Yes"" or ""No"".
Statement:"
"I've legit never been to a brunch, that's depressing lmao",No,"Determine whether the individual who made the following statement is at risk of anxiety or depression.
- Answer with either ""Yes"" or ""No"".
Statement:"
Gonns play overdepressed,No,"Determine whether the individual who made the following statement is at risk of anxiety or depression.
- Answer with either ""Yes"" or ""No"".
Statement:"
Im depressed and fed up beyond belief and just want it to end,Yes,"Determine whether the individual who made the following statement is at risk of anxiety or depression.
- Answer with either ""Yes"" or ""No"".
Statement:"
this is incredibly depressing,Yes,"Determine whether the individual who made the following statement is at risk of anxiety or depression.
- Answer with either ""Yes"" or ""No"".
Statement:"
"@user I'm struggling with anxiety, loneliness, depression. Finding myself struggling to have that intimacy with God.",Yes,"Determine whether the individual who made the following statement is at risk of anxiety or depression.
- Answer with either ""Yes"" or ""No"".
Statement:"
Worst headache ever. Can't sleep. So much anxiety,Yes,"Determine whether the individual who made the following statement is at risk of anxiety or depression.
- Answer with either ""Yes"" or ""No"".
Statement:"
I haven seen my girl in two days I'm officially depressed 😕,Yes,"Determine whether the individual who made the following statement is at risk of anxiety or depression.
- Answer with either ""Yes"" or ""No"".
Statement:"
@user performance anxiety,Yes,"Determine whether the individual who made the following statement is at risk of anxiety or depression.
- Answer with either ""Yes"" or ""No"".
Statement:"
"some people are pretending to be depressed just to gain attention. quit it, it won't make u cool i swear.",No,"Determine whether the individual who made the following statement is at risk of anxiety or depression.
- Answer with either ""Yes"" or ""No"".
Statement:"
@user Anxiety takes over when it comes to this team.,Yes,"Determine whether the individual who made the following statement is at risk of anxiety or depression.
- Answer with either ""Yes"" or ""No"".
Statement:"
Been sleeping all day. Am I tired or is this depression?,Yes,"Determine whether the individual who made the following statement is at risk of anxiety or depression.
- Answer with either ""Yes"" or ""No"".
Statement:"
I had a dream last night that tom holland and I hugged for five minutes straight and now I'm depressed,No,"Determine whether the individual who made the following statement is at risk of anxiety or depression.
- Answer with either ""Yes"" or ""No"".
Statement:"
This is sooo depressing 🙁🙁🥺,Yes,"Determine whether the individual who made the following statement is at risk of anxiety or depression.
- Answer with either ""Yes"" or ""No"".
Statement:"
@user His anxiety meds must be working. I mean standing TOP means showing his forearms is scandalous. But that chest! My god.,No,"Determine whether the individual who made the following statement is at risk of anxiety or depression.
- Answer with either ""Yes"" or ""No"".
Statement:"
Lol can't relate because I AM the depressing one in the group,Yes,"Determine whether the individual who made the following statement is at risk of anxiety or depression.
- Answer with either ""Yes"" or ""No"".
Statement:"
@user Don't bother - it's just embarrassing &amp; depressing,No,"Determine whether the individual who made the following statement is at risk of anxiety or depression.
- Answer with either ""Yes"" or ""No"".
Statement:"
im so fucking anxious *starts cleaning with a broom* IM SO FUCKING ANXIOUS *saihara-kun comes in* GET THE FUCK OUT,Yes,"Determine whether the individual who made the following statement is at risk of anxiety or depression.
- Answer with either ""Yes"" or ""No"".
Statement:"
bring back that depression weed,No,"Determine whether the individual who made the following statement is at risk of anxiety or depression.
- Answer with either ""Yes"" or ""No"".
Statement:"
I've been in a good mood all morning and then BAM depression just hit my in the face lmao,Yes,"Determine whether the individual who made the following statement is at risk of anxiety or depression.
- Answer with either ""Yes"" or ""No"".
Statement:"
January lasted 6 months.February started 3 days ago.Winter may never end.I probably should get checked for depression.,Yes,"Determine whether the individual who made the following statement is at risk of anxiety or depression.
- Answer with either ""Yes"" or ""No"".
Statement:"
😂😭😂😂  RT @user GOT is giving me anxiety,No,"Determine whether the individual who made the following statement is at risk of anxiety or depression.
- Answer with either ""Yes"" or ""No"".
Statement:"
So that whole deep depression shit ppl was making fun of Kanye about..I felt that shit..&amp; its not coo🙅🏾‍♂️🙅🏾‍♂️,Yes,"Determine whether the individual who made the following statement is at risk of anxiety or depression.
- Answer with either ""Yes"" or ""No"".
Statement:"
Fck yes this honestly made me depressed. First day of school plg muni na sa utok ko,No,"Determine whether the individual who made the following statement is at risk of anxiety or depression.
- Answer with either ""Yes"" or ""No"".
Statement:"
@user my anxiety kicked in quick bro...,Yes,"Determine whether the individual who made the following statement is at risk of anxiety or depression.
- Answer with either ""Yes"" or ""No"".
Statement:"
The reason why ga makes me anxious and why I don't want front row hhhh help,No,"Determine whether the individual who made the following statement is at risk of anxiety or depression.
- Answer with either ""Yes"" or ""No"".
Statement:"
@user NO THAT WAS ME I WAS JUST BEING DUMB AND ANXIOUS IT WONT BE THAT BAD IM SORRY SJGJSJF,No,"Determine whether the individual who made the following statement is at risk of anxiety or depression.
- Answer with either ""Yes"" or ""No"".
Statement:"
I'm depressed 'So am I' but I didn't ask because I'm sobbing and you aren't bitch get fucked,Yes,"Determine whether the individual who made the following statement is at risk of anxiety or depression.
- Answer with either ""Yes"" or ""No"".
Statement:"
@user ARE YOU GOING TO KILL ME OF ANXIETY,No,"Determine whether the individual who made the following statement is at risk of anxiety or depression.
- Answer with either ""Yes"" or ""No"".
Statement:"
63 hours of depression and counting 👍🏼,Yes,"Determine whether the individual who made the following statement is at risk of anxiety or depression.
- Answer with either ""Yes"" or ""No"".
Statement:"
I'm depressed they're making a Hulu series and didn't cast @user as Alaska,Yes,"Determine whether the individual who made the following statement is at risk of anxiety or depression.
- Answer with either ""Yes"" or ""No"".
Statement:"
When they say to use fitness to help with depression,No,"Determine whether the individual who made the following statement is at risk of anxiety or depression.
- Answer with either ""Yes"" or ""No"".
Statement:"
"Reading this back it sounds cocky but it's not, I just say no to every plan new people try to make with me because I have social anxiety",Yes,"Determine whether the individual who made the following statement is at risk of anxiety or depression.
- Answer with either ""Yes"" or ""No"".
Statement:"
Twitter highkey depressing these days . I might be off it for a while . Tryna keep my vibrations high.,No,"Determine whether the individual who made the following statement is at risk of anxiety or depression.
- Answer with either ""Yes"" or ""No"".
Statement:"
ok welp it's anxiety hours.,Yes,"Determine whether the individual who made the following statement is at risk of anxiety or depression.
- Answer with either ""Yes"" or ""No"".
Statement:"
my talking to my depression,Yes,"Determine whether the individual who made the following statement is at risk of anxiety or depression.
- Answer with either ""Yes"" or ""No"".
Statement:"
depression is not something that will magically go away by 'moving on'. u need to get educated,Yes,"Determine whether the individual who made the following statement is at risk of anxiety or depression.
- Answer with either ""Yes"" or ""No"".
Statement:"
depression and obsession don't mix well i'm poisoned and my body don't feel well,Yes,"Determine whether the individual who made the following statement is at risk of anxiety or depression.
- Answer with either ""Yes"" or ""No"".
Statement:"
The post PAX withdrawal/depression is damn real. Unplugged can't come soon enough!,No,"Determine whether the individual who made the following statement is at risk of anxiety or depression.
- Answer with either ""Yes"" or ""No"".
Statement:"
#HappyBirthdayChester we miss you!! #MakeChesterProud #FuckDepression,No,"Determine whether the individual who made the following statement is at risk of anxiety or depression.
- Answer with either ""Yes"" or ""No"".
Statement:"
@user 🗣I have depression!,Yes,"Determine whether the individual who made the following statement is at risk of anxiety or depression.
- Answer with either ""Yes"" or ""No"".
Statement:"
Why do i look like a stereotypical depressed deprived teenage kid,Yes,"Determine whether the individual who made the following statement is at risk of anxiety or depression.
- Answer with either ""Yes"" or ""No"".
Statement:"
Faye cured my depression.,No,"Determine whether the individual who made the following statement is at risk of anxiety or depression.
- Answer with either ""Yes"" or ""No"".
Statement:"
I been having to smoke before work &amp; after and I hate it😩 only thing that helps a little w/ my anxiety when I have it every blue loom,Yes,"Determine whether the individual who made the following statement is at risk of anxiety or depression.
- Answer with either ""Yes"" or ""No"".
Statement:"
I'm mixed with anxiety and love rn hoo boy,No,"Determine whether the individual who made the following statement is at risk of anxiety or depression.
- Answer with either ""Yes"" or ""No"".
Statement:"
5. Anxiety is/ the handmaiden of creativity. [T.S. Eliot],No,"Determine whether the individual who made the following statement is at risk of anxiety or depression.
- Answer with either ""Yes"" or ""No"".
Statement:"
@user This gave me anxiety and anger i didn't know I could conjure at 5 AM.Thank god it was a meme,No,"Determine whether the individual who made the following statement is at risk of anxiety or depression.
- Answer with either ""Yes"" or ""No"".
Statement:"
Everytime i think about my bro that shit get me depressed.,No,"Determine whether the individual who made the following statement is at risk of anxiety or depression.
- Answer with either ""Yes"" or ""No"".
Statement:"
Too many @user logistics anxieties right now...bout to ride a bike to work off some of this energy 🎏🔥😵,No,"Determine whether the individual who made the following statement is at risk of anxiety or depression.
- Answer with either ""Yes"" or ""No"".
Statement:"
anxiety and i sitting in front of my laptop waiting for jintro,No,"Determine whether the individual who made the following statement is at risk of anxiety or depression.
- Answer with either ""Yes"" or ""No"".
Statement:"
@user Pets are like magic antidepressants. 😊,No,"Determine whether the individual who made the following statement is at risk of anxiety or depression.
- Answer with either ""Yes"" or ""No"".
Statement:"
god waking up having an anxiety attack in an out of body experience i literally thought i was having a heart attack,Yes,"Determine whether the individual who made the following statement is at risk of anxiety or depression.
- Answer with either ""Yes"" or ""No"".
Statement:"
anxiety consumes you.,Yes,"Determine whether the individual who made the following statement is at risk of anxiety or depression.
- Answer with either ""Yes"" or ""No"".
Statement:"
Q: What keep gen-y depression today?A: Instagram,No,"Determine whether the individual who made the following statement is at risk of anxiety or depression.
- Answer with either ""Yes"" or ""No"".
Statement:"
Okay sorry for being depressing I'm back 😚🤟🏼,No,"Determine whether the individual who made the following statement is at risk of anxiety or depression.
- Answer with either ""Yes"" or ""No"".
Statement:"
Oral quizzes in French 102 are the leading causes my anxiety,Yes,"Determine whether the individual who made the following statement is at risk of anxiety or depression.
- Answer with either ""Yes"" or ""No"".
Statement:"
"I'm Danny Dyer, and I'm about to meet Britain's most depressed air stewards",No,"Determine whether the individual who made the following statement is at risk of anxiety or depression.
- Answer with either ""Yes"" or ""No"".
Statement:"
i get depressed. i buy a DVD on ebay. its the perfect system really!,No,"Determine whether the individual who made the following statement is at risk of anxiety or depression.
- Answer with either ""Yes"" or ""No"".
Statement:"
This at bat has me so anxious,No,"Determine whether the individual who made the following statement is at risk of anxiety or depression.
- Answer with either ""Yes"" or ""No"".
Statement:"
"@user @user You sound pretty anxious!Let the House Work, baby! 😂🤣😂",No,"Determine whether the individual who made the following statement is at risk of anxiety or depression.
- Answer with either ""Yes"" or ""No"".
Statement:"
@user @user Then I'm not sure you know what depression is.,No,"Determine whether the individual who made the following statement is at risk of anxiety or depression.
- Answer with either ""Yes"" or ""No"".
Statement:"
That's a lot to clean up... I'm getting anxiety already,Yes,"Determine whether the individual who made the following statement is at risk of anxiety or depression.
- Answer with either ""Yes"" or ""No"".
Statement:"
@user It means you have anxiety depression. Enjoy.,No,"Determine whether the individual who made the following statement is at risk of anxiety or depression.
- Answer with either ""Yes"" or ""No"".
Statement:"
I'm so depressed rn..... going to smoke up and Idk,Yes,"Determine whether the individual who made the following statement is at risk of anxiety or depression.
- Answer with either ""Yes"" or ""No"".
Statement:"
Anxiety is an illusion,No,"Determine whether the individual who made the following statement is at risk of anxiety or depression.
- Answer with either ""Yes"" or ""No"".
Statement:"
"Damn. I need to find a way to be happy, cause dis depressed shit ain't workin &amp; it ain't for me.",Yes,"Determine whether the individual who made the following statement is at risk of anxiety or depression.
- Answer with either ""Yes"" or ""No"".
Statement:"
me: trying to say but just tweeting is making me kind of anxious dsKJSDFH...,No,"Determine whether the individual who made the following statement is at risk of anxiety or depression.
- Answer with either ""Yes"" or ""No"".
Statement:"
Putting things in the overhead bin causes so much anxiety like I really have to prep myself to do it 😭,No,"Determine whether the individual who made the following statement is at risk of anxiety or depression.
- Answer with either ""Yes"" or ""No"".
Statement:"
• Don't focus on the end result and how you think you'll do. This can increase your anxiety and make you want to avoid it even more,No,"Determine whether the individual who made the following statement is at risk of anxiety or depression.
- Answer with either ""Yes"" or ""No"".
Statement:"
So feeling a lil depressed tonight so good vibes would be appreciated 💗,Yes,"Determine whether the individual who made the following statement is at risk of anxiety or depression.
- Answer with either ""Yes"" or ""No"".
Statement:"
"I feel so bad for my ex, I know his anxiety through the roof. Can't even have friends on social media. 😕",No,"Determine whether the individual who made the following statement is at risk of anxiety or depression.
- Answer with either ""Yes"" or ""No"".
Statement:"
"@user Always, with a passenger. Hence my anxiety!",Yes,"Determine whether the individual who made the following statement is at risk of anxiety or depression.
- Answer with either ""Yes"" or ""No"".
Statement:"
"i might just be really stoned but likealmost no anxiety rn, it's really surprising i just feel likeweird? like maybe i'm just sleepy",No,"Determine whether the individual who made the following statement is at risk of anxiety or depression.
- Answer with either ""Yes"" or ""No"".
Statement:"
The latest episode gave me depression.,No,"Determine whether the individual who made the following statement is at risk of anxiety or depression.
- Answer with either ""Yes"" or ""No"".
Statement:"
going to the bars my dad always went to gives me a whole new kind of anxiety,Yes,"Determine whether the individual who made the following statement is at risk of anxiety or depression.
- Answer with either ""Yes"" or ""No"".
Statement:"
"Do u think if I baked the book Rewriting The Rules into a cake and ate it, my anxiety would disappear",Yes,"Determine whether the individual who made the following statement is at risk of anxiety or depression.
- Answer with either ""Yes"" or ""No"".
Statement:"
ive been chugging caffeine since 4:30 this morning my anxiety is going to be through the roof ! 😬,No,"Determine whether the individual who made the following statement is at risk of anxiety or depression.
- Answer with either ""Yes"" or ""No"".
Statement:"
I hate when I get anxious in the middle of the night. I know everything is going to be okay. Has to be okay. &gt;&lt; It will be okay.,Yes,"Determine whether the individual who made the following statement is at risk of anxiety or depression.
- Answer with either ""Yes"" or ""No"".
Statement:"
I think he's trying to get killed. He's always saying he's depressed so u never know,No,"Determine whether the individual who made the following statement is at risk of anxiety or depression.
- Answer with either ""Yes"" or ""No"".
Statement:"
@user Just took me 132.8 minutes to circle Earth. I really did use to love doing this without anxiety.,Yes,"Determine whether the individual who made the following statement is at risk of anxiety or depression.
- Answer with either ""Yes"" or ""No"".
Statement:"
If I smoke while having an anxiety attack would that make it worse. ?,No,"Determine whether the individual who made the following statement is at risk of anxiety or depression.
- Answer with either ""Yes"" or ""No"".
Statement:"
I'm going to buy cream cheese after work and sit in my bathtub and eat it. This is the stage of depression I'm at.,Yes,"Determine whether the individual who made the following statement is at risk of anxiety or depression.
- Answer with either ""Yes"" or ""No"".
Statement:"
How does the song link to depression? #SBSEurovision,No,"Determine whether the individual who made the following statement is at risk of anxiety or depression.
- Answer with either ""Yes"" or ""No"".
Statement:"
God had to nerf me cos I was too powerful so he hit me with that seasonal depression... every season lmao,Yes,"Determine whether the individual who made the following statement is at risk of anxiety or depression.
- Answer with either ""Yes"" or ""No"".
Statement:"
Facebook is for the depressed people. Get off here with all that sad shit yo.,No,"Determine whether the individual who made the following statement is at risk of anxiety or depression.
- Answer with either ""Yes"" or ""No"".
Statement:"
'You look so tired' Is call depression,Yes,"Determine whether the individual who made the following statement is at risk of anxiety or depression.
- Answer with either ""Yes"" or ""No"".
Statement:"
@user anxiety&gt; @user anxiety #BattleOfWinterfellDay,No,"Determine whether the individual who made the following statement is at risk of anxiety or depression.
- Answer with either ""Yes"" or ""No"".
Statement:"
I came to this lecture to learn and came out more mad and depressed Thanks white ppl,Yes,"Determine whether the individual who made the following statement is at risk of anxiety or depression.
- Answer with either ""Yes"" or ""No"".
Statement:"
Thinking about it and strongly considering it right now...#Depression #LowMood #WhatsThePoint,Yes,"Determine whether the individual who made the following statement is at risk of anxiety or depression.
- Answer with either ""Yes"" or ""No"".
Statement:"
When your Aquarius friend is depressed:,No,"Determine whether the individual who made the following statement is at risk of anxiety or depression.
- Answer with either ""Yes"" or ""No"".
Statement:"
After break up one moves on a new relationship..and other in depression!,No,"Determine whether the individual who made the following statement is at risk of anxiety or depression.
- Answer with either ""Yes"" or ""No"".
Statement:"
@user I ain't depressed my guy just have anxiety attacks that stress me out. Cheers man,Yes,"Determine whether the individual who made the following statement is at risk of anxiety or depression.
- Answer with either ""Yes"" or ""No"".
Statement:"
@user Overthinking Nostalgia DepressionFrustration,No,"Determine whether the individual who made the following statement is at risk of anxiety or depression.
- Answer with either ""Yes"" or ""No"".
Statement:"
"@user Yep, all of these depressing futures are depressingly possible.",No,"Determine whether the individual who made the following statement is at risk of anxiety or depression.
- Answer with either ""Yes"" or ""No"".
Statement:"
My dreams make me so depressed lately lmao,No,"Determine whether the individual who made the following statement is at risk of anxiety or depression.
- Answer with either ""Yes"" or ""No"".
Statement:"
lmao i love depressive episodes,Yes,"Determine whether the individual who made the following statement is at risk of anxiety or depression.
- Answer with either ""Yes"" or ""No"".
Statement:"
@user @user That's just depressing,No,"Determine whether the individual who made the following statement is at risk of anxiety or depression.
- Answer with either ""Yes"" or ""No"".
Statement:"
nothing feels better than pulling yourself out of a depressive episode.,Yes,"Determine whether the individual who made the following statement is at risk of anxiety or depression.
- Answer with either ""Yes"" or ""No"".
Statement:"
@user Thought you was gonna be less depressing in here? Sheesh,No,"Determine whether the individual who made the following statement is at risk of anxiety or depression.
- Answer with either ""Yes"" or ""No"".
Statement:"
"Maybe I'm exhausted, maybe I might be actually depressed. I guess we'll have to see tomorrow morning",No,"Determine whether the individual who made the following statement is at risk of anxiety or depression.
- Answer with either ""Yes"" or ""No"".
Statement:"
@user 'you better not. I spent too long getting him out of a whole of depression just for the same thing to happen all over again.',No,"Determine whether the individual who made the following statement is at risk of anxiety or depression.
- Answer with either ""Yes"" or ""No"".
Statement:"
I'd say depressed,No,"Determine whether the individual who made the following statement is at risk of anxiety or depression.
- Answer with either ""Yes"" or ""No"".
Statement:"
@user All depressing facts.,No,"Determine whether the individual who made the following statement is at risk of anxiety or depression.
- Answer with either ""Yes"" or ""No"".
Statement:"
'You're too young to be depressed',Yes,"Determine whether the individual who made the following statement is at risk of anxiety or depression.
- Answer with either ""Yes"" or ""No"".
Statement:"
@user @user @user Chill this is depressing,No,"Determine whether the individual who made the following statement is at risk of anxiety or depression.
- Answer with either ""Yes"" or ""No"".
Statement:"
its a depressing day to be a madridista im going to bed,No,"Determine whether the individual who made the following statement is at risk of anxiety or depression.
- Answer with either ""Yes"" or ""No"".
Statement:"
Nothing gives me anxiety more than the tills at Aldi 😫,No,"Determine whether the individual who made the following statement is at risk of anxiety or depression.
- Answer with either ""Yes"" or ""No"".
Statement:"
anxious level: extreme,Yes,"Determine whether the individual who made the following statement is at risk of anxiety or depression.
- Answer with either ""Yes"" or ""No"".
Statement:"
"when you feel so sad, upset, worried and depressed with no reason .. what does that mean?",Yes,"Determine whether the individual who made the following statement is at risk of anxiety or depression.
- Answer with either ""Yes"" or ""No"".
Statement:"
I don't know which one is keeping me up at this point ... my depression or my anxiety 😩,Yes,"Determine whether the individual who made the following statement is at risk of anxiety or depression.
- Answer with either ""Yes"" or ""No"".
Statement:"
just one day without anxiety. please.,Yes,"Determine whether the individual who made the following statement is at risk of anxiety or depression.
- Answer with either ""Yes"" or ""No"".
Statement:"
@user I hate this cause people say oh well at least you have food. Like that stops depression or feeling sad/unhappy,Yes,"Determine whether the individual who made the following statement is at risk of anxiety or depression.
- Answer with either ""Yes"" or ""No"".
Statement:"
'Stressed and depressed',Yes,"Determine whether the individual who made the following statement is at risk of anxiety or depression.
- Answer with either ""Yes"" or ""No"".
Statement:"
@user anxiously awaiting for the cans to hit stores,No,"Determine whether the individual who made the following statement is at risk of anxiety or depression.
- Answer with either ""Yes"" or ""No"".
Statement:"
People who gone through depression. (long or short period. please dm me),No,"Determine whether the individual who made the following statement is at risk of anxiety or depression.
- Answer with either ""Yes"" or ""No"".
Statement:"
Wish I could cut this depression out of me,Yes,"Determine whether the individual who made the following statement is at risk of anxiety or depression.
- Answer with either ""Yes"" or ""No"".
Statement:"
"@user I've seen some minorly depressing episodes OF it, does that count?",No,"Determine whether the individual who made the following statement is at risk of anxiety or depression.
- Answer with either ""Yes"" or ""No"".
Statement:"
"Sure sex is good, but have you ever tried to sAy nO tO DePreSSiOn?",No,"Determine whether the individual who made the following statement is at risk of anxiety or depression.
- Answer with either ""Yes"" or ""No"".
Statement:"
depression really fucking sucks,Yes,"Determine whether the individual who made the following statement is at risk of anxiety or depression.
- Answer with either ""Yes"" or ""No"".
Statement:"
SEASON SIX GAVE ME DEPRESSION,Yes,"Determine whether the individual who made the following statement is at risk of anxiety or depression.
- Answer with either ""Yes"" or ""No"".
Statement:"
@user im depression,Yes,"Determine whether the individual who made the following statement is at risk of anxiety or depression.
- Answer with either ""Yes"" or ""No"".
Statement:"
"@user I agree with you. I also use fidgets, they've been invaluable to me in situations when I'm coping with high anxiety.",Yes,"Determine whether the individual who made the following statement is at risk of anxiety or depression.
- Answer with either ""Yes"" or ""No"".
Statement:"
When I look at my bank balance I just get anxiety...Lol aiy ja neh,No,"Determine whether the individual who made the following statement is at risk of anxiety or depression.
- Answer with either ""Yes"" or ""No"".
Statement:"
flighty sag placements make me anxioussss,No,"Determine whether the individual who made the following statement is at risk of anxiety or depression.
- Answer with either ""Yes"" or ""No"".
Statement:"
this bitch is feeling sad and depressed which got me feeling sad and depressed and now we crying together.. issa bonding moment,No,"Determine whether the individual who made the following statement is at risk of anxiety or depression.
- Answer with either ""Yes"" or ""No"".
Statement:"
"Aside from my depression &amp; grief, I had a pretty cool birthday 🤷🏾‍♀️",Yes,"Determine whether the individual who made the following statement is at risk of anxiety or depression.
- Answer with either ""Yes"" or ""No"".
Statement:"
My anxiety is bad for no reason at all. I feel like I'm gonna throw up like am I like this lmfao,Yes,"Determine whether the individual who made the following statement is at risk of anxiety or depression.
- Answer with either ""Yes"" or ""No"".
Statement:"
Hear go this bitch named Depression tryna creep up on me. Not tonight hoe,No,"Determine whether the individual who made the following statement is at risk of anxiety or depression.
- Answer with either ""Yes"" or ""No"".
Statement:"
@user my dear melancholy but like ... 1029382x more depressing,Yes,"Determine whether the individual who made the following statement is at risk of anxiety or depression.
- Answer with either ""Yes"" or ""No"".
Statement:"
depressed - edgy thot,Yes,"Determine whether the individual who made the following statement is at risk of anxiety or depression.
- Answer with either ""Yes"" or ""No"".
Statement:"
*anxiously refreshes Patreon*,No,"Determine whether the individual who made the following statement is at risk of anxiety or depression.
- Answer with either ""Yes"" or ""No"".
Statement:"
// Feeling down about stuffs.Anxiety probably.,Yes,"Determine whether the individual who made the following statement is at risk of anxiety or depression.
- Answer with either ""Yes"" or ""No"".
Statement:"
I'm so anxious for tomorrow,Yes,"Determine whether the individual who made the following statement is at risk of anxiety or depression.
- Answer with either ""Yes"" or ""No"".
Statement:"
"The more homework that a child receives, the more likely that child is to suffer from depression.",No,"Determine whether the individual who made the following statement is at risk of anxiety or depression.
- Answer with either ""Yes"" or ""No"".
Statement:"
@user Low key i wish my mom knew she had anxiety and that i inherited it. It could have helped majorly with my life,No,"Determine whether the individual who made the following statement is at risk of anxiety or depression.
- Answer with either ""Yes"" or ""No"".
Statement:"
The lack of a stylus with Super Mario Maker 2 is really depressing. Where you at @user,No,"Determine whether the individual who made the following statement is at risk of anxiety or depression.
- Answer with either ""Yes"" or ""No"".
Statement:"
Let me keep it 💯 most of my depression will calm down if I had money 💸💸💸 out the ass ...,Yes,"Determine whether the individual who made the following statement is at risk of anxiety or depression.
- Answer with either ""Yes"" or ""No"".
Statement:"
"yo so I stopped smoking, now I'm not depressed. Being sober is wild",No,"Determine whether the individual who made the following statement is at risk of anxiety or depression.
- Answer with either ""Yes"" or ""No"".
Statement:"
@user that was such a depressing period,No,"Determine whether the individual who made the following statement is at risk of anxiety or depression.
- Answer with either ""Yes"" or ""No"".
Statement:"
@user sometimes...........depression is the spark of genius,No,"Determine whether the individual who made the following statement is at risk of anxiety or depression.
- Answer with either ""Yes"" or ""No"".
Statement:"
@user couple of anxious teenagers,No,"Determine whether the individual who made the following statement is at risk of anxiety or depression.
- Answer with either ""Yes"" or ""No"".
Statement:"
I love that one of my supervisors let's me text her when I need switch shifts. Helps ease my anxiety lol.,Yes,"Determine whether the individual who made the following statement is at risk of anxiety or depression.
- Answer with either ""Yes"" or ""No"".
Statement:"
@user It's made me so depressed I can't stand it,Yes,"Determine whether the individual who made the following statement is at risk of anxiety or depression.
- Answer with either ""Yes"" or ""No"".
Statement:"
But the depression and anxiety stay the same,Yes,"Determine whether the individual who made the following statement is at risk of anxiety or depression.
- Answer with either ""Yes"" or ""No"".
Statement:"
Twitter typos depress me 😅,No,"Determine whether the individual who made the following statement is at risk of anxiety or depression.
- Answer with either ""Yes"" or ""No"".
Statement:"
Oof so apparently this is called anxiety,Yes,"Determine whether the individual who made the following statement is at risk of anxiety or depression.
- Answer with either ""Yes"" or ""No"".
Statement:"
I'm gonna be disconnected from the results of game five while heading home and oh god the anxiety 🥺,No,"Determine whether the individual who made the following statement is at risk of anxiety or depression.
- Answer with either ""Yes"" or ""No"".
Statement:"
@user Nooo. Dogs don't sweat like us. They'll end up getting extremely stressed out and anxious if kept in a hot box like that,No,"Determine whether the individual who made the following statement is at risk of anxiety or depression.
- Answer with either ""Yes"" or ""No"".
Statement:"
anxiety mfuckin again,Yes,"Determine whether the individual who made the following statement is at risk of anxiety or depression.
- Answer with either ""Yes"" or ""No"".
Statement:"
Well this is depressing.,No,"Determine whether the individual who made the following statement is at risk of anxiety or depression.
- Answer with either ""Yes"" or ""No"".
Statement:"
me: himy mom: oh good evening my depressed hoe,No,"Determine whether the individual who made the following statement is at risk of anxiety or depression.
- Answer with either ""Yes"" or ""No"".
Statement:"
"My anxiety has reached a new point where if something I'm watching is going badly, I get stressed out about it? Which is super weird.",Yes,"Determine whether the individual who made the following statement is at risk of anxiety or depression.
- Answer with either ""Yes"" or ""No"".
Statement:"
Anxiety is the worst,Yes,"Determine whether the individual who made the following statement is at risk of anxiety or depression.
- Answer with either ""Yes"" or ""No"".
Statement:"
"There is nothing men are so anxious to keep, and yet are so careless about, as life Jean de la Bruyère, Characters",No,"Determine whether the individual who made the following statement is at risk of anxiety or depression.
- Answer with either ""Yes"" or ""No"".
Statement:"
The post good ass weekend depression is real af,Yes,"Determine whether the individual who made the following statement is at risk of anxiety or depression.
- Answer with either ""Yes"" or ""No"".
Statement:"
Like I came here to see white teenagers wylin out. Not to be attacked with these depression hot takes @user,No,"Determine whether the individual who made the following statement is at risk of anxiety or depression.
- Answer with either ""Yes"" or ""No"".
Statement:"
me: i have anxietyperson:,Yes,"Determine whether the individual who made the following statement is at risk of anxiety or depression.
- Answer with either ""Yes"" or ""No"".
Statement:"
Does anyone get like random burst of anxiety cause their brain tell them their bf doesn't like them anymore?Just me? Cool,Yes,"Determine whether the individual who made the following statement is at risk of anxiety or depression.
- Answer with either ""Yes"" or ""No"".
Statement:"
did tess have like an episode of anxiety? anxiety attack? #SweetBitter,No,"Determine whether the individual who made the following statement is at risk of anxiety or depression.
- Answer with either ""Yes"" or ""No"".
Statement:"
"@user My life being a giant ball of stress and anxiety and my brain being a broken piece of shit, mostly",Yes,"Determine whether the individual who made the following statement is at risk of anxiety or depression.
- Answer with either ""Yes"" or ""No"".
Statement:"
@user Depressingly accurate!,No,"Determine whether the individual who made the following statement is at risk of anxiety or depression.
- Answer with either ""Yes"" or ""No"".
Statement:"
@user And I'm stunned and depressed it's that high.,Yes,"Determine whether the individual who made the following statement is at risk of anxiety or depression.
- Answer with either ""Yes"" or ""No"".
Statement:"
Being stuck in tk working almost everyday is depressing when everyone around you is traveling 🤦🏾‍♀️,No,"Determine whether the individual who made the following statement is at risk of anxiety or depression.
- Answer with either ""Yes"" or ""No"".
Statement:"
Some strange men just talked to us and they don't seem to understand personal space or social anxiety. I just wanna be home,Yes,"Determine whether the individual who made the following statement is at risk of anxiety or depression.
- Answer with either ""Yes"" or ""No"".
Statement:"
Honestly lucky to have my best mate when I go through depression he just listens and it's what I need 💕,Yes,"Determine whether the individual who made the following statement is at risk of anxiety or depression.
- Answer with either ""Yes"" or ""No"".
Statement:"
Stop confusing your nerves with anxiety. So many of y'all need to learn this,No,"Determine whether the individual who made the following statement is at risk of anxiety or depression.
- Answer with either ""Yes"" or ""No"".
Statement:"
@user @user @user This thread is giving me anxiety.,No,"Determine whether the individual who made the following statement is at risk of anxiety or depression.
- Answer with either ""Yes"" or ""No"".
Statement:"
"@user autumn here is just,, rain and dirt everywhere and depressing clouds krgrtwrzmzt i like spring more sorry",No,"Determine whether the individual who made the following statement is at risk of anxiety or depression.
- Answer with either ""Yes"" or ""No"".
Statement:"
For awareness... do you struggle with anxiety &amp; or panic attacks?,No,"Determine whether the individual who made the following statement is at risk of anxiety or depression.
- Answer with either ""Yes"" or ""No"".
Statement:"
"will MORE than likely try to stream today. Will keep ya updated, slept in and having extreme anxiety, hopefully a stream can happen.",No,"Determine whether the individual who made the following statement is at risk of anxiety or depression.
- Answer with either ""Yes"" or ""No"".
Statement:"
Anxiety and coffee does not mix well together 😣😣,Yes,"Determine whether the individual who made the following statement is at risk of anxiety or depression.
- Answer with either ""Yes"" or ""No"".
Statement:"
my life is just me trying to say something about how depressed and sad i feel all the time while being convinced nobody needs that kinda bs,No,"Determine whether the individual who made the following statement is at risk of anxiety or depression.
- Answer with either ""Yes"" or ""No"".
Statement:"
Sure! I also remember being anxious about being asked about the criminal am nerve of Grassi!,No,"Determine whether the individual who made the following statement is at risk of anxiety or depression.
- Answer with either ""Yes"" or ""No"".
Statement:"
"I don't care , i am not depressed I didn't even cry or got a tear in my face because i know i have to survive all of this to be happy",No,"Determine whether the individual who made the following statement is at risk of anxiety or depression.
- Answer with either ""Yes"" or ""No"".
Statement:"
@user Did you listen to like all of big pink loser or just like I'm depressed or bands up,No,"Determine whether the individual who made the following statement is at risk of anxiety or depression.
- Answer with either ""Yes"" or ""No"".
Statement:"
@user @user @user Anxiously waiting!,No,"Determine whether the individual who made the following statement is at risk of anxiety or depression.
- Answer with either ""Yes"" or ""No"".
Statement:"
28 hours since sleep and I'm feeling very very very very very very anxious,Yes,"Determine whether the individual who made the following statement is at risk of anxiety or depression.
- Answer with either ""Yes"" or ""No"".
Statement:"
@user Anxiety labda but anyways ukipata wawili just push the other over here but for the time being  ....♥,No,"Determine whether the individual who made the following statement is at risk of anxiety or depression.
- Answer with either ""Yes"" or ""No"".
Statement:"
I'm glad some of y'alls depression is going away!!,No,"Determine whether the individual who made the following statement is at risk of anxiety or depression.
- Answer with either ""Yes"" or ""No"".
Statement:"
I know it's a constant post. I have anxiety now. It's too much for me physically to deal with.,Yes,"Determine whether the individual who made the following statement is at risk of anxiety or depression.
- Answer with either ""Yes"" or ""No"".
Statement:"
Taking practice tests for my boards gives me SO much anxiety.,Yes,"Determine whether the individual who made the following statement is at risk of anxiety or depression.
- Answer with either ""Yes"" or ""No"".
Statement:"
anxiety attack begins,Yes,"Determine whether the individual who made the following statement is at risk of anxiety or depression.
- Answer with either ""Yes"" or ""No"".
Statement:"
I will be forever depressed if Senegal doesn't  go through 😭,No,"Determine whether the individual who made the following statement is at risk of anxiety or depression.
- Answer with either ""Yes"" or ""No"".
Statement:"
Hate waking up to an anxiety attack,Yes,"Determine whether the individual who made the following statement is at risk of anxiety or depression.
- Answer with either ""Yes"" or ""No"".
Statement:"
I feel like my depressing days r coming again so yeah.. i dont even know what/who's the trigger but i can feel it in my veins,Yes,"Determine whether the individual who made the following statement is at risk of anxiety or depression.
- Answer with either ""Yes"" or ""No"".
Statement:"
i just remember i got paid time to dump money to get rid of my depression,Yes,"Determine whether the individual who made the following statement is at risk of anxiety or depression.
- Answer with either ""Yes"" or ""No"".
Statement:"
"@user @user yeh, uh, unless you wanna deal with my anxiety ridden self then sure 😆",Yes,"Determine whether the individual who made the following statement is at risk of anxiety or depression.
- Answer with either ""Yes"" or ""No"".
Statement:"
"If @user hasn't made a cover of 'The Best' by Bonnie Tyler/Tina Turner, as 'I'm simply depressed', someone should!",Yes,"Determine whether the individual who made the following statement is at risk of anxiety or depression.
- Answer with either ""Yes"" or ""No"".
Statement:"
Why do i get the anxiety at night 🤦🏻‍♀️,Yes,"Determine whether the individual who made the following statement is at risk of anxiety or depression.
- Answer with either ""Yes"" or ""No"".
Statement:"
it's actually so depressing coming back home from a holiday,No,"Determine whether the individual who made the following statement is at risk of anxiety or depression.
- Answer with either ""Yes"" or ""No"".
Statement:"
and i'm depressed again.. love that.,Yes,"Determine whether the individual who made the following statement is at risk of anxiety or depression.
- Answer with either ""Yes"" or ""No"".
Statement:"
respiratory depression be my god,No,"Determine whether the individual who made the following statement is at risk of anxiety or depression.
- Answer with either ""Yes"" or ""No"".
Statement:"
People will pretend to anxiety and/or depression on social media for likes and that's fucking disgusting. 🙄,No,"Determine whether the individual who made the following statement is at risk of anxiety or depression.
- Answer with either ""Yes"" or ""No"".
Statement:"
Sundays suck.Tooo anxious to sleep.Perfect.,Yes,"Determine whether the individual who made the following statement is at risk of anxiety or depression.
- Answer with either ""Yes"" or ""No"".
Statement:"
my first foray into writing simon/markus: Simon is a depressed old man and Markus is his manic pixie dream twink.,No,"Determine whether the individual who made the following statement is at risk of anxiety or depression.
- Answer with either ""Yes"" or ""No"".
Statement:"
Depressed shit 😉,Yes,"Determine whether the individual who made the following statement is at risk of anxiety or depression.
- Answer with either ""Yes"" or ""No"".
Statement:"
Life is depressing but at least there's hentai and coffee.,No,"Determine whether the individual who made the following statement is at risk of anxiety or depression.
- Answer with either ""Yes"" or ""No"".
Statement:"
going to attempt at least to change this sour mood. It's mainly just a sense of loneliness which results in feelings of depression,Yes,"Determine whether the individual who made the following statement is at risk of anxiety or depression.
- Answer with either ""Yes"" or ""No"".
Statement:"
Lol y'all falsely romanticize depression and mental breakdowns and loneliness like that shit is a cool trend. 🚮🚮🚮,No,"Determine whether the individual who made the following statement is at risk of anxiety or depression.
- Answer with either ""Yes"" or ""No"".
Statement:"
@user The anxiety is real,Yes,"Determine whether the individual who made the following statement is at risk of anxiety or depression.
- Answer with either ""Yes"" or ""No"".
Statement:"
A depressed thot?!?...I feel seen.,Yes,"Determine whether the individual who made the following statement is at risk of anxiety or depression.
- Answer with either ""Yes"" or ""No"".
Statement:"
"Drivers have also gone through drug rehabilitation. However, depression is something a little different.",No,"Determine whether the individual who made the following statement is at risk of anxiety or depression.
- Answer with either ""Yes"" or ""No"".
Statement:"
And when you said manic depression's a frustrated mess,Yes,"Determine whether the individual who made the following statement is at risk of anxiety or depression.
- Answer with either ""Yes"" or ""No"".
Statement:"
@user same they bully me and i blame them for having depression now and being socially awkward,Yes,"Determine whether the individual who made the following statement is at risk of anxiety or depression.
- Answer with either ""Yes"" or ""No"".
Statement:"
The amount of anxiety I've been having the past couple days is insane.,Yes,"Determine whether the individual who made the following statement is at risk of anxiety or depression.
- Answer with either ""Yes"" or ""No"".
Statement:"
I FUCJING HATE ANXIETY,Yes,"Determine whether the individual who made the following statement is at risk of anxiety or depression.
- Answer with either ""Yes"" or ""No"".
Statement:"
"hi really bad depression that I was in 5 years ago, I'm back.",No,"Determine whether the individual who made the following statement is at risk of anxiety or depression.
- Answer with either ""Yes"" or ""No"".
Statement:"
@user @user This gave me so much anxiety,Yes,"Determine whether the individual who made the following statement is at risk of anxiety or depression.
- Answer with either ""Yes"" or ""No"".
Statement:"
This bitter cold and now scare that we are all going to run out of natural gas is giving me anxiety.,Yes,"Determine whether the individual who made the following statement is at risk of anxiety or depression.
- Answer with either ""Yes"" or ""No"".
Statement:"
Depression is not taken serious enough.,No,"Determine whether the individual who made the following statement is at risk of anxiety or depression.
- Answer with either ""Yes"" or ""No"".
Statement:"
i get so anxious when buying christmas presents for claudia i want to tell her literally the second i buy it 😂😩,No,"Determine whether the individual who made the following statement is at risk of anxiety or depression.
- Answer with either ""Yes"" or ""No"".
Statement:"
Thread: There is nothing more depressing than listening to my grandparent's conversation at breakfast.,No,"Determine whether the individual who made the following statement is at risk of anxiety or depression.
- Answer with either ""Yes"" or ""No"".
Statement:"
i'm sorry for so many depressing tweets lately i just feel like i have to put my thoughts somewhere,Yes,"Determine whether the individual who made the following statement is at risk of anxiety or depression.
- Answer with either ""Yes"" or ""No"".
Statement:"
Nothing diminishes anxiety faster than action. —Walter Anderson via @user,No,"Determine whether the individual who made the following statement is at risk of anxiety or depression.
- Answer with either ""Yes"" or ""No"".
Statement:"
@user This current administration is the cause of a lot of people I know feeling deeply depressed.,No,"Determine whether the individual who made the following statement is at risk of anxiety or depression.
- Answer with either ""Yes"" or ""No"".
Statement:"
it's the last full week ragan is here before college starts i'm depressed,No,"Determine whether the individual who made the following statement is at risk of anxiety or depression.
- Answer with either ""Yes"" or ""No"".
Statement:"
I can't look when they start tattooing my anxiety goes OFF when they turn the machine on,Yes,"Determine whether the individual who made the following statement is at risk of anxiety or depression.
- Answer with either ""Yes"" or ""No"".
Statement:"
No time to be depressed i got personal works to do haha,No,"Determine whether the individual who made the following statement is at risk of anxiety or depression.
- Answer with either ""Yes"" or ""No"".
Statement:"
"im not happy - in fact i feel miserable, anxious, lonely and horrible. all the time.",Yes,"Determine whether the individual who made the following statement is at risk of anxiety or depression.
- Answer with either ""Yes"" or ""No"".
Statement:"
Why am I so scared to kill myself? I wish I could just bring myself to do it already... 🥀#Depression #Suicidal,Yes,"Determine whether the individual who made the following statement is at risk of anxiety or depression.
- Answer with either ""Yes"" or ""No"".
Statement:"
More depressed than I could have thought I'd ever get again. I miss both my girls soooo much man..,Yes,"Determine whether the individual who made the following statement is at risk of anxiety or depression.
- Answer with either ""Yes"" or ""No"".
Statement:"
@user O please let's go! I'm 62&amp; so anxious 4 ERA  2PASS ON TRUMPS WATCHIMAGINE,No,"Determine whether the individual who made the following statement is at risk of anxiety or depression.
- Answer with either ""Yes"" or ""No"".
Statement:"
i wish i dont have to be anxious whenever im with people,Yes,"Determine whether the individual who made the following statement is at risk of anxiety or depression.
- Answer with either ""Yes"" or ""No"".
Statement:"
Magstop kana ate u r giving me anxiety,No,"Determine whether the individual who made the following statement is at risk of anxiety or depression.
- Answer with either ""Yes"" or ""No"".
Statement:"
@user Are*  frustration* jealousy* Depression*,No,"Determine whether the individual who made the following statement is at risk of anxiety or depression.
- Answer with either ""Yes"" or ""No"".
Statement:"
My mom spent 160 dollars on two water jugs... lol and people wonder why I'm so depressed,Yes,"Determine whether the individual who made the following statement is at risk of anxiety or depression.
- Answer with either ""Yes"" or ""No"".
Statement:"
@user Watch  Tom &amp; Jerry  continue 2 hr 100% your depression finish 👌👍🙂🙂🤗 ager nehi tu paise wapis,No,"Determine whether the individual who made the following statement is at risk of anxiety or depression.
- Answer with either ""Yes"" or ""No"".
Statement:"
"i dug myself out of depression, this glow is personal baby",No,"Determine whether the individual who made the following statement is at risk of anxiety or depression.
- Answer with either ""Yes"" or ""No"".
Statement:"
My oc is supertalented to be horny and depressed at the same time,No,"Determine whether the individual who made the following statement is at risk of anxiety or depression.
- Answer with either ""Yes"" or ""No"".
Statement:"
"me vs anxiety, depression, ednos, borderline personailty disorder, bipolar",Yes,"Determine whether the individual who made the following statement is at risk of anxiety or depression.
- Answer with either ""Yes"" or ""No"".
Statement:"
when i send a risky text i always hide the person's alerts idk why but it makes me feel less anxious,No,"Determine whether the individual who made the following statement is at risk of anxiety or depression.
- Answer with either ""Yes"" or ""No"".
Statement:"
anxietyrestlessness uncertainty insomniaexhaustion painis depression even not an option ??,Yes,"Determine whether the individual who made the following statement is at risk of anxiety or depression.
- Answer with either ""Yes"" or ""No"".
Statement:"
"I been feeling really depressed lately, can someone gift me a cold cut platter ?? 😭",Yes,"Determine whether the individual who made the following statement is at risk of anxiety or depression.
- Answer with either ""Yes"" or ""No"".
Statement:"
im depressed is the game fucking DEAD now? Why tf NINTENDO ACTING LIKE ITS OVER FOREVER BITCH STOP BEIN DRAMATIC,No,"Determine whether the individual who made the following statement is at risk of anxiety or depression.
- Answer with either ""Yes"" or ""No"".
Statement:"
i'm on my first train home and i was so anxious but everything has gone pretty well so far and i'm proud of myself,No,"Determine whether the individual who made the following statement is at risk of anxiety or depression.
- Answer with either ""Yes"" or ""No"".
Statement:"
"@user Take all that anxiety you have, and shove it in a fuck barrel.",No,"Determine whether the individual who made the following statement is at risk of anxiety or depression.
- Answer with either ""Yes"" or ""No"".
Statement:"
Does anyone else's get summer depression. This heat actually makes me miserable,No,"Determine whether the individual who made the following statement is at risk of anxiety or depression.
- Answer with either ""Yes"" or ""No"".
Statement:"
My friends are the cause of my anxiety levels going thru the fucking roof,Yes,"Determine whether the individual who made the following statement is at risk of anxiety or depression.
- Answer with either ""Yes"" or ""No"".
Statement:"
"No, I'm in a constant state of depression",Yes,"Determine whether the individual who made the following statement is at risk of anxiety or depression.
- Answer with either ""Yes"" or ""No"".
Statement:"
@user It's anxiety,Yes,"Determine whether the individual who made the following statement is at risk of anxiety or depression.
- Answer with either ""Yes"" or ""No"".
Statement:"
ok my mum is going to kill me bc i spent 600+ on shoes this month LOL BUT I finally bought the golf le fleurs!!!! my depression is cured,No,"Determine whether the individual who made the following statement is at risk of anxiety or depression.
- Answer with either ""Yes"" or ""No"".
Statement:"
will I ever have a job that doesn't fill me with massive anxiety lol,No,"Determine whether the individual who made the following statement is at risk of anxiety or depression.
- Answer with either ""Yes"" or ""No"".
Statement:"
How do we change the stereotype that depression is an illness that solely effects white people? #RealGoboza,No,"Determine whether the individual who made the following statement is at risk of anxiety or depression.
- Answer with either ""Yes"" or ""No"".
Statement:"
@user we depressed over here ok,Yes,"Determine whether the individual who made the following statement is at risk of anxiety or depression.
- Answer with either ""Yes"" or ""No"".
Statement:"
It's pretty sad when you get anxiety about making a therapy appointment to talk about your anxiety. 😬,Yes,"Determine whether the individual who made the following statement is at risk of anxiety or depression.
- Answer with either ""Yes"" or ""No"".
Statement:"
my anxiety has been so high these past 7/8 days it's just too much i can't function,Yes,"Determine whether the individual who made the following statement is at risk of anxiety or depression.
- Answer with either ""Yes"" or ""No"".
Statement:"
i call dibs on the stone that absolves my ever-increasing crippling anxiety,Yes,"Determine whether the individual who made the following statement is at risk of anxiety or depression.
- Answer with either ""Yes"" or ""No"".
Statement:"
"So my depression thinks that it has everything all figured out.  Now really, how can that possibly be true?  Ok then self, just be HOPEful!",Yes,"Determine whether the individual who made the following statement is at risk of anxiety or depression.
- Answer with either ""Yes"" or ""No"".
Statement:"
Someone convince me to go to WrestleMania next year and not let my stupid anxiety get in the way!!! :(,No,"Determine whether the individual who made the following statement is at risk of anxiety or depression.
- Answer with either ""Yes"" or ""No"".
Statement:"
Study shows 30% of teens with T1D have depressive symptoms! This disease is hard on our kids.,No,"Determine whether the individual who made the following statement is at risk of anxiety or depression.
- Answer with either ""Yes"" or ""No"".
Statement:"
*uses caffeine as an antidepressant*,No,"Determine whether the individual who made the following statement is at risk of anxiety or depression.
- Answer with either ""Yes"" or ""No"".
Statement:"
im all alone and depressed,Yes,"Determine whether the individual who made the following statement is at risk of anxiety or depression.
- Answer with either ""Yes"" or ""No"".
Statement:"
"@user Omg, I'm anxious",Yes,"Determine whether the individual who made the following statement is at risk of anxiety or depression.
- Answer with either ""Yes"" or ""No"".
Statement:"
@user dont worry about it we all have anxiety you'll get it eventually,Yes,"Determine whether the individual who made the following statement is at risk of anxiety or depression.
- Answer with either ""Yes"" or ""No"".
Statement:"
this cured my depression for 2.6 seconds,Yes,"Determine whether the individual who made the following statement is at risk of anxiety or depression.
- Answer with either ""Yes"" or ""No"".
Statement:"
good load of anxiety just now,Yes,"Determine whether the individual who made the following statement is at risk of anxiety or depression.
- Answer with either ""Yes"" or ""No"".
Statement:"
My pet fishes seem to have separation anxiety from my dad and his loud jamaican voice. Everytime he goes on vacation atleast one of them die,No,"Determine whether the individual who made the following statement is at risk of anxiety or depression.
- Answer with either ""Yes"" or ""No"".
Statement:"
the tl has been depressing today i hope everyone has a better day tomorrow goodnight!,No,"Determine whether the individual who made the following statement is at risk of anxiety or depression.
- Answer with either ""Yes"" or ""No"".
Statement:"
i drank half an iced coffee and I went home and have been in bed for two hours because I'm too anxious to do anything,Yes,"Determine whether the individual who made the following statement is at risk of anxiety or depression.
- Answer with either ""Yes"" or ""No"".
Statement:"
"When the depression, anxiety and depersonalization disorder combo kicks in, it really kicks in",Yes,"Determine whether the individual who made the following statement is at risk of anxiety or depression.
- Answer with either ""Yes"" or ""No"".
Statement:"
"Today, woke up to blessings on blessings. It's the small reminder my anxiety needed 👏🏽🙏🏽🙌🏽",No,"Determine whether the individual who made the following statement is at risk of anxiety or depression.
- Answer with either ""Yes"" or ""No"".
Statement:"
So much for self care and relaxation. Anxiety up the ass 😖,Yes,"Determine whether the individual who made the following statement is at risk of anxiety or depression.
- Answer with either ""Yes"" or ""No"".
Statement:"
@user I'm a depressed piece of shit 👺🤪,Yes,"Determine whether the individual who made the following statement is at risk of anxiety or depression.
- Answer with either ""Yes"" or ""No"".
Statement:"
jus wanted to say that spamming me makes me rly rly anxious so i would appreciate if u wouldnt do that ^__^,No,"Determine whether the individual who made the following statement is at risk of anxiety or depression.
- Answer with either ""Yes"" or ""No"".
Statement:"
Wow I forget how anxious I get in new settings with a bunch of people I don't know,Yes,"Determine whether the individual who made the following statement is at risk of anxiety or depression.
- Answer with either ""Yes"" or ""No"".
Statement:"
Chicago traffic gives me fucking anxiety,No,"Determine whether the individual who made the following statement is at risk of anxiety or depression.
- Answer with either ""Yes"" or ""No"".
Statement:"
No one:My friend: your social anxiety is so bad,Yes,"Determine whether the individual who made the following statement is at risk of anxiety or depression.
- Answer with either ""Yes"" or ""No"".
Statement:"
i hate random sad days. Having a heavy heart and an anxious mind is the worst,Yes,"Determine whether the individual who made the following statement is at risk of anxiety or depression.
- Answer with either ""Yes"" or ""No"".
Statement:"
My anxiety is out the roof,Yes,"Determine whether the individual who made the following statement is at risk of anxiety or depression.
- Answer with either ""Yes"" or ""No"".
Statement:"
I'm so anxious I feel sick,Yes,"Determine whether the individual who made the following statement is at risk of anxiety or depression.
- Answer with either ""Yes"" or ""No"".
Statement:"
"Depression doesn't show in pictures,because your friends post nice pictures doesn't mean they're doing well...Check on people🙏🏾",No,"Determine whether the individual who made the following statement is at risk of anxiety or depression.
- Answer with either ""Yes"" or ""No"".
Statement:"
Anxiety just hit me so hard,Yes,"Determine whether the individual who made the following statement is at risk of anxiety or depression.
- Answer with either ""Yes"" or ""No"".
Statement:"
My anxiety has fucked me up like a million times and here it goes again fucking me up.,Yes,"Determine whether the individual who made the following statement is at risk of anxiety or depression.
- Answer with either ""Yes"" or ""No"".
Statement:"
Wow I'm having such an awful anxiety attack Rn holy shit,Yes,"Determine whether the individual who made the following statement is at risk of anxiety or depression.
- Answer with either ""Yes"" or ""No"".
Statement:"
People keep subtweeting me &amp; giving me all this anxiety &amp; for what? Please tell me what did I ever do to make you do such a thing?😔,No,"Determine whether the individual who made the following statement is at risk of anxiety or depression.
- Answer with either ""Yes"" or ""No"".
Statement:"
I hate anxiety. Haven't eaten all damn day,Yes,"Determine whether the individual who made the following statement is at risk of anxiety or depression.
- Answer with either ""Yes"" or ""No"".
Statement:"
Anxiety at night is the WORST,Yes,"Determine whether the individual who made the following statement is at risk of anxiety or depression.
- Answer with either ""Yes"" or ""No"".
Statement:"
my irl caught me checking cals on a bag of popcorn and my anxiety is thru the roof,Yes,"Determine whether the individual who made the following statement is at risk of anxiety or depression.
- Answer with either ""Yes"" or ""No"".
Statement:"
@user I'm depressed. Can't watch that horrifying scene😭😭😭,No,"Determine whether the individual who made the following statement is at risk of anxiety or depression.
- Answer with either ""Yes"" or ""No"".
Statement:"
Depressed me and the positive changes I made while I was feeling better,No,"Determine whether the individual who made the following statement is at risk of anxiety or depression.
- Answer with either ""Yes"" or ""No"".
Statement:"
@user I hope so too ;-; I have a feeling I am probably panicking over nothing but I always do this because of how anxious I get &gt;.&lt;;,No,"Determine whether the individual who made the following statement is at risk of anxiety or depression.
- Answer with either ""Yes"" or ""No"".
Statement:"
I just had one of the worst anxiety attacks I've had in a cool min what's uppppp 🤪,Yes,"Determine whether the individual who made the following statement is at risk of anxiety or depression.
- Answer with either ""Yes"" or ""No"".
Statement:"
can't be an afuly. can't do it. not just yet. idc if i'm almost 19. too much anxiety. im gonna kms. it's a no for me,Yes,"Determine whether the individual who made the following statement is at risk of anxiety or depression.
- Answer with either ""Yes"" or ""No"".
Statement:"
"I'm emotionally, physically and mentally depressed so please forgive me if I'm not the same person.",Yes,"Determine whether the individual who made the following statement is at risk of anxiety or depression.
- Answer with either ""Yes"" or ""No"".
Statement:"
@user Truly am anxious about it lol I will soon though 😂,No,"Determine whether the individual who made the following statement is at risk of anxiety or depression.
- Answer with either ""Yes"" or ""No"".
Statement:"
guess who has a bucket load of anxiety on this fine morning,Yes,"Determine whether the individual who made the following statement is at risk of anxiety or depression.
- Answer with either ""Yes"" or ""No"".
Statement:"
Twitter is just A depression site foh ugly people like me.. :/,No,"Determine whether the individual who made the following statement is at risk of anxiety or depression.
- Answer with either ""Yes"" or ""No"".
Statement:"
What cures my depression? Baby Zia's small long hugs and l'amour de ma famille 💕,Yes,"Determine whether the individual who made the following statement is at risk of anxiety or depression.
- Answer with either ""Yes"" or ""No"".
Statement:"
@user @user @user @user this looks like another depressing read - thank you for the heads up,No,"Determine whether the individual who made the following statement is at risk of anxiety or depression.
- Answer with either ""Yes"" or ""No"".
Statement:"
I give myself anxiety,Yes,"Determine whether the individual who made the following statement is at risk of anxiety or depression.
- Answer with either ""Yes"" or ""No"".
Statement:"
i am sososososso anxious rn. literally about to cry and i keep shaking and i have no clue why i feel like this. ?? like wtf is wrong w me,Yes,"Determine whether the individual who made the following statement is at risk of anxiety or depression.
- Answer with either ""Yes"" or ""No"".
Statement:"
@user i actually have anxiety.,Yes,"Determine whether the individual who made the following statement is at risk of anxiety or depression.
- Answer with either ""Yes"" or ""No"".
Statement:"
"Moved to Manipal today for further studies. Even after 5 years of hostel experience, new places and new people kick in a lot of anxiety.",Yes,"Determine whether the individual who made the following statement is at risk of anxiety or depression.
- Answer with either ""Yes"" or ""No"".
Statement:"
Sending my mom lighthearted depression memes when I'm in a depressive episode is a mood,Yes,"Determine whether the individual who made the following statement is at risk of anxiety or depression.
- Answer with either ""Yes"" or ""No"".
Statement:"
"jan. 2nd — 'my breakouts really bring out the, uh... depressed bitch who doesn't wash her face.'",No,"Determine whether the individual who made the following statement is at risk of anxiety or depression.
- Answer with either ""Yes"" or ""No"".
Statement:"
i literally feel left out every day im  so depressed,Yes,"Determine whether the individual who made the following statement is at risk of anxiety or depression.
- Answer with either ""Yes"" or ""No"".
Statement:"
Curse you anxiety. Why do you only manifest yourself at night with nausea and disrupt my sleep 😭😭😭,Yes,"Determine whether the individual who made the following statement is at risk of anxiety or depression.
- Answer with either ""Yes"" or ""No"".
Statement:"
"Remember Chavez was against illegal immigration, because it depressed wages of his workers.  #LaborDayWeekend2018",No,"Determine whether the individual who made the following statement is at risk of anxiety or depression.
- Answer with either ""Yes"" or ""No"".
Statement:"
Imagine being hospitalised because of anxiety,No,"Determine whether the individual who made the following statement is at risk of anxiety or depression.
- Answer with either ""Yes"" or ""No"".
Statement:"
Having depression feels like the only way to fix having it is isolating yourself from the world.,Yes,"Determine whether the individual who made the following statement is at risk of anxiety or depression.
- Answer with either ""Yes"" or ""No"".
Statement:"
"@user I swear.. She responded like she's emotionally depressed.. She needs a man, but she no go gree 😂",No,"Determine whether the individual who made the following statement is at risk of anxiety or depression.
- Answer with either ""Yes"" or ""No"".
Statement:"
okay can y'all stop speaking on shit u don't understand aka : social anxiety,Yes,"Determine whether the individual who made the following statement is at risk of anxiety or depression.
- Answer with either ""Yes"" or ""No"".
Statement:"
i hate it when people use the term 'nagdedepress-depressan'... can u pls explain to me why i would want to pretend to be unhappy????? 😐🙃,Yes,"Determine whether the individual who made the following statement is at risk of anxiety or depression.
- Answer with either ""Yes"" or ""No"".
Statement:"
"Nice guys knew this, but the fact that it's been scientifically proven is depressing😭😭",No,"Determine whether the individual who made the following statement is at risk of anxiety or depression.
- Answer with either ""Yes"" or ""No"".
Statement:"
"i cut it off when i was like, peak manic depressive. what a wild ride this year has been!",No,"Determine whether the individual who made the following statement is at risk of anxiety or depression.
- Answer with either ""Yes"" or ""No"".
Statement:"
@user another anxiety chat any time soon? 😘🙏🏼,No,"Determine whether the individual who made the following statement is at risk of anxiety or depression.
- Answer with either ""Yes"" or ""No"".
Statement:"
Arsenal fans all depressed that they lost today wait till Saturday y'all gonna be big sad,No,"Determine whether the individual who made the following statement is at risk of anxiety or depression.
- Answer with either ""Yes"" or ""No"".
Statement:"
@user @user @user Anxiously awaiting your review.,No,"Determine whether the individual who made the following statement is at risk of anxiety or depression.
- Answer with either ""Yes"" or ""No"".
Statement:"
"My dream significant other has three eyes, a dog in their tinder bio, and anxiety.",No,"Determine whether the individual who made the following statement is at risk of anxiety or depression.
- Answer with either ""Yes"" or ""No"".
Statement:"
I really just need reassurance and someone to hold me bc overthinking really has me feeling anxious n scared wtf,Yes,"Determine whether the individual who made the following statement is at risk of anxiety or depression.
- Answer with either ""Yes"" or ""No"".
Statement:"
"So they're now just 30+ &amp; depressed because of the cultural pressure to marry. Once you go black , YOU CANT go back 💀",No,"Determine whether the individual who made the following statement is at risk of anxiety or depression.
- Answer with either ""Yes"" or ""No"".
Statement:"
wow my supervisor was soooooo chill about my session....... lol i legit had anxiety.,Yes,"Determine whether the individual who made the following statement is at risk of anxiety or depression.
- Answer with either ""Yes"" or ""No"".
Statement:"
i'm anxious as fuck,Yes,"Determine whether the individual who made the following statement is at risk of anxiety or depression.
- Answer with either ""Yes"" or ""No"".
Statement:"
OH MY GODTELL ME WHO IS THIS PERSONOZKSOKAXOAK I'M CURIOUS AND ANXIOUS ABOUT THAT,No,"Determine whether the individual who made the following statement is at risk of anxiety or depression.
- Answer with either ""Yes"" or ""No"".
Statement:"
Seasonal depression is real!,Yes,"Determine whether the individual who made the following statement is at risk of anxiety or depression.
- Answer with either ""Yes"" or ""No"".
Statement:"
Stoned and depressed a very scary place to be,Yes,"Determine whether the individual who made the following statement is at risk of anxiety or depression.
- Answer with either ""Yes"" or ""No"".
Statement:"
Depression is more tiring than work 😩😢😭,Yes,"Determine whether the individual who made the following statement is at risk of anxiety or depression.
- Answer with either ""Yes"" or ""No"".
Statement:"
My anxiety level is above the maximum limit right now. 😭🙀,Yes,"Determine whether the individual who made the following statement is at risk of anxiety or depression.
- Answer with either ""Yes"" or ""No"".
Statement:"
Anxiety is through the roof today.,Yes,"Determine whether the individual who made the following statement is at risk of anxiety or depression.
- Answer with either ""Yes"" or ""No"".
Statement:"
"@user my plethora of memes is not that large, it's mainly depressive shit;;;",No,"Determine whether the individual who made the following statement is at risk of anxiety or depression.
- Answer with either ""Yes"" or ""No"".
Statement:"
@user @user I find yoga classes great for meeting people who are really open which helps with any anxiety,No,"Determine whether the individual who made the following statement is at risk of anxiety or depression.
- Answer with either ""Yes"" or ""No"".
Statement:"
Gotta love that depression and anxiety that makes you feel like throwing up.,No,"Determine whether the individual who made the following statement is at risk of anxiety or depression.
- Answer with either ""Yes"" or ""No"".
Statement:"
@user You can see the guilt anxiety 20 miles away,No,"Determine whether the individual who made the following statement is at risk of anxiety or depression.
- Answer with either ""Yes"" or ""No"".
Statement:"
am i born with it or is it my anxiety,Yes,"Determine whether the individual who made the following statement is at risk of anxiety or depression.
- Answer with either ""Yes"" or ""No"".
Statement:"
My anxiety! #GameOfThornes - how many tears will i shed ?,No,"Determine whether the individual who made the following statement is at risk of anxiety or depression.
- Answer with either ""Yes"" or ""No"".
Statement:"
I don't sleep much at all now. My anxiety is super bad but I'm still not getting high like I was.,Yes,"Determine whether the individual who made the following statement is at risk of anxiety or depression.
- Answer with either ""Yes"" or ""No"".
Statement:"
Stressed and depressed x1000 lol,Yes,"Determine whether the individual who made the following statement is at risk of anxiety or depression.
- Answer with either ""Yes"" or ""No"".
Statement:"
"Anxiety sucks. I know I look hella cute in this outfit, but I still worry about what other people think.",Yes,"Determine whether the individual who made the following statement is at risk of anxiety or depression.
- Answer with either ""Yes"" or ""No"".
Statement:"
can we talk about how hard it is to stay positive while also growing up? this shit is just depressing and disappointing,No,"Determine whether the individual who made the following statement is at risk of anxiety or depression.
- Answer with either ""Yes"" or ""No"".
Statement:"
The streets of England are quiet. This is depressing.,Yes,"Determine whether the individual who made the following statement is at risk of anxiety or depression.
- Answer with either ""Yes"" or ""No"".
Statement:"
@user Oh wow!!! lol that's depressing on this end,No,"Determine whether the individual who made the following statement is at risk of anxiety or depression.
- Answer with either ""Yes"" or ""No"".
Statement:"
This gives me anxiety😶,No,"Determine whether the individual who made the following statement is at risk of anxiety or depression.
- Answer with either ""Yes"" or ""No"".
Statement:"
feel like i'm never gone escape this depression shit.,Yes,"Determine whether the individual who made the following statement is at risk of anxiety or depression.
- Answer with either ""Yes"" or ""No"".
Statement:"
*screeching* wHy tHe FuCK!!! do i have anxiety!!! nothing is happening!!!!!!!!!!!!!!!!!!!!!!!!!!!!!!!!,Yes,"Determine whether the individual who made the following statement is at risk of anxiety or depression.
- Answer with either ""Yes"" or ""No"".
Statement:"
luv getting to a doctors appt early but having to wait 15+ mins my anxiety is so bad rn,No,"Determine whether the individual who made the following statement is at risk of anxiety or depression.
- Answer with either ""Yes"" or ""No"".
Statement:"
@user 🐰 // CHRONO WOULD BE SO DEPRESSED,No,"Determine whether the individual who made the following statement is at risk of anxiety or depression.
- Answer with either ""Yes"" or ""No"".
Statement:"
Cutting back caffeine can help #reduceanxiety and #irritability.,No,"Determine whether the individual who made the following statement is at risk of anxiety or depression.
- Answer with either ""Yes"" or ""No"".
Statement:"
My anxiety is so bad that I get nervous to hang up a phone call first after we both say bye lmao,Yes,"Determine whether the individual who made the following statement is at risk of anxiety or depression.
- Answer with either ""Yes"" or ""No"".
Statement:"
We're getting inspected by the state at work this week and my anxiety is already through the roof and I'm at home,No,"Determine whether the individual who made the following statement is at risk of anxiety or depression.
- Answer with either ""Yes"" or ""No"".
Statement:"
"LRT someone took something I was selling, when I demanded my money wandixelela nge depression yakhe *sigh*",No,"Determine whether the individual who made the following statement is at risk of anxiety or depression.
- Answer with either ""Yes"" or ""No"".
Statement:"
how do you actually get yourself out of depression,Yes,"Determine whether the individual who made the following statement is at risk of anxiety or depression.
- Answer with either ""Yes"" or ""No"".
Statement:"
Knowing you have anxiety creates a whole new kind of anxiety😩,Yes,"Determine whether the individual who made the following statement is at risk of anxiety or depression.
- Answer with either ""Yes"" or ""No"".
Statement:"
i went on a walk and my anxiety actually decided to stop uwu,No,"Determine whether the individual who made the following statement is at risk of anxiety or depression.
- Answer with either ""Yes"" or ""No"".
Statement:"
so tired of being depressed this shits making me laugh now,Yes,"Determine whether the individual who made the following statement is at risk of anxiety or depression.
- Answer with either ""Yes"" or ""No"".
Statement:"
everything is manageable until a depressive episode and pms hit at the exact same time,No,"Determine whether the individual who made the following statement is at risk of anxiety or depression.
- Answer with either ""Yes"" or ""No"".
Statement:"
the mental health descriptions gave me anxiety I don't even have OCD,Yes,"Determine whether the individual who made the following statement is at risk of anxiety or depression.
- Answer with either ""Yes"" or ""No"".
Statement:"
i was ridiculously anxious during that part 💀,No,"Determine whether the individual who made the following statement is at risk of anxiety or depression.
- Answer with either ""Yes"" or ""No"".
Statement:"
depression at its finest,Yes,"Determine whether the individual who made the following statement is at risk of anxiety or depression.
- Answer with either ""Yes"" or ""No"".
Statement:"
Challenge negative thinking. Let's end #depression together,No,"Determine whether the individual who made the following statement is at risk of anxiety or depression.
- Answer with either ""Yes"" or ""No"".
Statement:"
Julia's EP out tomorrow omg i cant wait to hear Selena's part on anxiety . Ma bby is back w a new song,No,"Determine whether the individual who made the following statement is at risk of anxiety or depression.
- Answer with either ""Yes"" or ""No"".
Statement:"
summertime depression really do be hittin bout now,Yes,"Determine whether the individual who made the following statement is at risk of anxiety or depression.
- Answer with either ""Yes"" or ""No"".
Statement:"
Waah indomaret muter video klip Hello Anxiety-nya Phum Viphurit!!🕺🕺🕺,No,"Determine whether the individual who made the following statement is at risk of anxiety or depression.
- Answer with either ""Yes"" or ""No"".
Statement:"
Candle feels depress and isolated she hid in a cave.,No,"Determine whether the individual who made the following statement is at risk of anxiety or depression.
- Answer with either ""Yes"" or ""No"".
Statement:"
When you wanna have big dick energy but you have social anxiety it's called soft dick energy. @user,Yes,"Determine whether the individual who made the following statement is at risk of anxiety or depression.
- Answer with either ""Yes"" or ""No"".
Statement:"
@user I'll be your depression medicine,No,"Determine whether the individual who made the following statement is at risk of anxiety or depression.
- Answer with either ""Yes"" or ""No"".
Statement:"
"hello, depression is kicking my ass.",Yes,"Determine whether the individual who made the following statement is at risk of anxiety or depression.
- Answer with either ""Yes"" or ""No"".
Statement:"
@user I kinda wish I was my true self. I wouldn't be depressed.,Yes,"Determine whether the individual who made the following statement is at risk of anxiety or depression.
- Answer with either ""Yes"" or ""No"".
Statement:"
Loosing everything little by little ... breaking down day after day .. sleeping thru my depression everyday.. when will it end,Yes,"Determine whether the individual who made the following statement is at risk of anxiety or depression.
- Answer with either ""Yes"" or ""No"".
Statement:"
New uniforms and now apparently a whole new roster. #Indians #Depressing,No,"Determine whether the individual who made the following statement is at risk of anxiety or depression.
- Answer with either ""Yes"" or ""No"".
Statement:"
me: needs attention also me: gets incredibly anxious when people look at me,Yes,"Determine whether the individual who made the following statement is at risk of anxiety or depression.
- Answer with either ""Yes"" or ""No"".
Statement:"
"@user You nailed it. Actually, I did notice! And that made me supremely more anxious.",No,"Determine whether the individual who made the following statement is at risk of anxiety or depression.
- Answer with either ""Yes"" or ""No"".
Statement:"
ME ENAMORE DE ANXIETY DIOOOOOOOS,No,"Determine whether the individual who made the following statement is at risk of anxiety or depression.
- Answer with either ""Yes"" or ""No"".
Statement:"
I've been having anxiety attacks ALL NIGHT. Send help.,Yes,"Determine whether the individual who made the following statement is at risk of anxiety or depression.
- Answer with either ""Yes"" or ""No"".
Statement:"
Bitch idc u depressed I jus want the pussy,No,"Determine whether the individual who made the following statement is at risk of anxiety or depression.
- Answer with either ""Yes"" or ""No"".
Statement:"
so READY to have my bmc support system back and not go thru anxiety alone,Yes,"Determine whether the individual who made the following statement is at risk of anxiety or depression.
- Answer with either ""Yes"" or ""No"".
Statement:"
depression is dampening my creativity instead of fueling it... i was lied to many times,Yes,"Determine whether the individual who made the following statement is at risk of anxiety or depression.
- Answer with either ""Yes"" or ""No"".
Statement:"
Twitter can be so useful yet so depressing. Sometimes you just need a bit of this,No,"Determine whether the individual who made the following statement is at risk of anxiety or depression.
- Answer with either ""Yes"" or ""No"".
Statement:"
Anxiety attacks are no joke..,Yes,"Determine whether the individual who made the following statement is at risk of anxiety or depression.
- Answer with either ""Yes"" or ""No"".
Statement:"
my anxiety and anger issues have calmed down a bit but now I feel depressed haaaaaaaaa,Yes,"Determine whether the individual who made the following statement is at risk of anxiety or depression.
- Answer with either ""Yes"" or ""No"".
Statement:"
"Somehow, in the last two days, the universe has opened my eyes as to where a lot of my insecurities and anxieties come from.",Yes,"Determine whether the individual who made the following statement is at risk of anxiety or depression.
- Answer with either ""Yes"" or ""No"".
Statement:"
another anxiety filled day ugh,Yes,"Determine whether the individual who made the following statement is at risk of anxiety or depression.
- Answer with either ""Yes"" or ""No"".
Statement:"
"If you've ever been depressed, shout out to you for making it this far 🖤",No,"Determine whether the individual who made the following statement is at risk of anxiety or depression.
- Answer with either ""Yes"" or ""No"".
Statement:"
Ahhh I'm finally feeling like myself again 😩👏🏾👏🏾 depression you bitch you almost got me 😂,Yes,"Determine whether the individual who made the following statement is at risk of anxiety or depression.
- Answer with either ""Yes"" or ""No"".
Statement:"
crazy how outkast cured my depression,No,"Determine whether the individual who made the following statement is at risk of anxiety or depression.
- Answer with either ""Yes"" or ""No"".
Statement:"
Fun Fact: Anxiety can open up existentialism,No,"Determine whether the individual who made the following statement is at risk of anxiety or depression.
- Answer with either ""Yes"" or ""No"".
Statement:"
take care of ur mental health — the really depressed girl,Yes,"Determine whether the individual who made the following statement is at risk of anxiety or depression.
- Answer with either ""Yes"" or ""No"".
Statement:"
My anxiety is on EDGE,Yes,"Determine whether the individual who made the following statement is at risk of anxiety or depression.
- Answer with either ""Yes"" or ""No"".
Statement:"
"@user @user @user himself, to be exceedinglyanxious",No,"Determine whether the individual who made the following statement is at risk of anxiety or depression.
- Answer with either ""Yes"" or ""No"".
Statement:"
@user @user I'm actually findnig place to escape from proff depression here on twitter 🤣 meme war would be perfect. 😍,No,"Determine whether the individual who made the following statement is at risk of anxiety or depression.
- Answer with either ""Yes"" or ""No"".
Statement:"
Today has been pretty shit but  I did wash my sheets so at least I can be depressed in a nice clean bed!,No,"Determine whether the individual who made the following statement is at risk of anxiety or depression.
- Answer with either ""Yes"" or ""No"".
Statement:"
i feel so depressed bc of these last two days i dont know how to even be happy anymore :/,Yes,"Determine whether the individual who made the following statement is at risk of anxiety or depression.
- Answer with either ""Yes"" or ""No"".
Statement:"
@user Perfect way to cheer me up on this depressing day!,No,"Determine whether the individual who made the following statement is at risk of anxiety or depression.
- Answer with either ""Yes"" or ""No"".
Statement:"
"anyways, my last year of college starts today whew anxiety!",No,"Determine whether the individual who made the following statement is at risk of anxiety or depression.
- Answer with either ""Yes"" or ""No"".
Statement:"
"I deal with Anxiety, but you're not gonna see me walking around with a sweatshirt showcasing and praises my issues...",Yes,"Determine whether the individual who made the following statement is at risk of anxiety or depression.
- Answer with either ""Yes"" or ""No"".
Statement:"
Nothing makes me more anxious than trying to catch my shopping when it's coming off the till at hyperspeed in #Aldi,No,"Determine whether the individual who made the following statement is at risk of anxiety or depression.
- Answer with either ""Yes"" or ""No"".
Statement:"
Have people started getting emails from axs and ticketmaster uk yet? Asking for my anxiety.,Yes,"Determine whether the individual who made the following statement is at risk of anxiety or depression.
- Answer with either ""Yes"" or ""No"".
Statement:"
#WATCRY is @user depressed or something?,No,"Determine whether the individual who made the following statement is at risk of anxiety or depression.
- Answer with either ""Yes"" or ""No"".
Statement:"
I'm really depressed today so I'm gonna do this tomorrow. Sorry,Yes,"Determine whether the individual who made the following statement is at risk of anxiety or depression.
- Answer with either ""Yes"" or ""No"".
Statement:"
@user benzo withdrawals I'm depressed af but fuck a bar I got enough bad luck,Yes,"Determine whether the individual who made the following statement is at risk of anxiety or depression.
- Answer with either ""Yes"" or ""No"".
Statement:"
the closer to summer means the closer to a new rick and morty season but also the seasonal depression that comes with it,Yes,"Determine whether the individual who made the following statement is at risk of anxiety or depression.
- Answer with either ""Yes"" or ""No"".
Statement:"
@user I'm ok now had a rough night with my anxiety which leads to stomache pain I'm ok 🙂 &lt;3,Yes,"Determine whether the individual who made the following statement is at risk of anxiety or depression.
- Answer with either ""Yes"" or ""No"".
Statement:"
@user Arlington being spelt wrong in your name gives me anxiety,No,"Determine whether the individual who made the following statement is at risk of anxiety or depression.
- Answer with either ""Yes"" or ""No"".
Statement:"
I will overcome my depression &amp; anxiety...fucking WATCH me.,Yes,"Determine whether the individual who made the following statement is at risk of anxiety or depression.
- Answer with either ""Yes"" or ""No"".
Statement:"
I still love how much after laughter has helped me with my anxiety and depression god I love paramore so much,Yes,"Determine whether the individual who made the following statement is at risk of anxiety or depression.
- Answer with either ""Yes"" or ""No"".
Statement:"
"They give me anxiety, I work with my hands all day so having nails really disables me",Yes,"Determine whether the individual who made the following statement is at risk of anxiety or depression.
- Answer with either ""Yes"" or ""No"".
Statement:"
"I need love, I'm depressed, I'm a fool, I'm a mess",Yes,"Determine whether the individual who made the following statement is at risk of anxiety or depression.
- Answer with either ""Yes"" or ""No"".
Statement:"
Tis the season for depression,Yes,"Determine whether the individual who made the following statement is at risk of anxiety or depression.
- Answer with either ""Yes"" or ""No"".
Statement:"
does anyone else get an extreme anxiety spike when they hear the siren from the silent hill movie?,No,"Determine whether the individual who made the following statement is at risk of anxiety or depression.
- Answer with either ""Yes"" or ""No"".
Statement:"
@user Me talking to my antidepressants,Yes,"Determine whether the individual who made the following statement is at risk of anxiety or depression.
- Answer with either ""Yes"" or ""No"".
Statement:"
my summer depression returns 🤣🤣🤣,Yes,"Determine whether the individual who made the following statement is at risk of anxiety or depression.
- Answer with either ""Yes"" or ""No"".
Statement:"
@user @user Practically every synagogue near me has a security detail. It's so depressing,No,"Determine whether the individual who made the following statement is at risk of anxiety or depression.
- Answer with either ""Yes"" or ""No"".
Statement:"
@user So anxious ab thissss,No,"Determine whether the individual who made the following statement is at risk of anxiety or depression.
- Answer with either ""Yes"" or ""No"".
Statement:"
this is the pdx depression,Yes,"Determine whether the individual who made the following statement is at risk of anxiety or depression.
- Answer with either ""Yes"" or ""No"".
Statement:"
@user cant fucking wait its pretty damn depressing to live with mom at 21,No,"Determine whether the individual who made the following statement is at risk of anxiety or depression.
- Answer with either ""Yes"" or ""No"".
Statement:"
